"Accession","chrm","region","locus_tag","gene","start_end_strand","excluded_from_cluster","cluster"
"NRRL3249","3249_Z1_len4762658",1,"3249_Z1__g000684--FGSG_05333..FSPOR_3567","3249_Z1__g000684--FGSG_05333..FSPOR_3567","4146..4878","no","3249_Z1_len4762658.region001"
"NRRL3249","3249_Z1_len4762658",1,"3249_Z1__g000685--FGSG_05334..FSPOR_3568","3249_Z1__g000685--FGSG_05334..FSPOR_3568","5473..7256","no","3249_Z1_len4762658.region001"
"NRRL3249","3249_Z1_len4762658",1,"3249_Z1__g000686--FGSG_05335..FSPOR_3569","3249_Z1__g000686--FGSG_05335..FSPOR_3569","complement(7277..8498)","no","3249_Z1_len4762658.region001"
"NRRL3249","3249_Z1_len4762658",1,"MAK5","3249_Z1__g000687--FGSG_05336..FSPOR_3570","complement(9281..11677)","no","3249_Z1_len4762658.region001"
"NRRL3249","3249_Z1_len4762658",1,"MLP1","3249_Z1__g000688--FGSG_05337..FSPOR_3571","complement(12367..18623)","no","3249_Z1_len4762658.region001"
"NRRL3249","3249_Z1_len4762658",1,"3249_Z1__g000689--FGSG_01680..FSPOR_3572","3249_Z1__g000689--FGSG_01680..FSPOR_3572","complement(20001..25053)","no","3249_Z1_len4762658.region001"
"NRRL3249","3249_Z1_len4762658",1,"3249_Z1__g000690--FGSG_01681..FSPOR_3573","3249_Z1__g000690--FGSG_01681..FSPOR_3573","25799..27836","no","3249_Z1_len4762658.region001"
"NRRL3249","3249_Z1_len4762658",1,"3249_Z1__g000691--FGSG_11984..FSPOR_3574","3249_Z1__g000691--FGSG_11984..FSPOR_3574","complement(27926..30704)","no","3249_Z1_len4762658.region001"
"NRRL3249","3249_Z1_len4762658",1,"3249_Z1__g000692--FGSG_11986..FSPOR_3576","3249_Z1__g000692--FGSG_11986..FSPOR_3576","complement(31512..33131)","no","3249_Z1_len4762658.region001"
"NRRL3249","3249_Z1_len4762658",1,"3249_Z1__g000693--FGSG_11987..FSPOR_3577","3249_Z1__g000693--FGSG_11987..FSPOR_3577","complement(34378..36166)","no","3249_Z1_len4762658.region001"
"NRRL3249","3249_Z1_len4762658",1,"3249_Z1__g000694","3249_Z1__g000694","37129..41208","no","3249_Z1_len4762658.region001"
"NRRL3249","3249_Z1_len4762658",1,"3249_Z1__g000695--FGSG_11988..FSPOR_3578","3249_Z1__g000695--FGSG_11988..FSPOR_3578","41721..46594","no","3249_Z1_len4762658.region001"
"NRRL3249","3249_Z1_len4762658",1,"3249_Z1__g000696--FGSG_05339..FSPOR_3580","3249_Z1__g000696--FGSG_05339..FSPOR_3580","complement(51252..51974)","no","3249_Z1_len4762658.region001"
"NRRL3249","3249_Z1_len4762658",1,"3249_Z1__g000697--FGSG_05340..FSPOR_382","3249_Z1__g000697--FGSG_05340..FSPOR_382","58362..60044","no","3249_Z1_len4762658.region001"
"NRRL3249","3249_Z1_len4762658",1,"3249_Z1__g000698--FGSG_05341..FSPOR_381","3249_Z1__g000698--FGSG_05341..FSPOR_381","complement(60690..61259)","no","3249_Z1_len4762658.region001"
"NRRL3249","3249_Z1_len4762658",1,"3249_Z1__g000699--FGSG_05342..FSPOR_380","3249_Z1__g000699--FGSG_05342..FSPOR_380","63584..64662","no","3249_Z1_len4762658.region001"
"NRRL3249","3249_Z1_len4762658",1,"3249_Z1__g000700--FGSG_05343..FSPOR_379","3249_Z1__g000700--FGSG_05343..FSPOR_379","complement(65000..66277)","no","3249_Z1_len4762658.region001"
"NRRL3249","3249_Z1_len4762658",2,"BYE1","3249_Z1__g000717--FGSG_05364..FSPOR_363","complement(1160..3831)","no","3249_Z1_len4762658.region002"
"NRRL3249","3249_Z1_len4762658",2,"PRE9","3249_Z1__g000718--FGSG_05365..FSPOR_362","5077..6026","no","3249_Z1_len4762658.region002"
"NRRL3249","3249_Z1_len4762658",2,"3249_Z1__g000719--FGSG_05366..FSPOR_361","3249_Z1__g000719--FGSG_05366..FSPOR_361","complement(6275..7328)","no","3249_Z1_len4762658.region002"
"NRRL3249","3249_Z1_len4762658",2,"3249_Z1__g000720--FGSG_05367..FSPOR_360","3249_Z1__g000720--FGSG_05367..FSPOR_360","8284..9996","no","3249_Z1_len4762658.region002"
"NRRL3249","3249_Z1_len4762658",2,"3249_Z1__g000721--FGSG_05368..FSPOR_359","3249_Z1__g000721--FGSG_05368..FSPOR_359","complement(10102..11892)","no","3249_Z1_len4762658.region002"
"NRRL3249","3249_Z1_len4762658",2,"3249_Z1__g000722--FGSG_05369..FSPOR_358","3249_Z1__g000722--FGSG_05369..FSPOR_358","complement(14118..14822)","no","3249_Z1_len4762658.region002"
"NRRL3249","3249_Z1_len4762658",2,"3249_Z1__g000723--FGSG_05370..FSPOR_357","3249_Z1__g000723--FGSG_05370..FSPOR_357","complement(15356..18209)","no","3249_Z1_len4762658.region002"
"NRRL3249","3249_Z1_len4762658",2,"SID1","3249_Z1__g000724--FGSG_05371..FSPOR_356","complement(20001..21726)","no","3249_Z1_len4762658.region002"
"NRRL3249","3249_Z1_len4762658",2,"NPS2","3249_Z1__g000725--FGSG_05372..FSPOR_355","29409..44043","no","3249_Z1_len4762658.region002"
"NRRL3249","3249_Z1_len4762658",2,"3249_Z1__g000726--FGSG_05373..FSPOR_354","3249_Z1__g000726--FGSG_05373..FSPOR_354","complement(44360..46873)","no","3249_Z1_len4762658.region002"
"NRRL3249","3249_Z1_len4762658",2,"3249_Z1__g000727--FGSG_05374..FSPOR_353","3249_Z1__g000727--FGSG_05374..FSPOR_353","complement(48308..49939)","no","3249_Z1_len4762658.region002"
"NRRL3249","3249_Z1_len4762658",2,"3249_Z1__g000728--FGSG_05375..FSPOR_352","3249_Z1__g000728--FGSG_05375..FSPOR_352","52829..54358","no","3249_Z1_len4762658.region002"
"NRRL3249","3249_Z1_len4762658",2,"TFC4","3249_Z1__g000729--FGSG_05376..FSPOR_351","complement(54807..57924)","no","3249_Z1_len4762658.region002"
"NRRL3249","3249_Z1_len4762658",2,"VTS1","3249_Z1__g000730--FGSG_05377..FSPOR_350","complement(58688..60644)","no","3249_Z1_len4762658.region002"
"NRRL3249","3249_Z1_len4762658",2,"rpl29","3249_Z1__g000731","complement(62016..62392)","no","3249_Z1_len4762658.region002"
"NRRL3249","3249_Z1_len4762658",3,"3249_Z1__g001156--FGSG_12813..FSPOR_5052","3249_Z1__g001156--FGSG_12813..FSPOR_5052","complement(2694..5170)","no","3249_Z1_len4762658.region003"
"NRRL3249","3249_Z1_len4762658",3,"3249_Z1__g001157--FGSG_12814..FSPOR_5051","3249_Z1__g001157--FGSG_12814..FSPOR_5051","complement(5712..7397)","no","3249_Z1_len4762658.region003"
"NRRL3249","3249_Z1_len4762658",3,"3249_Z1__g001158--FGSG_05790..FSPOR_5048","3249_Z1__g001158--FGSG_05790..FSPOR_5048","12543..13271","no","3249_Z1_len4762658.region003"
"NRRL3249","3249_Z1_len4762658",3,"3249_Z1__g001159--FGSG_05791..FSPOR_5047","3249_Z1__g001159--FGSG_05791..FSPOR_5047","14037..15541","no","3249_Z1_len4762658.region003"
"NRRL3249","3249_Z1_len4762658",3,"3249_Z1__g001160--FGSG_05792..FSPOR_5046","3249_Z1__g001160--FGSG_05792..FSPOR_5046","complement(15730..17075)","no","3249_Z1_len4762658.region003"
"NRRL3249","3249_Z1_len4762658",3,"3249_Z1__g001161--FGSG_05793..FSPOR_5045","3249_Z1__g001161--FGSG_05793..FSPOR_5045","19206..19774","no","3249_Z1_len4762658.region003"
"NRRL3249","3249_Z1_len4762658",3,"3249_Z1__g001162--FGSG_05794..FSPOR_5044","3249_Z1__g001162--FGSG_05794..FSPOR_5044","complement(20001..30044)","no","3249_Z1_len4762658.region003"
"NRRL3249","3249_Z1_len4762658",3,"3249_Z1__g001163--FGSG_05795..FSPOR_5043","3249_Z1__g001163--FGSG_05795..FSPOR_5043","complement(30682..32241)","no","3249_Z1_len4762658.region003"
"NRRL3249","3249_Z1_len4762658",3,"3249_Z1__g001164--FGSG_05796..FSPOR_5042","3249_Z1__g001164--FGSG_05796..FSPOR_5042","complement(32662..33819)","no","3249_Z1_len4762658.region003"
"NRRL3249","3249_Z1_len4762658",3,"3249_Z1__g001165--FGSG_05797..FSPOR_5041","3249_Z1__g001165--FGSG_05797..FSPOR_5041","36199..38049","no","3249_Z1_len4762658.region003"
"NRRL3249","3249_Z1_len4762658",3,"3249_Z1__g001166--FGSG_05798..FSPOR_5040","3249_Z1__g001166--FGSG_05798..FSPOR_5040","complement(38455..40068)","no","3249_Z1_len4762658.region003"
"NRRL3249","3249_Z1_len4762658",3,"3249_Z1__g001167","3249_Z1__g001167","complement(40912..41223)","no","3249_Z1_len4762658.region003"
"NRRL3249","3249_Z1_len4762658",3,"3249_Z1__g001168--FGSG_05799..FSPOR_5039","3249_Z1__g001168--FGSG_05799..FSPOR_5039","complement(42138..42957)","no","3249_Z1_len4762658.region003"
"NRRL3249","3249_Z1_len4762658",3,"3249_Z1__g001169--FGSG_05800..FSPOR_5038","3249_Z1__g001169--FGSG_05800..FSPOR_5038","complement(43400..45799)","no","3249_Z1_len4762658.region003"
"NRRL3249","3249_Z1_len4762658",3,"3249_Z1__g001170--FGSG_05801..FSPOR_5037","3249_Z1__g001170--FGSG_05801..FSPOR_5037","46463..48107","no","3249_Z1_len4762658.region003"
"NRRL3249","3249_Z1_len4762658",4,"GAS4","3249_Z1__g001405--FGSG_06037..FSPOR_9250","4304..5820","no","3249_Z1_len4762658.region004"
"NRRL3249","3249_Z1_len4762658",4,"3249_Z1__g001406--FGSG_06038..FSPOR_9249","3249_Z1__g001406--FGSG_06038..FSPOR_9249","complement(6206..6592)","no","3249_Z1_len4762658.region004"
"NRRL3249","3249_Z1_len4762658",4,"acl2_1","3249_Z1__g001407--FGSG_06039..FSPOR_9248","complement(7993..9830)","no","3249_Z1_len4762658.region004"
"NRRL3249","3249_Z1_len4762658",4,"acl1","3249_Z1__g001408--FGSG_12857..FSPOR_9247","13324..15349","no","3249_Z1_len4762658.region004"
"NRRL3249","3249_Z1_len4762658",4,"MRPL33","3249_Z1__g001409--FGSG_12858..FSPOR_9246","16248..16511","no","3249_Z1_len4762658.region004"
"NRRL3249","3249_Z1_len4762658",4,"EAF3_1","3249_Z1__g001410--FGSG_14036..FSPOR_9245","complement(16976..18098)","no","3249_Z1_len4762658.region004"
"NRRL3249","3249_Z1_len4762658",4,"EAF3_2","3249_Z1__g001411","complement(18564..19087)","no","3249_Z1_len4762658.region004"
"NRRL3249","3249_Z1_len4762658",4,"LYS2","3249_Z1__g001412--FGSG_06041..FSPOR_9244","20001..23821","no","3249_Z1_len4762658.region004"
"NRRL3249","3249_Z1_len4762658",4,"3249_Z1__g001413--FGSG_06042..FSPOR_9243","3249_Z1__g001413--FGSG_06042..FSPOR_9243","24315..24929","no","3249_Z1_len4762658.region004"
"NRRL3249","3249_Z1_len4762658",4,"3249_Z1__g001414--FGSG_06043..FSPOR_9242","3249_Z1__g001414--FGSG_06043..FSPOR_9242","complement(25102..26020)","no","3249_Z1_len4762658.region004"
"NRRL3249","3249_Z1_len4762658",4,"TAF12","3249_Z1__g001415--FGSG_06044..FSPOR_9241","27104..29243","no","3249_Z1_len4762658.region004"
"NRRL3249","3249_Z1_len4762658",4,"RPN3","3249_Z1__g001416--FGSG_06045..FSPOR_9240","30295..32149","no","3249_Z1_len4762658.region004"
"NRRL3249","3249_Z1_len4762658",4,"3249_Z1__g001417","3249_Z1__g001417","32726..32830","yes","3249_Z1_len4762658.region004"
"NRRL3249","3249_Z1_len4762658",4,"3249_Z1__g001418","3249_Z1__g001418","32982..33081","yes","3249_Z1_len4762658.region004"
"NRRL3249","3249_Z1_len4762658",4,"3249_Z1__g001419--FGSG_06046..FSPOR_9239","3249_Z1__g001419--FGSG_06046..FSPOR_9239","34166..36211","no","3249_Z1_len4762658.region004"
"NRRL3249","3249_Z1_len4762658",4,"SAS2","3249_Z1__g001420--FGSG_06047..FSPOR_9238","36928..38957","no","3249_Z1_len4762658.region004"
"NRRL3249","3249_Z1_len4762658",4,"3249_Z1__g001421--FGSG_06048..FSPOR_2306","3249_Z1__g001421--FGSG_06048..FSPOR_2306","41876..42499","no","3249_Z1_len4762658.region004"
"NRRL3249","3249_Z10_len1379680",1,"3249_Z10__g008590--FGSG_09383..FSPOR_6270","3249_Z10__g008590--FGSG_09383..FSPOR_6270","complement(1953..2692)","no","3249_Z10_len1379680.region001"
"NRRL3249","3249_Z10_len1379680",1,"3249_Z10__g008591--FGSG_09382..FSPOR_6271","3249_Z10__g008591--FGSG_09382..FSPOR_6271","7391..8891","no","3249_Z10_len1379680.region001"
"NRRL3249","3249_Z10_len1379680",1,"ERG9","3249_Z10__g008592--FGSG_09381..FSPOR_6272","complement(10001..11546)","no","3249_Z10_len1379680.region001"
"NRRL3249","3249_Z10_len1379680",1,"CAJ1","3249_Z10__g008593--FGSG_09380..FSPOR_6273","13663..15402","no","3249_Z10_len1379680.region001"
"NRRL3249","3249_Z10_len1379680",1,"3249_Z10__g008594--FGSG_09379..FSPOR_6274","3249_Z10__g008594--FGSG_09379..FSPOR_6274","complement(16458..18644)","no","3249_Z10_len1379680.region001"
"NRRL3249","3249_Z10_len1379680",2,"3249_Z10__g008787--FGSG_09191..FSPOR_145","3249_Z10__g008787--FGSG_09191..FSPOR_145","126..739","no","3249_Z10_len1379680.region002"
"NRRL3249","3249_Z10_len1379680",2,"3249_Z10__g008788","3249_Z10__g008788","complement(1109..1768)","no","3249_Z10_len1379680.region002"
"NRRL3249","3249_Z10_len1379680",2,"3249_Z10__g008789","3249_Z10__g008789","complement(2335..3324)","no","3249_Z10_len1379680.region002"
"NRRL3249","3249_Z10_len1379680",2,"3249_Z10__g008790--FGSG_09189..FSPOR_146","3249_Z10__g008790--FGSG_09189..FSPOR_146","complement(3813..5025)","no","3249_Z10_len1379680.region002"
"NRRL3249","3249_Z10_len1379680",2,"3249_Z10__g008791--FGSG_09188..FSPOR_147","3249_Z10__g008791--FGSG_09188..FSPOR_147","6213..7331","no","3249_Z10_len1379680.region002"
"NRRL3249","3249_Z10_len1379680",2,"FSR5","3249_Z10__g008792--FGSG_09187..FSPOR_148","8379..9179","no","3249_Z10_len1379680.region002"
"NRRL3249","3249_Z10_len1379680",2,"3249_Z10__g008793--FGSG_09186..FSPOR_149","3249_Z10__g008793--FGSG_09186..FSPOR_149","9936..11063","no","3249_Z10_len1379680.region002"
"NRRL3249","3249_Z10_len1379680",2,"3249_Z10__g008794--FGSG_09185..FSPOR_150","3249_Z10__g008794--FGSG_09185..FSPOR_150","11453..13209","no","3249_Z10_len1379680.region002"
"NRRL3249","3249_Z10_len1379680",2,"FSR3","3249_Z10__g008795--FGSG_09184..FSPOR_152","16005..17697","no","3249_Z10_len1379680.region002"
"NRRL3249","3249_Z10_len1379680",2,"FSR2","3249_Z10__g008796--FGSG_09183..FSPOR_153","complement(18117..19344)","no","3249_Z10_len1379680.region002"
"NRRL3249","3249_Z10_len1379680",2,"FSR1","3249_Z10__g008797--FGSG_09182..FSPOR_154","20001..27140","no","3249_Z10_len1379680.region002"
"NRRL3249","3249_Z10_len1379680",2,"3249_Z10__g008798--FGSG_09181..FSPOR_155","3249_Z10__g008798--FGSG_09181..FSPOR_155","complement(27509..29185)","no","3249_Z10_len1379680.region002"
"NRRL3249","3249_Z10_len1379680",2,"3249_Z10__g008799--FGSG_09180..FSPOR_156","3249_Z10__g008799--FGSG_09180..FSPOR_156","complement(29739..31660)","no","3249_Z10_len1379680.region002"
"NRRL3249","3249_Z10_len1379680",2,"3249_Z10__g008800--FGSG_09179..FSPOR_157","3249_Z10__g008800--FGSG_09179..FSPOR_157","complement(32286..32846)","no","3249_Z10_len1379680.region002"
"NRRL3249","3249_Z10_len1379680",2,"3249_Z10__g008801--FGSG_09178..FSPOR_158","3249_Z10__g008801--FGSG_09178..FSPOR_158","complement(33646..36161)","no","3249_Z10_len1379680.region002"
"NRRL3249","3249_Z10_len1379680",2,"3249_Z10__g008802--FGSG_13525..FSPOR_160","3249_Z10__g008802--FGSG_13525..FSPOR_160","complement(39581..41028)","no","3249_Z10_len1379680.region002"
"NRRL3249","3249_Z10_len1379680",2,"3249_Z10__g008803--FSPOR_161","3249_Z10__g008803--FSPOR_161","42578..44292","no","3249_Z10_len1379680.region002"
"NRRL3249","3249_Z10_len1379680",2,"3249_Z10__g008804--FGSG_09169..FSPOR_162","3249_Z10__g008804--FGSG_09169..FSPOR_162","44655..45796","no","3249_Z10_len1379680.region002"
"NRRL3249","3249_Z10_len1379680",2,"3249_Z10__g008805","3249_Z10__g008805","complement(46320..46401)","yes","3249_Z10_len1379680.region002"
"NRRL3249","3249_Z11_len1352086",1,"3249_Z11__g009037","3249_Z11__g009037","complement(6414..14141)","no","3249_Z11_len1352086.region001"
"NRRL3249","3249_Z11_len1352086",1,"3249_Z11__g009038","3249_Z11__g009038","complement(15361..16371)","no","3249_Z11_len1352086.region001"
"NRRL3249","3249_Z11_len1352086",1,"3249_Z11__g009039","3249_Z11__g009039","17422..18228","no","3249_Z11_len1352086.region001"
"NRRL3249","3249_Z11_len1352086",1,"3249_Z11__g009040","3249_Z11__g009040","complement(18325..19444)","no","3249_Z11_len1352086.region001"
"NRRL3249","3249_Z11_len1352086",1,"3249_Z11__g009041","3249_Z11__g009041","20042..21763","no","3249_Z11_len1352086.region001"
"NRRL3249","3249_Z11_len1352086",1,"3249_Z11__g009042","3249_Z11__g009042","complement(22618..23139)","no","3249_Z11_len1352086.region001"
"NRRL3249","3249_Z11_len1352086",1,"3249_Z11__g009043","3249_Z11__g009043","complement(23386..27583)","no","3249_Z11_len1352086.region001"
"NRRL3249","3249_Z11_len1352086",1,"3249_Z11__g009044","3249_Z11__g009044","28915..29760","no","3249_Z11_len1352086.region001"
"NRRL3249","3249_Z11_len1352086",1,"3249_Z11__g009045","3249_Z11__g009045","complement(29790..30554)","no","3249_Z11_len1352086.region001"
"NRRL3249","3249_Z11_len1352086",1,"3249_Z11__g009046","3249_Z11__g009046","31443..71755","no","3249_Z11_len1352086.region001"
"NRRL3249","3249_Z11_len1352086",1,"3249_Z11__g009047","3249_Z11__g009047","complement(74163..75518)","no","3249_Z11_len1352086.region001"
"NRRL3249","3249_Z11_len1352086",1,"3249_Z11__g009048","3249_Z11__g009048","76325..77587","no","3249_Z11_len1352086.region001"
"NRRL3249","3249_Z11_len1352086",1,"3249_Z11__g009049--FSPOR_9115","3249_Z11__g009049--FSPOR_9115","78705..82205","no","3249_Z11_len1352086.region001"
"NRRL3249","3249_Z11_len1352086",1,"3249_Z11__g009050","3249_Z11__g009050","complement(83656..84300)","no","3249_Z11_len1352086.region001"
"NRRL3249","3249_Z11_len1352086",2,"3249_Z11__g009267","3249_Z11__g009267","471..1428","no","3249_Z11_len1352086.region002"
"NRRL3249","3249_Z11_len1352086",2,"3249_Z11__g009268--FGSG_08172..FSPOR_4190","3249_Z11__g009268--FGSG_08172..FSPOR_4190","3782..4238","no","3249_Z11_len1352086.region002"
"NRRL3249","3249_Z11_len1352086",2,"3249_Z11__g009269--FGSG_08173..FSPOR_4191","3249_Z11__g009269--FGSG_08173..FSPOR_4191","5086..6931","no","3249_Z11_len1352086.region002"
"NRRL3249","3249_Z11_len1352086",2,"3249_Z11__g009270--FGSG_08174..FSPOR_4192","3249_Z11__g009270--FGSG_08174..FSPOR_4192","complement(7558..8592)","no","3249_Z11_len1352086.region002"
"NRRL3249","3249_Z11_len1352086",2,"3249_Z11__g009271--FSPOR_6044","3249_Z11__g009271--FSPOR_6044","complement(9631..11312)","no","3249_Z11_len1352086.region002"
"NRRL3249","3249_Z11_len1352086",2,"3249_Z11__g009272--FGSG_08175..FSPOR_6045","3249_Z11__g009272--FGSG_08175..FSPOR_6045","14208..15701","no","3249_Z11_len1352086.region002"
"NRRL3249","3249_Z11_len1352086",2,"3249_Z11__g009273","3249_Z11__g009273","16091..16507","no","3249_Z11_len1352086.region002"
"NRRL3249","3249_Z11_len1352086",2,"3249_Z11__g009274--FGSG_08181..FSPOR_6046","3249_Z11__g009274--FGSG_08181..FSPOR_6046","complement(16798..18062)","no","3249_Z11_len1352086.region002"
"NRRL3249","3249_Z11_len1352086",2,"3249_Z11__g009275--FGSG_08182..FSPOR_6047","3249_Z11__g009275--FGSG_08182..FSPOR_6047","19286..21067","no","3249_Z11_len1352086.region002"
"NRRL3249","3249_Z11_len1352086",2,"3249_Z11__g009276--FGSG_08183..FSPOR_6048","3249_Z11__g009276--FGSG_08183..FSPOR_6048","21950..23912","no","3249_Z11_len1352086.region002"
"NRRL3249","3249_Z11_len1352086",2,"3249_Z11__g009277--FGSG_08184..FSPOR_6049","3249_Z11__g009277--FGSG_08184..FSPOR_6049","25001..29162","no","3249_Z11_len1352086.region002"
"NRRL3249","3249_Z11_len1352086",2,"3249_Z11__g009278--FGSG_08185..FSPOR_6050","3249_Z11__g009278--FGSG_08185..FSPOR_6050","30134..31595","no","3249_Z11_len1352086.region002"
"NRRL3249","3249_Z11_len1352086",2,"3249_Z11__g009279--FGSG_08186..FSPOR_6051","3249_Z11__g009279--FGSG_08186..FSPOR_6051","complement(32285..34169)","no","3249_Z11_len1352086.region002"
"NRRL3249","3249_Z11_len1352086",2,"3249_Z11__g009280--FGSG_08187..FSPOR_6052","3249_Z11__g009280--FGSG_08187..FSPOR_6052","complement(35127..36922)","no","3249_Z11_len1352086.region002"
"NRRL3249","3249_Z11_len1352086",2,"CCC2_2","3249_Z11__g009281--FGSG_08188..FSPOR_6053","38027..41376","no","3249_Z11_len1352086.region002"
"NRRL3249","3249_Z11_len1352086",2,"3249_Z11__g009282--FGSG_13428..FSPOR_6054","3249_Z11__g009282--FGSG_13428..FSPOR_6054","44575..46014","no","3249_Z11_len1352086.region002"
"NRRL3249","3249_Z11_len1352086",2,"3249_Z11__g009283--FSPOR_6055","3249_Z11__g009283--FSPOR_6055","complement(46447..47288)","no","3249_Z11_len1352086.region002"
"NRRL3249","3249_Z11_len1352086",2,"3249_Z11__g009284--FGSG_08190..FSPOR_6056","3249_Z11__g009284--FGSG_08190..FSPOR_6056","complement(49815..50808)","no","3249_Z11_len1352086.region002"
"NRRL3249","3249_Z11_len1352086",2,"3249_Z11__g009285","3249_Z11__g009285","52662..53096","no","3249_Z11_len1352086.region002"
"NRRL3249","3249_Z11_len1352086",2,"3249_Z11__g009286--FGSG_08192..FSPOR_6058","3249_Z11__g009286--FGSG_08192..FSPOR_6058","complement(53179..54289)","no","3249_Z11_len1352086.region002"
"NRRL3249","3249_Z11_len1352086",3,"3249_Z11__g009291","3249_Z11__g009291","1943..3127","no","3249_Z11_len1352086.region003"
"NRRL3249","3249_Z11_len1352086",3,"3249_Z11__g009292","3249_Z11__g009292","3240..4312","no","3249_Z11_len1352086.region003"
"NRRL3249","3249_Z11_len1352086",3,"3249_Z11__g009293","3249_Z11__g009293","4845..6799","no","3249_Z11_len1352086.region003"
"NRRL3249","3249_Z11_len1352086",3,"3249_Z11__g009294--FGSG_08203..FSPOR_6063","3249_Z11__g009294--FGSG_08203..FSPOR_6063","8249..9923","no","3249_Z11_len1352086.region003"
"NRRL3249","3249_Z11_len1352086",3,"3249_Z11__g009295--FGSG_08204..FSPOR_6064","3249_Z11__g009295--FGSG_08204..FSPOR_6064","11701..12932","no","3249_Z11_len1352086.region003"
"NRRL3249","3249_Z11_len1352086",3,"3249_Z11__g009296--FGSG_08205..FSPOR_6065","3249_Z11__g009296--FGSG_08205..FSPOR_6065","complement(13466..15169)","no","3249_Z11_len1352086.region003"
"NRRL3249","3249_Z11_len1352086",3,"3249_Z11__g009297--FGSG_08206..FSPOR_6066","3249_Z11__g009297--FGSG_08206..FSPOR_6066","16446..16824","no","3249_Z11_len1352086.region003"
"NRRL3249","3249_Z11_len1352086",3,"3249_Z11__g009298--FGSG_08207..FSPOR_6067","3249_Z11__g009298--FGSG_08207..FSPOR_6067","complement(17105..18854)","no","3249_Z11_len1352086.region003"
"NRRL3249","3249_Z11_len1352086",3,"PKS6","3249_Z11__g009299--FGSG_08208..FSPOR_6068","complement(20001..27764)","no","3249_Z11_len1352086.region003"
"NRRL3249","3249_Z11_len1352086",3,"NRPS7","3249_Z11__g009300--FGSG_08209..FSPOR_6069","29150..42332","no","3249_Z11_len1352086.region003"
"NRRL3249","3249_Z11_len1352086",3,"3249_Z11__g009301--FGSG_08210..FSPOR_6070","3249_Z11__g009301--FGSG_08210..FSPOR_6070","complement(43077..43627)","no","3249_Z11_len1352086.region003"
"NRRL3249","3249_Z11_len1352086",3,"3249_Z11__g009302--FSPOR_6071","3249_Z11__g009302--FSPOR_6071","complement(46204..47547)","no","3249_Z11_len1352086.region003"
"NRRL3249","3249_Z11_len1352086",3,"3249_Z11__g009303--FGSG_13420..FSPOR_6073","3249_Z11__g009303--FGSG_13420..FSPOR_6073","50886..51492","no","3249_Z11_len1352086.region003"
"NRRL3249","3249_Z11_len1352086",3,"3249_Z11__g009304--FGSG_08220..FSPOR_6074","3249_Z11__g009304--FGSG_08220..FSPOR_6074","complement(51619..52782)","no","3249_Z11_len1352086.region003"
"NRRL3249","3249_Z11_len1352086",3,"3249_Z11__g009305--FSPOR_6075","3249_Z11__g009305--FSPOR_6075","53427..54296","no","3249_Z11_len1352086.region003"
"NRRL3249","3249_Z11_len1352086",3,"3249_Z11__g009306--FGSG_09087..FSPOR_6076","3249_Z11__g009306--FGSG_09087..FSPOR_6076","54765..55202","no","3249_Z11_len1352086.region003"
"NRRL3249","3249_Z11_len1352086",3,"3249_Z11__g009307--FGSG_08221..FSPOR_6077","3249_Z11__g009307--FGSG_08221..FSPOR_6077","complement(55422..57229)","no","3249_Z11_len1352086.region003"
"NRRL3249","3249_Z11_len1352086",3,"3249_Z11__g009308","3249_Z11__g009308","complement(62488..65708)","no","3249_Z11_len1352086.region003"
"NRRL3249","3249_Z11_len1352086",3,"3249_Z11__g009309--FGSG_08224..FSPOR_6080","3249_Z11__g009309--FGSG_08224..FSPOR_6080","66262..66632","no","3249_Z11_len1352086.region003"
"NRRL3249","3249_Z11_len1352086",3,"3249_Z11__g009310--FSPOR_6081","3249_Z11__g009310--FSPOR_6081","complement(70721..71092)","no","3249_Z11_len1352086.region003"
"NRRL3249","3249_Z11_len1352086",3,"3249_Z11__g009311--FGSG_13418..FSPOR_6082","3249_Z11__g009311--FGSG_13418..FSPOR_6082","73169..74881","no","3249_Z11_len1352086.region003"
"NRRL3249","3249_Z11_len1352086",3,"3249_Z11__g009312--FGSG_08227..FSPOR_6083","3249_Z11__g009312--FGSG_08227..FSPOR_6083","complement(75511..77592)","no","3249_Z11_len1352086.region003"
"NRRL3249","3249_Z11_len1352086",3,"3249_Z11__g009313--FGSG_08228..FSPOR_6084","3249_Z11__g009313--FGSG_08228..FSPOR_6084","78465..80178","no","3249_Z11_len1352086.region003"
"NRRL3249","3249_Z11_len1352086",3,"3249_Z11__g009314","3249_Z11__g009314","81638..81912","no","3249_Z11_len1352086.region003"
"NRRL3249","3249_Z11_len1352086",3,"3249_Z11__g009315--FSPOR_6086","3249_Z11__g009315--FSPOR_6086","complement(83428..84284)","no","3249_Z11_len1352086.region003"
"NRRL3249","3249_Z11_len1352086",3,"CTF1_2","3249_Z11__g009316--FSPOR_6087","complement(85160..87130)","no","3249_Z11_len1352086.region003"
"NRRL3249","3249_Z11_len1352086",3,"3249_Z11__g009317","3249_Z11__g009317","complement(88372..89661)","no","3249_Z11_len1352086.region003"
"NRRL3249","3249_Z11_len1352086",3,"3249_Z11__g009318--FGSG_08230..FSPOR_6088","3249_Z11__g009318--FGSG_08230..FSPOR_6088","93034..94779","no","3249_Z11_len1352086.region003"
"NRRL3249","3249_Z11_len1352086",3,"3249_Z11__g009319--FSPOR_6089","3249_Z11__g009319--FSPOR_6089","complement(96134..97360)","no","3249_Z11_len1352086.region003"
"NRRL3249","3249_Z11_len1352086",4,"3249_Z11__g009390--FGSG_08313..FSPOR_10989","3249_Z11__g009390--FGSG_08313..FSPOR_10989","complement(6365..8102)","no","3249_Z11_len1352086.region004"
"NRRL3249","3249_Z11_len1352086",4,"UBC6","3249_Z11__g009391--FGSG_08314..FSPOR_10990","8623..9532","no","3249_Z11_len1352086.region004"
"NRRL3249","3249_Z11_len1352086",4,"3249_Z11__g009392--FGSG_08315..FSPOR_10991","3249_Z11__g009392--FGSG_08315..FSPOR_10991","10710..13313","no","3249_Z11_len1352086.region004"
"NRRL3249","3249_Z11_len1352086",4,"3249_Z11__g009393--FGSG_08316..FSPOR_10992","3249_Z11__g009393--FGSG_08316..FSPOR_10992","14684..16445","no","3249_Z11_len1352086.region004"
"NRRL3249","3249_Z11_len1352086",4,"3249_Z11__g009394--FGSG_08317..FSPOR_10993","3249_Z11__g009394--FGSG_08317..FSPOR_10993","complement(16811..17893)","no","3249_Z11_len1352086.region004"
"NRRL3249","3249_Z11_len1352086",4,"3249_Z11__g009395--FGSG_08318..FSPOR_10994","3249_Z11__g009395--FGSG_08318..FSPOR_10994","18587..19768","no","3249_Z11_len1352086.region004"
"NRRL3249","3249_Z11_len1352086",4,"3249_Z11__g009396--FGSG_13394..FSPOR_10995","3249_Z11__g009396--FGSG_13394..FSPOR_10995","complement(20001..23746)","no","3249_Z11_len1352086.region004"
"NRRL3249","3249_Z11_len1352086",4,"3249_Z11__g009397--FGSG_08320..FSPOR_10996","3249_Z11__g009397--FGSG_08320..FSPOR_10996","26486..28111","no","3249_Z11_len1352086.region004"
"NRRL3249","3249_Z11_len1352086",4,"3249_Z11__g009398--FGSG_08323..FSPOR_10998","3249_Z11__g009398--FGSG_08323..FSPOR_10998","35180..35728","no","3249_Z11_len1352086.region004"
"NRRL3249","3249_Z11_len1352086",4,"3249_Z11__g009399--FGSG_08324..FSPOR_10999","3249_Z11__g009399--FGSG_08324..FSPOR_10999","37154..38167","no","3249_Z11_len1352086.region004"
"NRRL3249","3249_Z12_len1307721",1,"3249_Z12__g009511--FGSG_06468..FSPOR_384","3249_Z12__g009511--FGSG_06468..FSPOR_384","complement(1527..3196)","no","3249_Z12_len1307721.region001"
"NRRL3249","3249_Z12_len1307721",1,"3249_Z12__g009512--FGSG_06466..FSPOR_385","3249_Z12__g009512--FGSG_06466..FSPOR_385","9151..9924","no","3249_Z12_len1307721.region001"
"NRRL3249","3249_Z12_len1307721",1,"3249_Z12__g009513--FGSG_06465..FSPOR_386","3249_Z12__g009513--FGSG_06465..FSPOR_386","complement(10112..11204)","no","3249_Z12_len1307721.region001"
"NRRL3249","3249_Z12_len1307721",1,"3249_Z12__g009514--FGSG_06464..FSPOR_387","3249_Z12__g009514--FGSG_06464..FSPOR_387","15051..16659","no","3249_Z12_len1307721.region001"
"NRRL3249","3249_Z12_len1307721",1,"3249_Z12__g009515--FGSG_06463..FSPOR_388","3249_Z12__g009515--FGSG_06463..FSPOR_388","17537..19575","no","3249_Z12_len1307721.region001"
"NRRL3249","3249_Z12_len1307721",1,"3249_Z12__g009516--FGSG_06462..FSPOR_389","3249_Z12__g009516--FGSG_06462..FSPOR_389","complement(20001..25043)","no","3249_Z12_len1307721.region001"
"NRRL3249","3249_Z12_len1307721",1,"3249_Z12__g009517--FGSG_06480..FSPOR_401","3249_Z12__g009517--FGSG_06480..FSPOR_401","complement(28672..29736)","no","3249_Z12_len1307721.region001"
"NRRL3249","3249_Z12_len1307721",1,"3249_Z12__g009518--FGSG_12927..FSPOR_400","3249_Z12__g009518--FGSG_12927..FSPOR_400","complement(31468..32675)","no","3249_Z12_len1307721.region001"
"NRRL3249","3249_Z12_len1307721",1,"3249_Z12__g009519--FGSG_06482..FSPOR_399","3249_Z12__g009519--FGSG_06482..FSPOR_399","complement(33621..34721)","no","3249_Z12_len1307721.region001"
"NRRL3249","3249_Z12_len1307721",1,"3249_Z12__g009520--FGSG_06483..FSPOR_398","3249_Z12__g009520--FGSG_06483..FSPOR_398","complement(37628..38188)","no","3249_Z12_len1307721.region001"
"NRRL3249","3249_Z12_len1307721",1,"3249_Z12__g009521--FGSG_06484..FSPOR_397","3249_Z12__g009521--FGSG_06484..FSPOR_397","complement(39830..41311)","no","3249_Z12_len1307721.region001"
"NRRL3249","3249_Z12_len1307721",1,"3249_Z12__g009522--FSPOR_396","3249_Z12__g009522--FSPOR_396","42363..43371","no","3249_Z12_len1307721.region001"
"NRRL3249","3249_Z12_len1307721",1,"3249_Z12__g009523--FGSG_11457..FSPOR_395","3249_Z12__g009523--FGSG_11457..FSPOR_395","complement(43825..44210)","no","3249_Z12_len1307721.region001"
"NRRL3249","3249_Z12_len1307721",2,"3249_Z12__g009550--FGSG_06501..FSPOR_3294","3249_Z12__g009550--FGSG_06501..FSPOR_3294","complement(342..1958)","no","3249_Z12_len1307721.region002"
"NRRL3249","3249_Z12_len1307721",2,"rio1","3249_Z12__g009551--FGSG_06502..FSPOR_3293","3810..5538","no","3249_Z12_len1307721.region002"
"NRRL3249","3249_Z12_len1307721",2,"3249_Z12__g009552--FGSG_06503..FSPOR_3292","3249_Z12__g009552--FGSG_06503..FSPOR_3292","complement(6368..9029)","no","3249_Z12_len1307721.region002"
"NRRL3249","3249_Z12_len1307721",2,"3249_Z12__g009553--FGSG_06504..FSPOR_3291","3249_Z12__g009553--FGSG_06504..FSPOR_3291","10170..14383","no","3249_Z12_len1307721.region002"
"NRRL3249","3249_Z12_len1307721",2,"3249_Z12__g009554--FGSG_06505..FSPOR_3290","3249_Z12__g009554--FGSG_06505..FSPOR_3290","complement(14901..15731)","no","3249_Z12_len1307721.region002"
"NRRL3249","3249_Z12_len1307721",2,"3249_Z12__g009555--FGSG_06506..FSPOR_3289","3249_Z12__g009555--FGSG_06506..FSPOR_3289","complement(17136..18068)","no","3249_Z12_len1307721.region002"
"NRRL3249","3249_Z12_len1307721",2,"3249_Z12__g009556--FGSG_06507..FSPOR_3288","3249_Z12__g009556--FGSG_06507..FSPOR_3288","complement(20001..23849)","no","3249_Z12_len1307721.region002"
"NRRL3249","3249_Z12_len1307721",2,"LYP1_1","3249_Z12__g009557--FGSG_06508..FSPOR_3287","complement(27120..28667)","no","3249_Z12_len1307721.region002"
"NRRL3249","3249_Z12_len1307721",2,"PNS1","3249_Z12__g009558--FGSG_06509..FSPOR_3286","33930..35578","no","3249_Z12_len1307721.region002"
"NRRL3249","3249_Z12_len1307721",2,"ATG17","3249_Z12__g009559--FGSG_06510..FSPOR_3285","complement(36105..37725)","no","3249_Z12_len1307721.region002"
"NRRL3249","3249_Z12_len1307721",2,"3249_Z12__g009560--FGSG_06511..FSPOR_3284","3249_Z12__g009560--FGSG_06511..FSPOR_3284","complement(38551..41498)","no","3249_Z12_len1307721.region002"
"NRRL3249","3249_Z12_len1307721",3,"3249_Z12__g009674--FGSG_12950..FSPOR_631","3249_Z12__g009674--FGSG_12950..FSPOR_631","complement(238..1323)","no","3249_Z12_len1307721.region003"
"NRRL3249","3249_Z12_len1307721",3,"BIM1","3249_Z12__g009675--FGSG_06627..FSPOR_632","complement(2752..3795)","no","3249_Z12_len1307721.region003"
"NRRL3249","3249_Z12_len1307721",3,"DRS1","3249_Z12__g009676--FGSG_06628..FSPOR_633","4394..6830","no","3249_Z12_len1307721.region003"
"NRRL3249","3249_Z12_len1307721",3,"3249_Z12__g009677--FGSG_06629..FSPOR_634","3249_Z12__g009677--FGSG_06629..FSPOR_634","complement(7244..7938)","no","3249_Z12_len1307721.region003"
"NRRL3249","3249_Z12_len1307721",3,"LEU4","3249_Z12__g009678--FGSG_12952..FSPOR_635","complement(10001..11956)","no","3249_Z12_len1307721.region003"
"NRRL3249","3249_Z12_len1307721",3,"3249_Z12__g009679--FGSG_06630..FSPOR_636","3249_Z12__g009679--FGSG_06630..FSPOR_636","13611..16031","no","3249_Z12_len1307721.region003"
"NRRL3249","3249_Z12_len1307721",3,"3249_Z12__g009680","3249_Z12__g009680","16218..16299","yes","3249_Z12_len1307721.region003"
"NRRL3249","3249_Z12_len1307721",3,"3249_Z12__g009681--FGSG_06631..FSPOR_637","3249_Z12__g009681--FGSG_06631..FSPOR_637","complement(16668..22479)","no","3249_Z12_len1307721.region003"
"NRRL3249","3249_Z12_len1307721",3,"3249_Z12__g009682--FGSG_06632..FSPOR_638","3249_Z12__g009682--FGSG_06632..FSPOR_638","24401..26695","no","3249_Z12_len1307721.region003"
"NRRL3249","3249_Z12_len1307721",3,"PDE1","3249_Z12__g009683--FGSG_06633..FSPOR_639","28832..30614","no","3249_Z12_len1307721.region003"
"NRRL3249","3249_Z12_len1307721",3,"3249_Z12__g009684--FGSG_06634..FSPOR_640","3249_Z12__g009684--FGSG_06634..FSPOR_640","complement(30928..31791)","no","3249_Z12_len1307721.region003"
"NRRL3249","3249_Z14_len1152104",1,"3249_Z14__g010277--FSPOR_5252","3249_Z14__g010277--FSPOR_5252","complement(1213..2688)","no","3249_Z14_len1152104.region001"
"NRRL3249","3249_Z14_len1152104",1,"3249_Z14__g010278--FSPOR_5253","3249_Z14__g010278--FSPOR_5253","complement(4273..6023)","no","3249_Z14_len1152104.region001"
"NRRL3249","3249_Z14_len1152104",1,"3249_Z14__g010279--FGSG_04704..FSPOR_5254","3249_Z14__g010279--FGSG_04704..FSPOR_5254","complement(7843..8651)","no","3249_Z14_len1152104.region001"
"NRRL3249","3249_Z14_len1152104",1,"3249_Z14__g010280","3249_Z14__g010280","complement(10565..11828)","no","3249_Z14_len1152104.region001"
"NRRL3249","3249_Z14_len1152104",1,"3249_Z14__g010281--FGSG_08009..FSPOR_5255","3249_Z14__g010281--FGSG_08009..FSPOR_5255","complement(12760..14218)","no","3249_Z14_len1152104.region001"
"NRRL3249","3249_Z14_len1152104",1,"3249_Z14__g010282--FGSG_13458..FSPOR_5256","3249_Z14__g010282--FGSG_13458..FSPOR_5256","15183..16845","no","3249_Z14_len1152104.region001"
"NRRL3249","3249_Z14_len1152104",1,"AMD2","3249_Z14__g010283--FSPOR_5257","17790..19801","no","3249_Z14_len1152104.region001"
"NRRL3249","3249_Z14_len1152104",1,"APF1","3249_Z14__g010284--FSPOR_5258","complement(20001..35435)","no","3249_Z14_len1152104.region001"
"NRRL3249","3249_Z14_len1152104",1,"APF11","3249_Z14__g010285--FSPOR_5259","36142..38125","no","3249_Z14_len1152104.region001"
"NRRL3249","3249_Z14_len1152104",1,"3249_Z14__g010286--FSPOR_5260","3249_Z14__g010286--FSPOR_5260","38576..39328","no","3249_Z14_len1152104.region001"
"NRRL3249","3249_Z14_len1152104",1,"APF9","3249_Z14__g010287--FSPOR_5261","complement(40126..41999)","no","3249_Z14_len1152104.region001"
"NRRL3249","3249_Z14_len1152104",1,"APF8","3249_Z14__g010288","complement(43116..43563)","no","3249_Z14_len1152104.region001"
"NRRL3249","3249_Z14_len1152104",1,"APF7","3249_Z14__g010289--FSPOR_5262","45354..46404","no","3249_Z14_len1152104.region001"
"NRRL3249","3249_Z14_len1152104",1,"APF6","3249_Z14__g010290--FSPOR_5263","complement(46600..47826)","no","3249_Z14_len1152104.region001"
"NRRL3249","3249_Z14_len1152104",1,"APF12","3249_Z14__g010291--FSPOR_5264","complement(48677..50782)","no","3249_Z14_len1152104.region001"
"NRRL3249","3249_Z14_len1152104",2,"3249_Z14__g010342--FSPOR_6469","3249_Z14__g010342--FSPOR_6469","complement(5376..6097)","no","3249_Z14_len1152104.region002"
"NRRL3249","3249_Z14_len1152104",2,"3249_Z14__g010343--FGSG_10700..FSPOR_6468","3249_Z14__g010343--FGSG_10700..FSPOR_6468","complement(7957..9938)","no","3249_Z14_len1152104.region002"
"NRRL3249","3249_Z14_len1152104",2,"3249_Z14__g010344--FGSG_13809..FSPOR_6467","3249_Z14__g010344--FGSG_13809..FSPOR_6467","11238..13268","no","3249_Z14_len1152104.region002"
"NRRL3249","3249_Z14_len1152104",2,"3249_Z14__g010345--FGSG_10702..FSPOR_6465","3249_Z14__g010345--FGSG_10702..FSPOR_6465","20001..23207","no","3249_Z14_len1152104.region002"
"NRRL3249","3249_Z14_len1152104",2,"3249_Z14__g010346","3249_Z14__g010346","complement(26051..27550)","no","3249_Z14_len1152104.region002"
"NRRL3249","3249_Z14_len1152104",2,"3249_Z14__g010347","3249_Z14__g010347","complement(29445..29984)","no","3249_Z14_len1152104.region002"
"NRRL3249","3249_Z14_len1152104",2,"3249_Z14__g010348","3249_Z14__g010348","32084..33115","no","3249_Z14_len1152104.region002"
"NRRL3249","3249_Z14_len1152104",2,"3249_Z14__g010349","3249_Z14__g010349","33698..34783","no","3249_Z14_len1152104.region002"
"NRRL3249","3249_Z14_len1152104",2,"3249_Z14__g010350","3249_Z14__g010350","complement(35413..35846)","no","3249_Z14_len1152104.region002"
"NRRL3249","3249_Z14_len1152104",2,"3249_Z14__g010351--FGSG_11645..FSPOR_6460","3249_Z14__g010351--FGSG_11645..FSPOR_6460","37502..39538","no","3249_Z14_len1152104.region002"
"NRRL3249","3249_Z14_len1152104",2,"3249_Z14__g010352--FSPOR_6459","3249_Z14__g010352--FSPOR_6459","complement(40611..41740)","no","3249_Z14_len1152104.region002"
"NRRL3249","3249_Z14_len1152104",3,"3249_Z14__g010471--FSPOR_8551","3249_Z14__g010471--FSPOR_8551","209..892","no","3249_Z14_len1152104.region003"
"NRRL3249","3249_Z14_len1152104",3,"3249_Z14__g010472--FGSG_10332..FSPOR_8552","3249_Z14__g010472--FGSG_10332..FSPOR_8552","complement(1031..1885)","no","3249_Z14_len1152104.region003"
"NRRL3249","3249_Z14_len1152104",3,"3249_Z14__g010473--FGSG_10331..FSPOR_8553","3249_Z14__g010473--FGSG_10331..FSPOR_8553","complement(2760..3900)","no","3249_Z14_len1152104.region003"
"NRRL3249","3249_Z14_len1152104",3,"3249_Z14__g010474--FGSG_10330..FSPOR_8554","3249_Z14__g010474--FGSG_10330..FSPOR_8554","4627..5972","no","3249_Z14_len1152104.region003"
"NRRL3249","3249_Z14_len1152104",3,"3249_Z14__g010475--FGSG_13740..FSPOR_8555","3249_Z14__g010475--FGSG_13740..FSPOR_8555","6812..7772","no","3249_Z14_len1152104.region003"
"NRRL3249","3249_Z14_len1152104",3,"3249_Z14__g010476--FGSG_13739..FSPOR_8556","3249_Z14__g010476--FGSG_13739..FSPOR_8556","9951..11057","no","3249_Z14_len1152104.region003"
"NRRL3249","3249_Z14_len1152104",3,"3249_Z14__g010477--FGSG_09099..FSPOR_8557","3249_Z14__g010477--FGSG_09099..FSPOR_8557","complement(11625..13248)","no","3249_Z14_len1152104.region003"
"NRRL3249","3249_Z14_len1152104",3,"3249_Z14__g010478--FSPOR_8559","3249_Z14__g010478--FSPOR_8559","complement(15468..16498)","no","3249_Z14_len1152104.region003"
"NRRL3249","3249_Z14_len1152104",3,"3249_Z14__g010479--FSPOR_8560","3249_Z14__g010479--FSPOR_8560","complement(17635..19268)","no","3249_Z14_len1152104.region003"
"NRRL3249","3249_Z14_len1152104",3,"3249_Z14__g010480--FSPOR_8561","3249_Z14__g010480--FSPOR_8561","20001..23757","no","3249_Z14_len1152104.region003"
"NRRL3249","3249_Z14_len1152104",3,"3249_Z14__g010481--FSPOR_8562","3249_Z14__g010481--FSPOR_8562","complement(24993..26417)","no","3249_Z14_len1152104.region003"
"NRRL3249","3249_Z14_len1152104",3,"3249_Z14__g010482--FSPOR_8563","3249_Z14__g010482--FSPOR_8563","complement(27684..28394)","no","3249_Z14_len1152104.region003"
"NRRL3249","3249_Z14_len1152104",3,"3249_Z14__g010483--FSPOR_8565","3249_Z14__g010483--FSPOR_8565","31151..31642","no","3249_Z14_len1152104.region003"
"NRRL3249","3249_Z14_len1152104",3,"3249_Z14__g010484--FSPOR_8566","3249_Z14__g010484--FSPOR_8566","32582..33355","no","3249_Z14_len1152104.region003"
"NRRL3249","3249_Z14_len1152104",3,"3249_Z14__g010485--FSPOR_8567","3249_Z14__g010485--FSPOR_8567","complement(34341..34782)","no","3249_Z14_len1152104.region003"
"NRRL3249","3249_Z14_len1152104",3,"3249_Z14__g010486--FSPOR_8568","3249_Z14__g010486--FSPOR_8568","complement(36993..37415)","no","3249_Z14_len1152104.region003"
"NRRL3249","3249_Z14_len1152104",3,"3249_Z14__g010487--FSPOR_8569","3249_Z14__g010487--FSPOR_8569","40594..41705","no","3249_Z14_len1152104.region003"
"NRRL3249","3249_Z15_len981733",1,"GUT2","3249_Z15__g010629--FGSG_03249..FSPOR_5879","1922..4032","no","3249_Z15_len981733.region001"
"NRRL3249","3249_Z15_len981733",1,"3249_Z15__g010630--FGSG_03250..FSPOR_5880","3249_Z15__g010630--FGSG_03250..FSPOR_5880","6037..7460","no","3249_Z15_len981733.region001"
"NRRL3249","3249_Z15_len981733",1,"3249_Z15__g010631--FGSG_03251..FSPOR_5881","3249_Z15__g010631--FGSG_03251..FSPOR_5881","complement(7966..8967)","no","3249_Z15_len981733.region001"
"NRRL3249","3249_Z15_len981733",1,"3249_Z15__g010632--FGSG_03252..FSPOR_5882","3249_Z15__g010632--FGSG_03252..FSPOR_5882","12123..16130","no","3249_Z15_len981733.region001"
"NRRL3249","3249_Z15_len981733",1,"3249_Z15__g010633--FGSG_03255..FSPOR_5883","3249_Z15__g010633--FGSG_03255..FSPOR_5883","complement(16484..17527)","no","3249_Z15_len981733.region001"
"NRRL3249","3249_Z15_len981733",1,"3249_Z15__g010634--FGSG_03256..FSPOR_5884","3249_Z15__g010634--FGSG_03256..FSPOR_5884","complement(18360..19264)","no","3249_Z15_len981733.region001"
"NRRL3249","3249_Z15_len981733",1,"3249_Z15__g010635--FGSG_03257..FSPOR_5885","3249_Z15__g010635--FGSG_03257..FSPOR_5885","20001..22933","no","3249_Z15_len981733.region001"
"NRRL3249","3249_Z15_len981733",1,"3249_Z15__g010636--FGSG_03258..FSPOR_5886","3249_Z15__g010636--FGSG_03258..FSPOR_5886","23329..24355","no","3249_Z15_len981733.region001"
"NRRL3249","3249_Z15_len981733",1,"3249_Z15__g010637--FGSG_03259..FSPOR_5887","3249_Z15__g010637--FGSG_03259..FSPOR_5887","25077..26417","no","3249_Z15_len981733.region001"
"NRRL3249","3249_Z15_len981733",1,"3249_Z15__g010638--FGSG_03260..FSPOR_5888","3249_Z15__g010638--FGSG_03260..FSPOR_5888","26769..28450","no","3249_Z15_len981733.region001"
"NRRL3249","3249_Z15_len981733",1,"3249_Z15__g010639--FGSG_03261..FSPOR_5889","3249_Z15__g010639--FGSG_03261..FSPOR_5889","complement(28674..30159)","no","3249_Z15_len981733.region001"
"NRRL3249","3249_Z15_len981733",1,"3249_Z15__g010640--FGSG_03262..FSPOR_5890","3249_Z15__g010640--FGSG_03262..FSPOR_5890","31711..32760","no","3249_Z15_len981733.region001"
"NRRL3249","3249_Z15_len981733",1,"3249_Z15__g010641--FGSG_03263..FSPOR_5891","3249_Z15__g010641--FGSG_03263..FSPOR_5891","33310..34863","no","3249_Z15_len981733.region001"
"NRRL3249","3249_Z15_len981733",1,"3249_Z15__g010642--FGSG_03264..FSPOR_5892","3249_Z15__g010642--FGSG_03264..FSPOR_5892","36685..37842","no","3249_Z15_len981733.region001"
"NRRL3249","3249_Z15_len981733",1,"3249_Z15__g010643--FGSG_03265..FSPOR_5893","3249_Z15__g010643--FGSG_03265..FSPOR_5893","40144..41414","no","3249_Z15_len981733.region001"
"NRRL3249","3249_Z15_len981733",1,"3249_Z15__g010644","3249_Z15__g010644","42627..42724","yes","3249_Z15_len981733.region001"
"NRRL3249","3249_Z15_len981733",2,"3249_Z15__g010710--FGSG_03330..FSPOR_5956","3249_Z15__g010710--FGSG_03330..FSPOR_5956","complement(1008..2556)","no","3249_Z15_len981733.region002"
"NRRL3249","3249_Z15_len981733",2,"3249_Z15__g010711","3249_Z15__g010711","2960..3031","yes","3249_Z15_len981733.region002"
"NRRL3249","3249_Z15_len981733",2,"3249_Z15__g010712--FGSG_03332..FSPOR_9266","3249_Z15__g010712--FGSG_03332..FSPOR_9266","4485..5889","no","3249_Z15_len981733.region002"
"NRRL3249","3249_Z15_len981733",2,"3249_Z15__g010713--FGSG_03333..FSPOR_9267","3249_Z15__g010713--FGSG_03333..FSPOR_9267","6679..7773","no","3249_Z15_len981733.region002"
"NRRL3249","3249_Z15_len981733",2,"3249_Z15__g010714--FGSG_03334..FSPOR_11523","3249_Z15__g010714--FGSG_03334..FSPOR_11523","complement(8062..8602)","no","3249_Z15_len981733.region002"
"NRRL3249","3249_Z15_len981733",2,"3249_Z15__g010715--FGSG_03337..FSPOR_11522","3249_Z15__g010715--FGSG_03337..FSPOR_11522","11746..12825","no","3249_Z15_len981733.region002"
"NRRL3249","3249_Z15_len981733",2,"3249_Z15__g010716--FGSG_03338..FSPOR_3727","3249_Z15__g010716--FGSG_03338..FSPOR_3727","14251..14759","no","3249_Z15_len981733.region002"
"NRRL3249","3249_Z15_len981733",2,"3249_Z15__g010717--FGSG_03339..FSPOR_3726","3249_Z15__g010717--FGSG_03339..FSPOR_3726","17084..17583","no","3249_Z15_len981733.region002"
"NRRL3249","3249_Z15_len981733",2,"GPY1","3249_Z15__g010718--FGSG_03340..FSPOR_3725","20001..28494","no","3249_Z15_len981733.region002"
"NRRL3249","3249_Z15_len981733",2,"3249_Z15__g010719--FGSG_03342..FSPOR_3723","3249_Z15__g010719--FGSG_03342..FSPOR_3723","32481..33446","no","3249_Z15_len981733.region002"
"NRRL3249","3249_Z15_len981733",2,"3249_Z15__g010720--FGSG_03343..FSPOR_3722","3249_Z15__g010720--FGSG_03343..FSPOR_3722","34065..37444","no","3249_Z15_len981733.region002"
"NRRL3249","3249_Z15_len981733",2,"3249_Z15__g010721--FGSG_03344..FSPOR_3721","3249_Z15__g010721--FGSG_03344..FSPOR_3721","38298..39567","no","3249_Z15_len981733.region002"
"NRRL3249","3249_Z15_len981733",2,"3249_Z15__g010722--FGSG_03345..FSPOR_3720","3249_Z15__g010722--FGSG_03345..FSPOR_3720","complement(39796..41675)","no","3249_Z15_len981733.region002"
"NRRL3249","3249_Z15_len981733",2,"3249_Z15__g010723--FGSG_03346..FSPOR_3719","3249_Z15__g010723--FGSG_03346..FSPOR_3719","42509..44299","no","3249_Z15_len981733.region002"
"NRRL3249","3249_Z17_len805405",1,"3249_Z17__g011248--FGSG_10101..FSPOR_2740","3249_Z17__g011248--FGSG_10101..FSPOR_2740","1253..2513","no","3249_Z17_len805405.region001"
"NRRL3249","3249_Z17_len805405",1,"3249_Z17__g011249--FGSG_10100..FSPOR_2741","3249_Z17__g011249--FGSG_10100..FSPOR_2741","complement(2828..3811)","no","3249_Z17_len805405.region001"
"NRRL3249","3249_Z17_len805405",1,"3249_Z17__g011250","3249_Z17__g011250","complement(5048..5831)","no","3249_Z17_len805405.region001"
"NRRL3249","3249_Z17_len805405",1,"3249_Z17__g011251--FGSG_10098..FSPOR_2742","3249_Z17__g011251--FGSG_10098..FSPOR_2742","complement(6029..7798)","no","3249_Z17_len805405.region001"
"NRRL3249","3249_Z17_len805405",1,"BTS1","3249_Z17__g011252--FGSG_10097..FSPOR_2743","10001..11251","no","3249_Z17_len805405.region001"
"NRRL3249","3249_Z17_len805405",1,"PEX29","3249_Z17__g011253--FGSG_10096..FSPOR_2744","complement(11649..13213)","no","3249_Z17_len805405.region001"
"NRRL3249","3249_Z17_len805405",1,"POM1","3249_Z17__g011254--FGSG_10095..FSPOR_2745","16566..20448","no","3249_Z17_len805405.region001"
"NRRL3249","3249_Z19_len557454",1,"3249_Z19__g011558--FGSG_08374..FSPOR_3531","3249_Z19__g011558--FGSG_08374..FSPOR_3531","5592..6350","no","3249_Z19_len557454.region001"
"NRRL3249","3249_Z19_len557454",1,"3249_Z19__g011559","3249_Z19__g011559","6642..6723","yes","3249_Z19_len557454.region001"
"NRRL3249","3249_Z19_len557454",1,"3249_Z19__g011560--FSPOR_3530","3249_Z19__g011560--FSPOR_3530","7325..7738","no","3249_Z19_len557454.region001"
"NRRL3249","3249_Z19_len557454",1,"3249_Z19__g011561","3249_Z19__g011561","complement(8754..8835)","yes","3249_Z19_len557454.region001"
"NRRL3249","3249_Z19_len557454",1,"MIC33_2","3249_Z19__g011562--FGSG_08375..FSPOR_3529","complement(9367..10814)","no","3249_Z19_len557454.region001"
"NRRL3249","3249_Z19_len557454",1,"3249_Z19__g011563--FGSG_08376..FSPOR_3528","3249_Z19__g011563--FGSG_08376..FSPOR_3528","15541..17001","no","3249_Z19_len557454.region001"
"NRRL3249","3249_Z19_len557454",1,"3249_Z19__g011564--FGSG_08377..FSPOR_3527","3249_Z19__g011564--FGSG_08377..FSPOR_3527","complement(17071..18669)","no","3249_Z19_len557454.region001"
"NRRL3249","3249_Z19_len557454",1,"3249_Z19__g011565--FGSG_08378..FSPOR_3526","3249_Z19__g011565--FGSG_08378..FSPOR_3526","20001..21479","no","3249_Z19_len557454.region001"
"NRRL3249","3249_Z19_len557454",1,"3249_Z19__g011566--FGSG_08380..FSPOR_3525","3249_Z19__g011566--FGSG_08380..FSPOR_3525","24945..27846","no","3249_Z19_len557454.region001"
"NRRL3249","3249_Z19_len557454",1,"BFR2","3249_Z19__g011567--FGSG_08381..FSPOR_3523","complement(28774..30450)","no","3249_Z19_len557454.region001"
"NRRL3249","3249_Z19_len557454",1,"3249_Z19__g011568--FGSG_08382..FSPOR_3522","3249_Z19__g011568--FGSG_08382..FSPOR_3522","30835..31936","no","3249_Z19_len557454.region001"
"NRRL3249","3249_Z19_len557454",1,"3249_Z19__g011569--FGSG_08383..FSPOR_3521","3249_Z19__g011569--FGSG_08383..FSPOR_3521","complement(32296..33251)","no","3249_Z19_len557454.region001"
"NRRL3249","3249_Z19_len557454",1,"3249_Z19__g011570--FGSG_08384..FSPOR_3520","3249_Z19__g011570--FGSG_08384..FSPOR_3520","35401..37182","no","3249_Z19_len557454.region001"
"NRRL3249","3249_Z19_len557454",1,"3249_Z19__g011571--FGSG_08385..FSPOR_3519","3249_Z19__g011571--FGSG_08385..FSPOR_3519","complement(37520..39643)","no","3249_Z19_len557454.region001"
"NRRL3249","3249_Z19_len557454",1,"CYC3","3249_Z19__g011572--FGSG_08386..FSPOR_3518","40311..41374","no","3249_Z19_len557454.region001"
"NRRL3249","3249_Z2_len3401109",1,"3249_Z2__g001642--FGSG_00031..FSPOR_8893","3249_Z2__g001642--FGSG_00031..FSPOR_8893","1536..5365","no","3249_Z2_len3401109.region001"
"NRRL3249","3249_Z2_len3401109",1,"3249_Z2__g001643","3249_Z2__g001643","complement(7516..8316)","no","3249_Z2_len3401109.region001"
"NRRL3249","3249_Z2_len3401109",1,"3249_Z2__g001644","3249_Z2__g001644","complement(13103..14179)","no","3249_Z2_len3401109.region001"
"NRRL3249","3249_Z2_len3401109",1,"3249_Z2__g001645--FSPOR_8888","3249_Z2__g001645--FSPOR_8888","18789..19367","no","3249_Z2_len3401109.region001"
"NRRL3249","3249_Z2_len3401109",1,"3249_Z2__g001646--FSPOR_8887","3249_Z2__g001646--FSPOR_8887","complement(20001..22166)","no","3249_Z2_len3401109.region001"
"NRRL3249","3249_Z2_len3401109",1,"3249_Z2__g001647--FSPOR_8886","3249_Z2__g001647--FSPOR_8886","24901..27378","no","3249_Z2_len3401109.region001"
"NRRL3249","3249_Z2_len3401109",1,"3249_Z2__g001648--FSPOR_8885","3249_Z2__g001648--FSPOR_8885","29109..30187","no","3249_Z2_len3401109.region001"
"NRRL3249","3249_Z2_len3401109",1,"3249_Z2__g001649--FSPOR_8884","3249_Z2__g001649--FSPOR_8884","complement(30292..31844)","no","3249_Z2_len3401109.region001"
"NRRL3249","3249_Z2_len3401109",1,"3249_Z2__g001650--FSPOR_8882","3249_Z2__g001650--FSPOR_8882","36707..37876","no","3249_Z2_len3401109.region001"
"NRRL3249","3249_Z2_len3401109",1,"3249_Z2__g001651--FSPOR_6970","3249_Z2__g001651--FSPOR_6970","complement(38606..41185)","no","3249_Z2_len3401109.region001"
"NRRL3249","3249_Z2_len3401109",2,"PWP1","3249_Z2__g002009--FGSG_00449..FSPOR_10183","2597..4283","no","3249_Z2_len3401109.region002"
"NRRL3249","3249_Z2_len3401109",2,"3249_Z2__g002010--FGSG_00450..FSPOR_10182","3249_Z2__g002010--FGSG_00450..FSPOR_10182","7476..8396","no","3249_Z2_len3401109.region002"
"NRRL3249","3249_Z2_len3401109",2,"3249_Z2__g002011--FGSG_00451..FSPOR_10181","3249_Z2__g002011--FGSG_00451..FSPOR_10181","10001..10936","no","3249_Z2_len3401109.region002"
"NRRL3249","3249_Z2_len3401109",2,"3249_Z2__g002012--FGSG_00452..FSPOR_10180","3249_Z2__g002012--FGSG_00452..FSPOR_10180","complement(11059..11805)","no","3249_Z2_len3401109.region002"
"NRRL3249","3249_Z2_len3401109",2,"3249_Z2__g002013--FGSG_00453..FSPOR_10179","3249_Z2__g002013--FGSG_00453..FSPOR_10179","13311..14010","no","3249_Z2_len3401109.region002"
"NRRL3249","3249_Z2_len3401109",2,"3249_Z2__g002014--FGSG_00454..FSPOR_10178","3249_Z2__g002014--FGSG_00454..FSPOR_10178","complement(14538..15964)","no","3249_Z2_len3401109.region002"
"NRRL3249","3249_Z2_len3401109",2,"3249_Z2__g002015--FGSG_00455..FSPOR_10177","3249_Z2__g002015--FGSG_00455..FSPOR_10177","complement(16844..17860)","no","3249_Z2_len3401109.region002"
"NRRL3249","3249_Z22_len148083",1,"TRI3","3249_Z22__g012067--FGSG_03534..FSPOR_6145","1637..3419","no","3249_Z22_len148083.region001"
"NRRL3249","3249_Z22_len148083",1,"TRI4","3249_Z22__g012068--FGSG_03535..FSPOR_6146","complement(4180..5922)","no","3249_Z22_len148083.region001"
"NRRL3249","3249_Z22_len148083",1,"TRI5","3249_Z22__g012069--FGSG_03537..FSPOR_6147","10001..11185","no","3249_Z22_len148083.region001"
"NRRL3249","3249_Z22_len148083",1,"TRI10","3249_Z22__g012070--FGSG_03538..FSPOR_6148","12156..13141","no","3249_Z22_len148083.region001"
"NRRL3249","3249_Z22_len148083",1,"TRI11","3249_Z22__g012071","complement(14990..16711)","no","3249_Z22_len148083.region001"
"NRRL3249","3249_Z3_len3137824",1,"3249_Z3__g002887--FGSG_07670..FSPOR_1778","3249_Z3__g002887--FGSG_07670..FSPOR_1778","complement(1023..1857)","no","3249_Z3_len3137824.region001"
"NRRL3249","3249_Z3_len3137824",1,"3249_Z3__g002888--FGSG_07671..FSPOR_1777","3249_Z3__g002888--FGSG_07671..FSPOR_1777","complement(2382..3761)","no","3249_Z3_len3137824.region001"
"NRRL3249","3249_Z3_len3137824",1,"3249_Z3__g002889--FGSG_07672..FSPOR_1776","3249_Z3__g002889--FGSG_07672..FSPOR_1776","complement(7717..9001)","no","3249_Z3_len3137824.region001"
"NRRL3249","3249_Z3_len3137824",1,"3249_Z3__g002890--FGSG_07673..FSPOR_1775","3249_Z3__g002890--FGSG_07673..FSPOR_1775","10001..11023","no","3249_Z3_len3137824.region001"
"NRRL3249","3249_Z3_len3137824",1,"3249_Z3__g002891","3249_Z3__g002891","12174..12964","no","3249_Z3_len3137824.region001"
"NRRL3249","3249_Z3_len3137824",1,"3249_Z3__g002892--FGSG_13181..FSPOR_1773","3249_Z3__g002892--FGSG_13181..FSPOR_1773","14307..14900","no","3249_Z3_len3137824.region001"
"NRRL3249","3249_Z3_len3137824",1,"3249_Z3__g002893--FGSG_13182..FSPOR_1772","3249_Z3__g002893--FGSG_13182..FSPOR_1772","complement(15131..15709)","no","3249_Z3_len3137824.region001"
"NRRL3249","3249_Z3_len3137824",1,"3249_Z3__g002894--FSPOR_1771","3249_Z3__g002894--FSPOR_1771","complement(16322..16834)","no","3249_Z3_len3137824.region001"
"NRRL3249","3249_Z3_len3137824",1,"3249_Z3__g002895--FGSG_07676..FSPOR_1770","3249_Z3__g002895--FGSG_07676..FSPOR_1770","17539..17976","no","3249_Z3_len3137824.region001"
"NRRL3249","3249_Z3_len3137824",1,"3249_Z3__g002896--FGSG_13184..FSPOR_1769","3249_Z3__g002896--FGSG_13184..FSPOR_1769","complement(18290..19273)","no","3249_Z3_len3137824.region001"
"NRRL3249","3249_Z3_len3137824",2,"3249_Z3__g002947--FSPOR_1720","3249_Z3__g002947--FSPOR_1720","738..1101","no","3249_Z3_len3137824.region002"
"NRRL3249","3249_Z3_len3137824",2,"3249_Z3__g002948--FGSG_13202..FSPOR_1719","3249_Z3__g002948--FGSG_13202..FSPOR_1719","3496..4470","no","3249_Z3_len3137824.region002"
"NRRL3249","3249_Z3_len3137824",2,"3249_Z3__g002949--FGSG_07728..FSPOR_1718","3249_Z3__g002949--FGSG_07728..FSPOR_1718","5035..5743","no","3249_Z3_len3137824.region002"
"NRRL3249","3249_Z3_len3137824",2,"3249_Z3__g002950--FGSG_07756..FSPOR_1717","3249_Z3__g002950--FGSG_07756..FSPOR_1717","9976..11592","no","3249_Z3_len3137824.region002"
"NRRL3249","3249_Z3_len3137824",2,"3249_Z3__g002951--FGSG_07757..FSPOR_1716","3249_Z3__g002951--FGSG_07757..FSPOR_1716","complement(11766..13094)","no","3249_Z3_len3137824.region002"
"NRRL3249","3249_Z3_len3137824",2,"PAN5_1","3249_Z3__g002952--FSPOR_1715","complement(16990..18339)","no","3249_Z3_len3137824.region002"
"NRRL3249","3249_Z3_len3137824",2,"BEA1","3249_Z3__g002953--FSPOR_1714","20001..29396","no","3249_Z3_len3137824.region002"
"NRRL3249","3249_Z3_len3137824",2,"3249_Z3__g002954--FGSG_07758..FSPOR_1713","3249_Z3__g002954--FGSG_07758..FSPOR_1713","29966..31084","no","3249_Z3_len3137824.region002"
"NRRL3249","3249_Z3_len3137824",2,"3249_Z3__g002955","3249_Z3__g002955","32352..35925","no","3249_Z3_len3137824.region002"
"NRRL3249","3249_Z3_len3137824",2,"3249_Z3__g002956","3249_Z3__g002956","36838..37278","no","3249_Z3_len3137824.region002"
"NRRL3249","3249_Z3_len3137824",2,"3249_Z3__g002957--FGSG_07760..FSPOR_1711","3249_Z3__g002957--FGSG_07760..FSPOR_1711","complement(39774..40560)","no","3249_Z3_len3137824.region002"
"NRRL3249","3249_Z3_len3137824",2,"3249_Z3__g002958--FSPOR_1710","3249_Z3__g002958--FSPOR_1710","41381..42133","no","3249_Z3_len3137824.region002"
"NRRL3249","3249_Z3_len3137824",2,"3249_Z3__g002959--FGSG_02302..FSPOR_1709","3249_Z3__g002959--FGSG_02302..FSPOR_1709","complement(42636..43784)","no","3249_Z3_len3137824.region002"
"NRRL3249","3249_Z3_len3137824",2,"3249_Z3__g002960--FSPOR_1708","3249_Z3__g002960--FSPOR_1708","45390..47699","no","3249_Z3_len3137824.region002"
"NRRL3249","3249_Z3_len3137824",3,"3249_Z3__g002994--FGSG_07790..FSPOR_1677","3249_Z3__g002994--FGSG_07790..FSPOR_1677","196..1093","no","3249_Z3_len3137824.region003"
"NRRL3249","3249_Z3_len3137824",3,"3249_Z3__g002995--FGSG_07791..FSPOR_1676","3249_Z3__g002995--FGSG_07791..FSPOR_1676","2875..3519","no","3249_Z3_len3137824.region003"
"NRRL3249","3249_Z3_len3137824",3,"3249_Z3__g002996--FGSG_10445..FSPOR_1675","3249_Z3__g002996--FGSG_10445..FSPOR_1675","4567..5250","no","3249_Z3_len3137824.region003"
"NRRL3249","3249_Z3_len3137824",3,"3249_Z3__g002997--FGSG_07792..FSPOR_1674","3249_Z3__g002997--FGSG_07792..FSPOR_1674","complement(7273..8390)","no","3249_Z3_len3137824.region003"
"NRRL3249","3249_Z3_len3137824",3,"3249_Z3__g002998--FGSG_07793..FSPOR_1673","3249_Z3__g002998--FGSG_07793..FSPOR_1673","10271..11326","no","3249_Z3_len3137824.region003"
"NRRL3249","3249_Z3_len3137824",3,"3249_Z3__g002999--FGSG_07794..FSPOR_1672","3249_Z3__g002999--FGSG_07794..FSPOR_1672","13498..14666","no","3249_Z3_len3137824.region003"
"NRRL3249","3249_Z3_len3137824",3,"3249_Z3__g003000--FGSG_07797..FSPOR_1670","3249_Z3__g003000--FGSG_07797..FSPOR_1670","complement(16598..17902)","no","3249_Z3_len3137824.region003"
"NRRL3249","3249_Z3_len3137824",3,"3249_Z3__g003001--FSPOR_1669","3249_Z3__g003001--FSPOR_1669","complement(18602..19191)","no","3249_Z3_len3137824.region003"
"NRRL3249","3249_Z3_len3137824",3,"FUS1","3249_Z3__g003002--FGSG_07798..FSPOR_1668","complement(20001..31846)","no","3249_Z3_len3137824.region003"
"NRRL3249","3249_Z3_len3137824",3,"FUS2","3249_Z3__g003003--FGSG_13222..FSPOR_1667","32442..33701","no","3249_Z3_len3137824.region003"
"NRRL3249","3249_Z3_len3137824",3,"FUS3","3249_Z3__g003004--FGSG_13223..FSPOR_1666","34546..35267","no","3249_Z3_len3137824.region003"
"NRRL3249","3249_Z3_len3137824",3,"FUS4","3249_Z3__g003005--FGSG_07800..FSPOR_1665","complement(35469..36782)","no","3249_Z3_len3137824.region003"
"NRRL3249","3249_Z3_len3137824",3,"FUS5","3249_Z3__g003006--FGSG_07801..FSPOR_1664","37617..38318","no","3249_Z3_len3137824.region003"
"NRRL3249","3249_Z3_len3137824",3,"FUS6","3249_Z3__g003007--FGSG_07802..FSPOR_1663","39932..41611","no","3249_Z3_len3137824.region003"
"NRRL3249","3249_Z3_len3137824",3,"FUS7","3249_Z3__g003008--FGSG_07803..FSPOR_1662","41951..43792","no","3249_Z3_len3137824.region003"
"NRRL3249","3249_Z3_len3137824",3,"FUS8","3249_Z3__g003009--FGSG_07804..FSPOR_1661","44469..46127","no","3249_Z3_len3137824.region003"
"NRRL3249","3249_Z3_len3137824",3,"FUS9","3249_Z3__g003010--FGSG_07805..FSPOR_1660","46528..47643","no","3249_Z3_len3137824.region003"
"NRRL3249","3249_Z3_len3137824",3,"3249_Z3__g003011--FGSG_13224..FSPOR_1659","3249_Z3__g003011--FGSG_13224..FSPOR_1659","47958..50390","no","3249_Z3_len3137824.region003"
"NRRL3249","3249_Z3_len3137824",4,"3249_Z3__g003606--FGSG_07072..FSPOR_9618","3249_Z3__g003606--FGSG_07072..FSPOR_9618","1877..2447","no","3249_Z3_len3137824.region004"
"NRRL3249","3249_Z3_len3137824",4,"3249_Z3__g003607--FGSG_07071..FSPOR_9617","3249_Z3__g003607--FGSG_07071..FSPOR_9617","4866..6242","no","3249_Z3_len3137824.region004"
"NRRL3249","3249_Z3_len3137824",4,"3249_Z3__g003608--FGSG_07070..FSPOR_9616","3249_Z3__g003608--FGSG_07070..FSPOR_9616","complement(7016..8252)","no","3249_Z3_len3137824.region004"
"NRRL3249","3249_Z3_len3137824",4,"3249_Z3__g003609--FGSG_07069..FSPOR_9615","3249_Z3__g003609--FGSG_07069..FSPOR_9615","9035..9989","no","3249_Z3_len3137824.region004"
"NRRL3249","3249_Z3_len3137824",4,"3249_Z3__g003610--FGSG_07068..FSPOR_9614","3249_Z3__g003610--FGSG_07068..FSPOR_9614","complement(11441..13970)","no","3249_Z3_len3137824.region004"
"NRRL3249","3249_Z3_len3137824",4,"UME6","3249_Z3__g003611--FGSG_07067..FSPOR_9613","25061..27125","no","3249_Z3_len3137824.region004"
"NRRL3249","3249_Z3_len3137824",4,"3249_Z3__g003612--FGSG_07066..FSPOR_9612","3249_Z3__g003612--FGSG_07066..FSPOR_9612","30001..30941","no","3249_Z3_len3137824.region004"
"NRRL3249","3249_Z3_len3137824",4,"3249_Z3__g003613--FGSG_07065..FSPOR_9611","3249_Z3__g003613--FGSG_07065..FSPOR_9611","31981..33267","no","3249_Z3_len3137824.region004"
"NRRL3249","3249_Z3_len3137824",4,"3249_Z3__g003614--FGSG_07064..FSPOR_9610","3249_Z3__g003614--FGSG_07064..FSPOR_9610","complement(34063..37825)","no","3249_Z3_len3137824.region004"
"NRRL3249","3249_Z3_len3137824",4,"3249_Z3__g003615","3249_Z3__g003615","43105..43613","no","3249_Z3_len3137824.region004"
"NRRL3249","3249_Z3_len3137824",4,"3249_Z3__g003616--FGSG_07063..FSPOR_9609","3249_Z3__g003616--FGSG_07063..FSPOR_9609","complement(43673..44596)","no","3249_Z3_len3137824.region004"
"NRRL3249","3249_Z3_len3137824",4,"ERD1","3249_Z3__g003617--FGSG_07062..FSPOR_9608","46443..47715","no","3249_Z3_len3137824.region004"
"NRRL3249","3249_Z3_len3137824",4,"3249_Z3__g003618--FGSG_07061..FSPOR_9607","3249_Z3__g003618--FGSG_07061..FSPOR_9607","49097..50431","no","3249_Z3_len3137824.region004"
"NRRL3249","3249_Z3_len3137824",4,"PCD1","3249_Z3__g003619--FGSG_07060..FSPOR_9606","51055..52362","no","3249_Z3_len3137824.region004"
"NRRL3249","3249_Z3_len3137824",4,"CTR2","3249_Z3__g003620--FGSG_07059..FSPOR_9605","complement(52945..53596)","no","3249_Z3_len3137824.region004"
"NRRL3249","3249_Z3_len3137824",4,"BNA1","3249_Z3__g003621--FGSG_07058..FSPOR_9604","54264..54952","no","3249_Z3_len3137824.region004"
"NRRL3249","3249_Z3_len3137824",4,"3249_Z3__g003622--FGSG_07057..FSPOR_9603","3249_Z3__g003622--FGSG_07057..FSPOR_9603","complement(55024..55870)","no","3249_Z3_len3137824.region004"
"NRRL3249","3249_Z3_len3137824",4,"3249_Z3__g003623--FGSG_07056..FSPOR_9602","3249_Z3__g003623--FGSG_07056..FSPOR_9602","57113..58531","no","3249_Z3_len3137824.region004"
"NRRL3249","3249_Z4_len3064622",1,"3249_Z4__g003758--FGSG_11405..FSPOR_8227","3249_Z4__g003758--FGSG_11405..FSPOR_8227","complement(785..2083)","no","3249_Z4_len3064622.region001"
"NRRL3249","3249_Z4_len3064622",1,"3249_Z4__g003759--FGSG_13967..FSPOR_8226","3249_Z4__g003759--FGSG_13967..FSPOR_8226","4785..5171","no","3249_Z4_len3064622.region001"
"NRRL3249","3249_Z4_len3064622",1,"3249_Z4__g003760--FGSG_11401..FSPOR_8225","3249_Z4__g003760--FGSG_11401..FSPOR_8225","complement(6503..7096)","no","3249_Z4_len3064622.region001"
"NRRL3249","3249_Z4_len3064622",1,"3249_Z4__g003761","3249_Z4__g003761","8385..8468","yes","3249_Z4_len3064622.region001"
"NRRL3249","3249_Z4_len3064622",1,"3249_Z4__g003762--FGSG_11400..FSPOR_8224","3249_Z4__g003762--FGSG_11400..FSPOR_8224","8689..9774","no","3249_Z4_len3064622.region001"
"NRRL3249","3249_Z4_len3064622",1,"CHRY5","3249_Z4__g003763--FGSG_11399..FSPOR_8223","10951..12735","no","3249_Z4_len3064622.region001"
"NRRL3249","3249_Z4_len3064622",1,"CHRY4","3249_Z4__g003764--FGSG_11398..FSPOR_8222","complement(13223..14008)","no","3249_Z4_len3064622.region001"
"NRRL3249","3249_Z4_len3064622",1,"CHRY3","3249_Z4__g003765--FGSG_11397..FSPOR_8221","14717..15901","no","3249_Z4_len3064622.region001"
"NRRL3249","3249_Z4_len3064622",1,"CHRY2","3249_Z4__g003766--FGSG_11396..FSPOR_8220","complement(16127..18413)","no","3249_Z4_len3064622.region001"
"NRRL3249","3249_Z4_len3064622",1,"CHRY1","3249_Z4__g003767--FGSG_11395..FSPOR_8219","20001..27271","no","3249_Z4_len3064622.region001"
"NRRL3249","3249_Z4_len3064622",1,"CHRY6","3249_Z4__g003768--FGSG_11394..FSPOR_8218","27572..28392","no","3249_Z4_len3064622.region001"
"NRRL3249","3249_Z4_len3064622",1,"3249_Z4__g003769--FGSG_11393..FSPOR_8217","3249_Z4__g003769--FGSG_11393..FSPOR_8217","complement(28668..29324)","no","3249_Z4_len3064622.region001"
"NRRL3249","3249_Z4_len3064622",1,"3249_Z4__g003770","3249_Z4__g003770","complement(30181..30266)","yes","3249_Z4_len3064622.region001"
"NRRL3249","3249_Z4_len3064622",1,"3249_Z4__g003771--FGSG_11391..FSPOR_8216","3249_Z4__g003771--FGSG_11391..FSPOR_8216","complement(30639..32957)","no","3249_Z4_len3064622.region001"
"NRRL3249","3249_Z4_len3064622",1,"3249_Z4__g003772--FGSG_13971..FSPOR_8215","3249_Z4__g003772--FGSG_13971..FSPOR_8215","35399..36610","no","3249_Z4_len3064622.region001"
"NRRL3249","3249_Z4_len3064622",1,"3249_Z4__g003773","3249_Z4__g003773","39340..39438","yes","3249_Z4_len3064622.region001"
"NRRL3249","3249_Z4_len3064622",1,"3249_Z4__g003774","3249_Z4__g003774","40281..40352","yes","3249_Z4_len3064622.region001"
"NRRL3249","3249_Z4_len3064622",1,"3249_Z4__g003775--FGSG_11389..FSPOR_11717","3249_Z4__g003775--FGSG_11389..FSPOR_11717","complement(40644..42394)","no","3249_Z4_len3064622.region001"
"NRRL3249","3249_Z4_len3064622",1,"3249_Z4__g003776","3249_Z4__g003776","43331..44205","no","3249_Z4_len3064622.region001"
"NRRL3249","3249_Z4_len3064622",1,"3249_Z4__g003777--FGSG_11388..FSPOR_11718","3249_Z4__g003777--FGSG_11388..FSPOR_11718","45417..46700","no","3249_Z4_len3064622.region001"
"NRRL3249","3249_Z4_len3064622",2,"3249_Z4__g003853--FGSG_11316..FSPOR_9120","3249_Z4__g003853--FGSG_11316..FSPOR_9120","536..1786","no","3249_Z4_len3064622.region002"
"NRRL3249","3249_Z4_len3064622",2,"ats1_1","3249_Z4__g003854","2011..2567","no","3249_Z4_len3064622.region002"
"NRRL3249","3249_Z4_len3064622",2,"3249_Z4__g003855--FGSG_11326..FSPOR_9121","3249_Z4__g003855--FGSG_11326..FSPOR_9121","complement(6841..8642)","no","3249_Z4_len3064622.region002"
"NRRL3249","3249_Z4_len3064622",2,"3249_Z4__g003856","3249_Z4__g003856","9591..9672","yes","3249_Z4_len3064622.region002"
"NRRL3249","3249_Z4_len3064622",2,"3249_Z4__g003857--FGSG_11327..FSPOR_9122","3249_Z4__g003857--FGSG_11327..FSPOR_9122","complement(10001..11670)","no","3249_Z4_len3064622.region002"
"NRRL3249","3249_Z4_len3064622",2,"3249_Z4__g003858--FGSG_11328..FSPOR_9123","3249_Z4__g003858--FGSG_11328..FSPOR_9123","13051..14097","no","3249_Z4_len3064622.region002"
"NRRL3249","3249_Z4_len3064622",2,"3249_Z4__g003859--FGSG_11329..FSPOR_9124","3249_Z4__g003859--FGSG_11329..FSPOR_9124","18396..18932","no","3249_Z4_len3064622.region002"
"NRRL3249","3249_Z4_len3064622",3,"3249_Z4__g004115--FGSG_11056..FSPOR_4647","3249_Z4__g004115--FGSG_11056..FSPOR_4647","764..1939","no","3249_Z4_len3064622.region003"
"NRRL3249","3249_Z4_len3064622",3,"3249_Z4__g004116--FGSG_11055..FSPOR_4646","3249_Z4__g004116--FGSG_11055..FSPOR_4646","2201..3880","no","3249_Z4_len3064622.region003"
"NRRL3249","3249_Z4_len3064622",3,"LYS1_1","3249_Z4__g004117--FGSG_11054..FSPOR_4645","5513..6841","no","3249_Z4_len3064622.region003"
"NRRL3249","3249_Z4_len3064622",3,"3249_Z4__g004118--FGSG_11022..FSPOR_4644","3249_Z4__g004118--FGSG_11022..FSPOR_4644","complement(7210..8344)","no","3249_Z4_len3064622.region003"
"NRRL3249","3249_Z4_len3064622",3,"3249_Z4__g004119--FGSG_11023..FSPOR_4643","3249_Z4__g004119--FGSG_11023..FSPOR_4643","8795..9458","no","3249_Z4_len3064622.region003"
"NRRL3249","3249_Z4_len3064622",3,"3249_Z4__g004120","3249_Z4__g004120","10012..10083","yes","3249_Z4_len3064622.region003"
"NRRL3249","3249_Z4_len3064622",3,"3249_Z4__g004121","3249_Z4__g004121","complement(10297..10768)","no","3249_Z4_len3064622.region003"
"NRRL3249","3249_Z4_len3064622",3,"3249_Z4__g004122--FGSG_11024..FSPOR_4642","3249_Z4__g004122--FGSG_11024..FSPOR_4642","complement(10856..11953)","no","3249_Z4_len3064622.region003"
"NRRL3249","3249_Z4_len3064622",3,"3249_Z4__g004123","3249_Z4__g004123","13118..14101","no","3249_Z4_len3064622.region003"
"NRRL3249","3249_Z4_len3064622",3,"3249_Z4__g004124--FSPOR_4641","3249_Z4__g004124--FSPOR_4641","14640..16320","no","3249_Z4_len3064622.region003"
"NRRL3249","3249_Z4_len3064622",3,"TRI15","3249_Z4__g004125--FGSG_11025..FSPOR_4639","complement(17416..18372)","no","3249_Z4_len3064622.region003"
"NRRL3249","3249_Z4_len3064622",3,"3249_Z4__g004126","3249_Z4__g004126","complement(19539..19635)","yes","3249_Z4_len3064622.region003"
"NRRL3249","3249_Z4_len3064622",3,"3249_Z4__g004127--FGSG_11026..FSPOR_4638","3249_Z4__g004127--FGSG_11026..FSPOR_4638","complement(20001..34315)","no","3249_Z4_len3064622.region003"
"NRRL3249","3249_Z4_len3064622",3,"3249_Z4__g004128--FGSG_11027..FSPOR_4637","3249_Z4__g004128--FGSG_11027..FSPOR_4637","complement(34953..36236)","no","3249_Z4_len3064622.region003"
"NRRL3249","3249_Z4_len3064622",3,"3249_Z4__g004129--FGSG_11028..FSPOR_4636","3249_Z4__g004129--FGSG_11028..FSPOR_4636","37209..41408","no","3249_Z4_len3064622.region003"
"NRRL3249","3249_Z4_len3064622",3,"3249_Z4__g004130--FGSG_11029..FSPOR_4635","3249_Z4__g004130--FGSG_11029..FSPOR_4635","42630..44549","no","3249_Z4_len3064622.region003"
"NRRL3249","3249_Z4_len3064622",3,"3249_Z4__g004131--FGSG_11030..FSPOR_4634","3249_Z4__g004131--FGSG_11030..FSPOR_4634","46622..47434","no","3249_Z4_len3064622.region003"
"NRRL3249","3249_Z4_len3064622",3,"3249_Z4__g004132--FGSG_11031..FSPOR_4633","3249_Z4__g004132--FGSG_11031..FSPOR_4633","49804..50436","no","3249_Z4_len3064622.region003"
"NRRL3249","3249_Z4_len3064622",3,"3249_Z4__g004133--FGSG_13866..FSPOR_4632","3249_Z4__g004133--FGSG_13866..FSPOR_4632","complement(51172..52826)","no","3249_Z4_len3064622.region003"
"NRRL3249","3249_Z4_len3064622",4,"GUK1_2","3249_Z4__g004164--FSPOR_4600","1388..2039","no","3249_Z4_len3064622.region004"
"NRRL3249","3249_Z4_len3064622",4,"3249_Z4__g004165--FGSG_11000..FSPOR_4599","3249_Z4__g004165--FGSG_11000..FSPOR_4599","complement(2375..2998)","no","3249_Z4_len3064622.region004"
"NRRL3249","3249_Z4_len3064622",4,"3249_Z4__g004166--FGSG_10999..FSPOR_4598","3249_Z4__g004166--FGSG_10999..FSPOR_4598","complement(3671..4476)","no","3249_Z4_len3064622.region004"
"NRRL3249","3249_Z4_len3064622",4,"3249_Z4__g004167--FGSG_10998..FSPOR_4597","3249_Z4__g004167--FGSG_10998..FSPOR_4597","complement(6390..7983)","no","3249_Z4_len3064622.region004"
"NRRL3249","3249_Z4_len3064622",4,"3249_Z4__g004168--FGSG_10996..FSPOR_4596","3249_Z4__g004168--FGSG_10996..FSPOR_4596","9662..11688","no","3249_Z4_len3064622.region004"
"NRRL3249","3249_Z4_len3064622",4,"3249_Z4__g004169--FSPOR_4595","3249_Z4__g004169--FSPOR_4595","complement(11923..13035)","no","3249_Z4_len3064622.region004"
"NRRL3249","3249_Z4_len3064622",4,"3249_Z4__g004170--FGSG_10460..FSPOR_4593","3249_Z4__g004170--FGSG_10460..FSPOR_4593","complement(17612..18727)","no","3249_Z4_len3064622.region004"
"NRRL3249","3249_Z4_len3064622",4,"3249_Z4__g004171--FSPOR_4592","3249_Z4__g004171--FSPOR_4592","20001..31934","no","3249_Z4_len3064622.region004"
"NRRL3249","3249_Z4_len3064622",4,"3249_Z4__g004172--FSPOR_4591","3249_Z4__g004172--FSPOR_4591","complement(32671..33937)","no","3249_Z4_len3064622.region004"
"NRRL3249","3249_Z4_len3064622",4,"3249_Z4__g004173--FSPOR_4590","3249_Z4__g004173--FSPOR_4590","complement(34775..35749)","no","3249_Z4_len3064622.region004"
"NRRL3249","3249_Z4_len3064622",4,"3249_Z4__g004174--FSPOR_4589","3249_Z4__g004174--FSPOR_4589","36223..37853","no","3249_Z4_len3064622.region004"
"NRRL3249","3249_Z4_len3064622",4,"3249_Z4__g004175--FGSG_10983..FSPOR_4588","3249_Z4__g004175--FGSG_10983..FSPOR_4588","complement(38008..39450)","no","3249_Z4_len3064622.region004"
"NRRL3249","3249_Z4_len3064622",4,"dpp4","3249_Z4__g004176--FGSG_10982..FSPOR_4587","complement(41420..43762)","no","3249_Z4_len3064622.region004"
"NRRL3249","3249_Z4_len3064622",4,"3249_Z4__g004177--FGSG_13880..FSPOR_4586","3249_Z4__g004177--FGSG_13880..FSPOR_4586","complement(44286..45257)","no","3249_Z4_len3064622.region004"
"NRRL3249","3249_Z4_len3064622",4,"3249_Z4__g004178--FGSG_13881..FSPOR_4585","3249_Z4__g004178--FGSG_13881..FSPOR_4585","complement(45525..47138)","no","3249_Z4_len3064622.region004"
"NRRL3249","3249_Z4_len3064622",4,"3249_Z4__g004179","3249_Z4__g004179","complement(47412..49069)","no","3249_Z4_len3064622.region004"
"NRRL3249","3249_Z5_len3063904",1,"3249_Z5__g004726","3249_Z5__g004726","complement(875..949)","yes","3249_Z5_len3063904.region001"
"NRRL3249","3249_Z5_len3063904",1,"3249_Z5__g004727--FGSG_11311..FSPOR_1129","3249_Z5__g004727--FGSG_11311..FSPOR_1129","complement(2111..2953)","no","3249_Z5_len3063904.region001"
"NRRL3249","3249_Z5_len3063904",1,"3249_Z5__g004728--FGSG_03725..FSPOR_1130","3249_Z5__g004728--FGSG_03725..FSPOR_1130","complement(3790..5598)","no","3249_Z5_len3063904.region001"
"NRRL3249","3249_Z5_len3063904",1,"3249_Z5__g004729","3249_Z5__g004729","7235..7308","yes","3249_Z5_len3063904.region001"
"NRRL3249","3249_Z5_len3063904",1,"3249_Z5__g004730--FGSG_03726..FSPOR_1131","3249_Z5__g004730--FGSG_03726..FSPOR_1131","complement(7505..9190)","no","3249_Z5_len3063904.region001"
"NRRL3249","3249_Z5_len3063904",1,"3249_Z5__g004731--FGSG_03727..FSPOR_1133","3249_Z5__g004731--FGSG_03727..FSPOR_1133","10848..12414","no","3249_Z5_len3063904.region001"
"NRRL3249","3249_Z5_len3063904",1,"3249_Z5__g004732--FGSG_03728..FSPOR_1134","3249_Z5__g004732--FGSG_03728..FSPOR_1134","13483..14585","no","3249_Z5_len3063904.region001"
"NRRL3249","3249_Z5_len3063904",1,"3249_Z5__g004733--FGSG_03729..FSPOR_1135","3249_Z5__g004733--FGSG_03729..FSPOR_1135","15402..16696","no","3249_Z5_len3063904.region001"
"NRRL3249","3249_Z5_len3063904",1,"3249_Z5__g004734--FGSG_03730..FSPOR_1136","3249_Z5__g004734--FGSG_03730..FSPOR_1136","complement(17094..18982)","no","3249_Z5_len3063904.region001"
"NRRL3249","3249_Z5_len3063904",1,"3249_Z5__g004735--FGSG_03731..FSPOR_1137","3249_Z5__g004735--FGSG_03731..FSPOR_1137","19860..20954","no","3249_Z5_len3063904.region001"
"NRRL3249","3249_Z5_len3063904",1,"3249_Z5__g004736--FGSG_03732..FSPOR_1138","3249_Z5__g004736--FGSG_03732..FSPOR_1138","21774..23701","no","3249_Z5_len3063904.region001"
"NRRL3249","3249_Z5_len3063904",1,"3249_Z5__g004737--FGSG_03734..FSPOR_1139","3249_Z5__g004737--FGSG_03734..FSPOR_1139","complement(24003..24681)","no","3249_Z5_len3063904.region001"
"NRRL3249","3249_Z5_len3063904",1,"CDR1_2","3249_Z5__g004738--FGSG_03735..FSPOR_1141","complement(25001..31957)","no","3249_Z5_len3063904.region001"
"NRRL3249","3249_Z5_len3063904",1,"3249_Z5__g004739--FGSG_03736..FSPOR_1142","3249_Z5__g004739--FGSG_03736..FSPOR_1142","33736..37523","no","3249_Z5_len3063904.region001"
"NRRL3249","3249_Z5_len3063904",1,"3249_Z5__g004740--FGSG_03737..FSPOR_1143","3249_Z5__g004740--FGSG_03737..FSPOR_1143","38628..40382","no","3249_Z5_len3063904.region001"
"NRRL3249","3249_Z5_len3063904",1,"3249_Z5__g004741--FGSG_03738..FSPOR_1144","3249_Z5__g004741--FGSG_03738..FSPOR_1144","complement(40704..41777)","no","3249_Z5_len3063904.region001"
"NRRL3249","3249_Z5_len3063904",1,"ATF1_4","3249_Z5__g004742--FGSG_03739..FSPOR_1145","42515..43963","no","3249_Z5_len3063904.region001"
"NRRL3249","3249_Z5_len3063904",1,"3249_Z5__g004743--FGSG_12390..FSPOR_1146","3249_Z5__g004743--FGSG_12390..FSPOR_1146","44842..47058","no","3249_Z5_len3063904.region001"
"NRRL3249","3249_Z5_len3063904",1,"3249_Z5__g004744--FGSG_12389..FSPOR_1147","3249_Z5__g004744--FGSG_12389..FSPOR_1147","47551..48990","no","3249_Z5_len3063904.region001"
"NRRL3249","3249_Z5_len3063904",1,"3249_Z5__g004745--FGSG_03742..FSPOR_1148","3249_Z5__g004745--FGSG_03742..FSPOR_1148","complement(49405..51972)","no","3249_Z5_len3063904.region001"
"NRRL3249","3249_Z5_len3063904",1,"3249_Z5__g004746--FGSG_03741..FSPOR_1149","3249_Z5__g004746--FGSG_03741..FSPOR_1149","complement(53280..55090)","no","3249_Z5_len3063904.region001"
"NRRL3249","3249_Z5_len3063904",1,"3249_Z5__g004747","3249_Z5__g004747","complement(56754..56853)","yes","3249_Z5_len3063904.region001"
"NRRL3249","3249_Z5_len3063904",1,"3249_Z5__g004748--FGSG_03743..FSPOR_1150","3249_Z5__g004748--FGSG_03743..FSPOR_1150","57842..58806","no","3249_Z5_len3063904.region001"
"NRRL3249","3249_Z5_len3063904",1,"3249_Z5__g004749--FGSG_03744..FSPOR_1151","3249_Z5__g004749--FGSG_03744..FSPOR_1151","complement(59243..61189)","no","3249_Z5_len3063904.region001"
"NRRL3249","3249_Z5_len3063904",1,"3249_Z5__g004750--FGSG_03745..FSPOR_1152","3249_Z5__g004750--FGSG_03745..FSPOR_1152","complement(63256..64542)","no","3249_Z5_len3063904.region001"
"NRRL3249","3249_Z5_len3063904",1,"3249_Z5__g004751--FGSG_03746..FSPOR_1153","3249_Z5__g004751--FGSG_03746..FSPOR_1153","67109..67984","no","3249_Z5_len3063904.region001"
"NRRL3249","3249_Z5_len3063904",1,"NPS6","3249_Z5__g004752--FGSG_03747..FSPOR_1154","69356..75621","no","3249_Z5_len3063904.region001"
"NRRL3249","3249_Z5_len3063904",1,"3249_Z5__g004753--FGSG_03748..FSPOR_1155","3249_Z5__g004753--FGSG_03748..FSPOR_1155","complement(75753..76566)","no","3249_Z5_len3063904.region001"
"NRRL3249","3249_Z5_len3063904",1,"3249_Z5__g004754--FSPOR_1156","3249_Z5__g004754--FSPOR_1156","complement(77754..78045)","no","3249_Z5_len3063904.region001"
"NRRL3249","3249_Z5_len3063904",1,"3249_Z5__g004755--FGSG_12386..FSPOR_1157","3249_Z5__g004755--FGSG_12386..FSPOR_1157","81830..82969","no","3249_Z5_len3063904.region001"
"NRRL3249","3249_Z5_len3063904",1,"3249_Z5__g004756--FGSG_03752..FSPOR_1158","3249_Z5__g004756--FGSG_03752..FSPOR_1158","complement(83130..84258)","no","3249_Z5_len3063904.region001"
"NRRL3249","3249_Z5_len3063904",1,"3249_Z5__g004757--FGSG_03751..FSPOR_1159","3249_Z5__g004757--FGSG_03751..FSPOR_1159","85436..87357","no","3249_Z5_len3063904.region001"
"NRRL3249","3249_Z5_len3063904",1,"3249_Z5__g004758--FGSG_03750..FSPOR_1160","3249_Z5__g004758--FGSG_03750..FSPOR_1160","complement(87721..88533)","no","3249_Z5_len3063904.region001"
"NRRL3249","3249_Z5_len3063904",1,"3249_Z5__g004759","3249_Z5__g004759","complement(89690..90453)","no","3249_Z5_len3063904.region001"
"NRRL3249","3249_Z5_len3063904",1,"3249_Z5__g004760--FGSG_03749..FSPOR_1162","3249_Z5__g004760--FGSG_03749..FSPOR_1162","complement(92333..93839)","no","3249_Z5_len3063904.region001"
"NRRL3249","3249_Z6_len3034431",1,"3249_Z6__g006214--FGSG_02333..FSPOR_6903","3249_Z6__g006214--FGSG_02333..FSPOR_6903","236..1465","no","3249_Z6_len3034431.region001"
"NRRL3249","3249_Z6_len3034431",1,"3249_Z6__g006215--FGSG_02332..FSPOR_6902","3249_Z6__g006215--FGSG_02332..FSPOR_6902","complement(2434..3447)","no","3249_Z6_len3034431.region001"
"NRRL3249","3249_Z6_len3034431",1,"3249_Z6__g006216--FGSG_02331..FSPOR_6901","3249_Z6__g006216--FGSG_02331..FSPOR_6901","4955..6301","no","3249_Z6_len3034431.region001"
"NRRL3249","3249_Z6_len3034431",1,"AURL2","3249_Z6__g006217--FGSG_02330..FSPOR_6900","7274..9178","no","3249_Z6_len3034431.region001"
"NRRL3249","3249_Z6_len3034431",1,"3249_Z6__g006218--FGSG_02329..FSPOR_6899","3249_Z6__g006218--FGSG_02329..FSPOR_6899","complement(9445..10726)","no","3249_Z6_len3034431.region001"
"NRRL3249","3249_Z6_len3034431",1,"GIP1","3249_Z6__g006219--FGSG_02328..FSPOR_6898","11067..13286","no","3249_Z6_len3034431.region001"
"NRRL3249","3249_Z6_len3034431",1,"3249_Z6__g006220--FGSG_02327..FSPOR_6897","3249_Z6__g006220--FGSG_02327..FSPOR_6897","complement(13675..15476)","no","3249_Z6_len3034431.region001"
"NRRL3249","3249_Z6_len3034431",1,"3249_Z6__g006221--FGSG_02326..FSPOR_6896","3249_Z6__g006221--FGSG_02326..FSPOR_6896","15946..17377","no","3249_Z6_len3034431.region001"
"NRRL3249","3249_Z6_len3034431",1,"3249_Z6__g006222--FGSG_02325..FSPOR_6895","3249_Z6__g006222--FGSG_02325..FSPOR_6895","complement(17699..18212)","no","3249_Z6_len3034431.region001"
"NRRL3249","3249_Z6_len3034431",1,"PKS12","3249_Z6__g006223--FGSG_02324..FSPOR_6894","20001..25230","no","3249_Z6_len3034431.region001"
"NRRL3249","3249_Z6_len3034431",1,"AURR2","3249_Z6__g006224--FGSG_02323..FSPOR_6893","complement(25566..27778)","no","3249_Z6_len3034431.region001"
"NRRL3249","3249_Z6_len3034431",1,"3249_Z6__g006225--FGSG_02322..FSPOR_6892","3249_Z6__g006225--FGSG_02322..FSPOR_6892","28418..30117","no","3249_Z6_len3034431.region001"
"NRRL3249","3249_Z6_len3034431",1,"3249_Z6__g006226--FGSG_02321..FSPOR_6891","3249_Z6__g006226--FGSG_02321..FSPOR_6891","complement(30622..32223)","no","3249_Z6_len3034431.region001"
"NRRL3249","3249_Z6_len3034431",1,"AURR1","3249_Z6__g006227--FGSG_02320..FSPOR_6890","33531..34742","no","3249_Z6_len3034431.region001"
"NRRL3249","3249_Z6_len3034431",1,"3249_Z6__g006228--FGSG_02317..FSPOR_6889","3249_Z6__g006228--FGSG_02317..FSPOR_6889","complement(35574..36650)","no","3249_Z6_len3034431.region001"
"NRRL3249","3249_Z6_len3034431",1,"3249_Z6__g006229","3249_Z6__g006229","complement(37726..38370)","no","3249_Z6_len3034431.region001"
"NRRL3249","3249_Z6_len3034431",1,"3249_Z6__g006230--FGSG_02316..FSPOR_6888","3249_Z6__g006230--FGSG_02316..FSPOR_6888","complement(38602..42676)","no","3249_Z6_len3034431.region001"
"NRRL3249","3249_Z6_len3034431",2,"3249_Z6__g006276--FGSG_02259..FSPOR_6832","3249_Z6__g006276--FGSG_02259..FSPOR_6832","complement(3272..4234)","no","3249_Z6_len3034431.region002"
"NRRL3249","3249_Z6_len3034431",2,"3249_Z6__g006277--FGSG_02258..FSPOR_6831","3249_Z6__g006277--FGSG_02258..FSPOR_6831","5004..6180","no","3249_Z6_len3034431.region002"
"NRRL3249","3249_Z6_len3034431",2,"3249_Z6__g006278--FGSG_12106..FSPOR_6830","3249_Z6__g006278--FGSG_12106..FSPOR_6830","7182..8902","no","3249_Z6_len3034431.region002"
"NRRL3249","3249_Z6_len3034431",2,"3249_Z6__g006279--FGSG_12105..FSPOR_6829","3249_Z6__g006279--FGSG_12105..FSPOR_6829","9410..10237","no","3249_Z6_len3034431.region002"
"NRRL3249","3249_Z6_len3034431",2,"3249_Z6__g006280--FGSG_02255..FSPOR_6828","3249_Z6__g006280--FGSG_02255..FSPOR_6828","11382..12105","no","3249_Z6_len3034431.region002"
"NRRL3249","3249_Z6_len3034431",2,"3249_Z6__g006281","3249_Z6__g006281","13596..13667","yes","3249_Z6_len3034431.region002"
"NRRL3249","3249_Z6_len3034431",2,"3249_Z6__g006282--FGSG_07754..FSPOR_6826","3249_Z6__g006282--FGSG_07754..FSPOR_6826","14240..15178","no","3249_Z6_len3034431.region002"
"NRRL3249","3249_Z6_len3034431",2,"SIT1_2","3249_Z6__g006283--FGSG_02252..FSPOR_6825","complement(15759..17519)","no","3249_Z6_len3034431.region002"
"NRRL3249","3249_Z6_len3034431",2,"3249_Z6__g006284--FGSG_07755..FSPOR_6824","3249_Z6__g006284--FGSG_07755..FSPOR_6824","complement(18334..18831)","no","3249_Z6_len3034431.region002"
"NRRL3249","3249_Z6_len3034431",2,"3249_Z6__g006285--FGSG_02251..FSPOR_6823","3249_Z6__g006285--FGSG_02251..FSPOR_6823","complement(20001..23342)","no","3249_Z6_len3034431.region002"
"NRRL3249","3249_Z6_len3034431",2,"3249_Z6__g006286","3249_Z6__g006286","complement(23887..25414)","no","3249_Z6_len3034431.region002"
"NRRL3249","3249_Z6_len3034431",2,"3249_Z6__g006287--FGSG_02249..FSPOR_6822","3249_Z6__g006287--FGSG_02249..FSPOR_6822","26277..26987","no","3249_Z6_len3034431.region002"
"NRRL3249","3249_Z6_len3034431",2,"ZRT1_2","3249_Z6__g006288--FGSG_02248..FSPOR_6821","28153..30159","no","3249_Z6_len3034431.region002"
"NRRL3249","3249_Z6_len3034431",2,"AYR1","3249_Z6__g006289--FGSG_02247..FSPOR_6820","complement(30524..31573)","no","3249_Z6_len3034431.region002"
"NRRL3249","3249_Z6_len3034431",2,"3249_Z6__g006290--FGSG_02245..FSPOR_6819","3249_Z6__g006290--FGSG_02245..FSPOR_6819","complement(32898..33869)","no","3249_Z6_len3034431.region002"
"NRRL3249","3249_Z6_len3034431",2,"3249_Z6__g006291--FGSG_02244..FSPOR_6818","3249_Z6__g006291--FGSG_02244..FSPOR_6818","complement(35012..37757)","no","3249_Z6_len3034431.region002"
"NRRL3249","3249_Z6_len3034431",3,"3249_Z6__g006575--FGSG_12039..FSPOR_1009","3249_Z6__g006575--FGSG_12039..FSPOR_1009","1881..7327","no","3249_Z6_len3034431.region003"
"NRRL3249","3249_Z6_len3034431",3,"3249_Z6__g006576--FGSG_01963..FSPOR_1010","3249_Z6__g006576--FGSG_01963..FSPOR_1010","complement(8009..9396)","no","3249_Z6_len3034431.region003"
"NRRL3249","3249_Z6_len3034431",3,"3249_Z6__g006577--FGSG_01962..FSPOR_1011","3249_Z6__g006577--FGSG_01962..FSPOR_1011","10431..12482","no","3249_Z6_len3034431.region003"
"NRRL3249","3249_Z6_len3034431",3,"3249_Z6__g006578--FSPOR_1012","3249_Z6__g006578--FSPOR_1012","13539..15386","no","3249_Z6_len3034431.region003"
"NRRL3249","3249_Z6_len3034431",3,"3249_Z6__g006579--FSPOR_1013","3249_Z6__g006579--FSPOR_1013","complement(15914..16673)","no","3249_Z6_len3034431.region003"
"NRRL3249","3249_Z6_len3034431",3,"PKS40","3249_Z6__g006580--FSPOR_1014","complement(20001..27887)","no","3249_Z6_len3034431.region003"
"NRRL3249","3249_Z6_len3034431",3,"3249_Z6__g006581--FSPOR_1015","3249_Z6__g006581--FSPOR_1015","29006..29861","no","3249_Z6_len3034431.region003"
"NRRL3249","3249_Z6_len3034431",3,"3249_Z6__g006582--FSPOR_1016","3249_Z6__g006582--FSPOR_1016","complement(30356..34462)","no","3249_Z6_len3034431.region003"
"NRRL3249","3249_Z6_len3034431",3,"3249_Z6__g006583--FSPOR_1017","3249_Z6__g006583--FSPOR_1017","35345..37396","no","3249_Z6_len3034431.region003"
"NRRL3249","3249_Z6_len3034431",3,"NRPS32","3249_Z6__g006584--FGSG_13878..FSPOR_1018","38993..65895","no","3249_Z6_len3034431.region003"
"NRRL3249","3249_Z6_len3034431",3,"3249_Z6__g006585--FGSG_01960..FSPOR_1019","3249_Z6__g006585--FGSG_01960..FSPOR_1019","complement(66548..66934)","no","3249_Z6_len3034431.region003"
"NRRL3249","3249_Z6_len3034431",3,"ERG5","3249_Z6__g006586--FGSG_01959..FSPOR_1020","70831..72676","no","3249_Z6_len3034431.region003"
"NRRL3249","3249_Z6_len3034431",3,"3249_Z6__g006587--FGSG_01958..FSPOR_1021","3249_Z6__g006587--FGSG_01958..FSPOR_1021","73456..74064","no","3249_Z6_len3034431.region003"
"NRRL3249","3249_Z6_len3034431",3,"3249_Z6__g006588--FGSG_01957..FSPOR_1022","3249_Z6__g006588--FGSG_01957..FSPOR_1022","complement(74307..75310)","no","3249_Z6_len3034431.region003"
"NRRL3249","3249_Z6_len3034431",3,"ANB1","3249_Z6__g006589--FGSG_01955..FSPOR_1024","complement(79707..80594)","no","3249_Z6_len3034431.region003"
"NRRL3249","3249_Z6_len3034431",3,"VPS52","3249_Z6__g006590--FGSG_01954..FSPOR_1025","82312..84397","no","3249_Z6_len3034431.region003"
"NRRL3249","3249_Z7_len2527853",1,"3249_Z7__g006748--FGSG_01798..FSPOR_2667","3249_Z7__g006748--FGSG_01798..FSPOR_2667","4973..5746","no","3249_Z7_len2527853.region001"
"NRRL3249","3249_Z7_len2527853",1,"3249_Z7__g006749--FGSG_01797..FSPOR_2668","3249_Z7__g006749--FGSG_01797..FSPOR_2668","6325..7769","no","3249_Z7_len2527853.region001"
"NRRL3249","3249_Z7_len2527853",1,"3249_Z7__g006750--FGSG_01796..FSPOR_2669","3249_Z7__g006750--FGSG_01796..FSPOR_2669","complement(8303..9010)","no","3249_Z7_len2527853.region001"
"NRRL3249","3249_Z7_len2527853",1,"3249_Z7__g006751--FGSG_01794..FSPOR_2671","3249_Z7__g006751--FGSG_01794..FSPOR_2671","complement(12265..13331)","no","3249_Z7_len2527853.region001"
"NRRL3249","3249_Z7_len2527853",1,"3249_Z7__g006752--FGSG_01793..FSPOR_2672","3249_Z7__g006752--FGSG_01793..FSPOR_2672","complement(14417..15056)","no","3249_Z7_len2527853.region001"
"NRRL3249","3249_Z7_len2527853",1,"3249_Z7__g006753--FGSG_01792..FSPOR_2673","3249_Z7__g006753--FGSG_01792..FSPOR_2673","15467..17236","no","3249_Z7_len2527853.region001"
"NRRL3249","3249_Z7_len2527853",1,"3249_Z7__g006754--FGSG_01791..FSPOR_2674","3249_Z7__g006754--FGSG_01791..FSPOR_2674","complement(17919..19311)","no","3249_Z7_len2527853.region001"
"NRRL3249","3249_Z7_len2527853",1,"3249_Z7__g006755--FGSG_01790..FSPOR_2675","3249_Z7__g006755--FGSG_01790..FSPOR_2675","complement(20001..27595)","no","3249_Z7_len2527853.region001"
"NRRL3249","3249_Z7_len2527853",1,"3249_Z7__g006756--FGSG_01789..FSPOR_2676","3249_Z7__g006756--FGSG_01789..FSPOR_2676","complement(28204..30432)","no","3249_Z7_len2527853.region001"
"NRRL3249","3249_Z7_len2527853",1,"3249_Z7__g006757","3249_Z7__g006757","32818..33180","no","3249_Z7_len2527853.region001"
"NRRL3249","3249_Z7_len2527853",1,"3249_Z7__g006758--FGSG_01787..FSPOR_2677","3249_Z7__g006758--FGSG_01787..FSPOR_2677","34080..34883","no","3249_Z7_len2527853.region001"
"NRRL3249","3249_Z7_len2527853",1,"3249_Z7__g006759--FGSG_01786..FSPOR_2678","3249_Z7__g006759--FGSG_01786..FSPOR_2678","complement(35170..37103)","no","3249_Z7_len2527853.region001"
"NRRL3249","3249_Z7_len2527853",1,"3249_Z7__g006760--FGSG_01785..FSPOR_2679","3249_Z7__g006760--FGSG_01785..FSPOR_2679","complement(37721..39106)","no","3249_Z7_len2527853.region001"
"NRRL3249","3249_Z7_len2527853",1,"3249_Z7__g006761--FGSG_01784..FSPOR_2680","3249_Z7__g006761--FGSG_01784..FSPOR_2680","complement(39869..41053)","no","3249_Z7_len2527853.region001"
"NRRL3249","3249_Z7_len2527853",1,"3249_Z7__g006762--FGSG_01782..FSPOR_2682","3249_Z7__g006762--FGSG_01782..FSPOR_2682","43314..43850","no","3249_Z7_len2527853.region001"
"NRRL3249","3249_Z7_len2527853",1,"3249_Z7__g006763","3249_Z7__g006763","complement(44025..44933)","no","3249_Z7_len2527853.region001"
"NRRL3249","3249_Z7_len2527853",1,"3249_Z7__g006764--FGSG_01781..FSPOR_2683","3249_Z7__g006764--FGSG_01781..FSPOR_2683","complement(45007..46269)","no","3249_Z7_len2527853.region001"
"NRRL3249","3249_Z7_len2527853",2,"atl1","3249_Z7__g006847--FGSG_01689..FSPOR_10437","complement(5340..5841)","no","3249_Z7_len2527853.region002"
"NRRL3249","3249_Z7_len2527853",2,"3249_Z7__g006848--FGSG_01685..FSPOR_10438","3249_Z7__g006848--FGSG_01685..FSPOR_10438","7504..9369","no","3249_Z7_len2527853.region002"
"NRRL3249","3249_Z7_len2527853",2,"3249_Z7__g006849--FGSG_01686..FSPOR_10439","3249_Z7__g006849--FGSG_01686..FSPOR_10439","complement(9764..10901)","no","3249_Z7_len2527853.region002"
"NRRL3249","3249_Z7_len2527853",2,"3249_Z7__g006850--FGSG_01687..FSPOR_10440","3249_Z7__g006850--FGSG_01687..FSPOR_10440","12047..13007","no","3249_Z7_len2527853.region002"
"NRRL3249","3249_Z7_len2527853",2,"3249_Z7__g006851--FGSG_01688..FSPOR_10441","3249_Z7__g006851--FGSG_01688..FSPOR_10441","complement(13164..13991)","no","3249_Z7_len2527853.region002"
"NRRL3249","3249_Z7_len2527853",2,"3249_Z7__g006852--FSPOR_10442","3249_Z7__g006852--FSPOR_10442","complement(14383..15723)","no","3249_Z7_len2527853.region002"
"NRRL3249","3249_Z7_len2527853",2,"3249_Z7__g006853--FSPOR_4925","3249_Z7__g006853--FSPOR_4925","16964..20251","no","3249_Z7_len2527853.region002"
"NRRL3249","3249_Z7_len2527853",2,"DIP5","3249_Z7__g006854--FGSG_01675..FSPOR_4924","24507..26339","no","3249_Z7_len2527853.region002"
"NRRL3249","3249_Z7_len2527853",2,"3249_Z7__g006855--FGSG_01674..FSPOR_4923","3249_Z7__g006855--FGSG_01674..FSPOR_4923","complement(26980..27898)","no","3249_Z7_len2527853.region002"
"NRRL3249","3249_Z7_len2527853",2,"3249_Z7__g006856--FGSG_01673..FSPOR_4922","3249_Z7__g006856--FGSG_01673..FSPOR_4922","30001..31124","no","3249_Z7_len2527853.region002"
"NRRL3249","3249_Z7_len2527853",2,"nmt1","3249_Z7__g006857--FGSG_01672..FSPOR_4921","complement(31940..33075)","no","3249_Z7_len2527853.region002"
"NRRL3249","3249_Z7_len2527853",2,"SIW14","3249_Z7__g006858--FGSG_01671..FSPOR_4920","38736..39752","no","3249_Z7_len2527853.region002"
"NRRL3249","3249_Z7_len2527853",2,"3249_Z7__g006859--FGSG_01670..FSPOR_4919","3249_Z7__g006859--FGSG_01670..FSPOR_4919","complement(41084..41682)","no","3249_Z7_len2527853.region002"
"NRRL3249","3249_Z7_len2527853",2,"3249_Z7__g006860--FGSG_01669..FSPOR_4918","3249_Z7__g006860--FGSG_01669..FSPOR_4918","complement(42536..43314)","no","3249_Z7_len2527853.region002"
"NRRL3249","3249_Z7_len2527853",2,"3249_Z7__g006861--FGSG_01668..FSPOR_4917","3249_Z7__g006861--FGSG_01668..FSPOR_4917","complement(45421..46025)","no","3249_Z7_len2527853.region002"
"NRRL3249","3249_Z7_len2527853",2,"PHO88","3249_Z7__g006862--FGSG_01667..FSPOR_4916","47445..48167","no","3249_Z7_len2527853.region002"
"NRRL3249","3249_Z7_len2527853",2,"RAD14","3249_Z7__g006863--FGSG_01666..FSPOR_4915","48655..49900","no","3249_Z7_len2527853.region002"
"NRRL3249","3249_Z7_len2527853",2,"ADI1_3","3249_Z7__g006864--FGSG_01665..FSPOR_4914","50665..53254","no","3249_Z7_len2527853.region002"
"NRRL3249","3249_Z7_len2527853",2,"3249_Z7__g006865","3249_Z7__g006865","complement(53632..53703)","yes","3249_Z7_len2527853.region002"
"NRRL3249","3249_Z7_len2527853",2,"3249_Z7__g006866--FGSG_01662..FSPOR_4913","3249_Z7__g006866--FGSG_01662..FSPOR_4913","complement(57191..59163)","no","3249_Z7_len2527853.region002"
"NRRL3249","3249_Z8_len1736631",1,"3249_Z8__g007560--FGSG_08791..FSPOR_8623","3249_Z8__g007560--FGSG_08791..FSPOR_8623","6927..9819","no","3249_Z8_len1736631.region001"
"NRRL3249","3249_Z8_len1736631",1,"3249_Z8__g007561--FGSG_08792..FSPOR_8624","3249_Z8__g007561--FGSG_08792..FSPOR_8624","11044..11446","no","3249_Z8_len1736631.region001"
"NRRL3249","3249_Z8_len1736631",1,"3249_Z8__g007562--FGSG_08794..FSPOR_8626","3249_Z8__g007562--FGSG_08794..FSPOR_8626","complement(14306..15787)","no","3249_Z8_len1736631.region001"
"NRRL3249","3249_Z8_len1736631",1,"3249_Z8__g007563--FGSG_08795..FSPOR_8627","3249_Z8__g007563--FGSG_08795..FSPOR_8627","20001..27493","no","3249_Z8_len1736631.region001"
"NRRL3249","3249_Z8_len1736631",1,"3249_Z8__g007564","3249_Z8__g007564","complement(28013..28094)","yes","3249_Z8_len1736631.region001"
"NRRL3249","3249_Z8_len1736631",1,"3249_Z8__g007565--FGSG_08796..FSPOR_8628","3249_Z8__g007565--FGSG_08796..FSPOR_8628","complement(28369..29876)","no","3249_Z8_len1736631.region001"
"NRRL3249","3249_Z8_len1736631",1,"3249_Z8__g007566--FGSG_08797..FSPOR_8629","3249_Z8__g007566--FGSG_08797..FSPOR_8629","31672..33710","no","3249_Z8_len1736631.region001"
"NRRL3249","3249_Z8_len1736631",1,"3249_Z8__g007567--FGSG_08798..FSPOR_8630","3249_Z8__g007567--FGSG_08798..FSPOR_8630","complement(34907..36490)","no","3249_Z8_len1736631.region001"
"NRRL3249","3249_Z8_len1736631",1,"3249_Z8__g007568--FGSG_08799..FSPOR_8631","3249_Z8__g007568--FGSG_08799..FSPOR_8631","37656..39284","no","3249_Z8_len1736631.region001"
"NRRL3249","3249_Z8_len1736631",1,"YAP1","3249_Z8__g007569--FGSG_08800..FSPOR_8632","41186..43057","no","3249_Z8_len1736631.region001"
"NRRL3249","3249_Z8_len1736631",1,"3249_Z8__g007570--FGSG_08801..FSPOR_8633","3249_Z8__g007570--FGSG_08801..FSPOR_8633","43841..44693","no","3249_Z8_len1736631.region001"
"NRRL3249","3249_Z8_len1736631",1,"3249_Z8__g007571--FGSG_08802..FSPOR_8634","3249_Z8__g007571--FGSG_08802..FSPOR_8634","45469..46885","no","3249_Z8_len1736631.region001"
"NRRL3249","3249_Z8_len1736631",2,"3249_Z8__g008029--FGSG_03063..FSPOR_4849","3249_Z8__g008029--FGSG_03063..FSPOR_4849","3362..4973","no","3249_Z8_len1736631.region002"
"NRRL3249","3249_Z8_len1736631",2,"3249_Z8__g008030--FGSG_03064..FSPOR_4848","3249_Z8__g008030--FGSG_03064..FSPOR_4848","complement(5609..6625)","no","3249_Z8_len1736631.region002"
"NRRL3249","3249_Z8_len1736631",2,"3249_Z8__g008031--FGSG_03065..FSPOR_4847","3249_Z8__g008031--FGSG_03065..FSPOR_4847","complement(7503..9405)","no","3249_Z8_len1736631.region002"
"NRRL3249","3249_Z8_len1736631",2,"3249_Z8__g008032--FGSG_03066..FSPOR_4846","3249_Z8__g008032--FGSG_03066..FSPOR_4846","complement(10001..12024)","no","3249_Z8_len1736631.region002"
"NRRL3249","3249_Z8_len1736631",2,"3249_Z8__g008033--FGSG_03067..FSPOR_4845","3249_Z8__g008033--FGSG_03067..FSPOR_4845","13304..15034","no","3249_Z8_len1736631.region002"
"NRRL3249","3249_Z8_len1736631",2,"3249_Z8__g008034--FGSG_03068..FSPOR_4844","3249_Z8__g008034--FGSG_03068..FSPOR_4844","complement(15303..16985)","no","3249_Z8_len1736631.region002"
"NRRL3249","3249_Z8_len1736631",2,"3249_Z8__g008035--FGSG_03069..FSPOR_4843","3249_Z8__g008035--FGSG_03069..FSPOR_4843","complement(18763..19848)","no","3249_Z8_len1736631.region002"
"NRRL3249","3249_Z8_len1736631",2,"3249_Z8__g008036--FGSG_03070..FSPOR_4842","3249_Z8__g008036--FGSG_03070..FSPOR_4842","complement(20918..21286)","no","3249_Z8_len1736631.region002"
"NRRL3249","3249_Z9_len1564766",1,"3249_Z9__g008074--FSPOR_11962","3249_Z9__g008074--FSPOR_11962","complement(4161..4937)","no","3249_Z9_len1564766.region001"
"NRRL3249","3249_Z9_len1564766",1,"3249_Z9__g008075--FGSG_10634..FSPOR_9953","3249_Z9__g008075--FGSG_10634..FSPOR_9953","complement(6351..7146)","no","3249_Z9_len1564766.region001"
"NRRL3249","3249_Z9_len1564766",1,"TRX1_2","3249_Z9__g008076--FGSG_03946..FSPOR_10248","complement(9046..9541)","no","3249_Z9_len1564766.region001"
"NRRL3249","3249_Z9_len1564766",1,"3249_Z9__g008077--FSPOR_10250","3249_Z9__g008077--FSPOR_10250","complement(13140..16771)","no","3249_Z9_len1564766.region001"
"NRRL3249","3249_Z9_len1564766",1,"3249_Z9__g008078","3249_Z9__g008078","16970..19805","no","3249_Z9_len1564766.region001"
"NRRL3249","3249_Z9_len1564766",1,"3249_Z9__g008079--FSPOR_10243","3249_Z9__g008079--FSPOR_10243","complement(20565..21956)","no","3249_Z9_len1564766.region001"
"NRRL3249","3249_Z9_len1564766",1,"3249_Z9__g008080--FSPOR_10241","3249_Z9__g008080--FSPOR_10241","complement(25911..27603)","no","3249_Z9_len1564766.region001"
"NRRL3249","3249_Z9_len1564766",1,"3249_Z9__g008081--FSPOR_10240","3249_Z9__g008081--FSPOR_10240","28309..29643","no","3249_Z9_len1564766.region001"
"NRRL3249","3249_Z9_len1564766",1,"3249_Z9__g008082--FGSG_04662..FSPOR_10239","3249_Z9__g008082--FGSG_04662..FSPOR_10239","complement(30001..30951)","no","3249_Z9_len1564766.region001"
"NRRL3249","3249_Z9_len1564766",1,"3249_Z9__g008083--FGSG_12207..FSPOR_10238","3249_Z9__g008083--FGSG_12207..FSPOR_10238","31626..31897","no","3249_Z9_len1564766.region001"
"NRRL3249","3249_Z9_len1564766",1,"3249_Z9__g008084--FGSG_02882..FSPOR_10237","3249_Z9__g008084--FGSG_02882..FSPOR_10237","33330..36854","no","3249_Z9_len1564766.region001"
"NRRL3249","3249_Z9_len1564766",1,"3249_Z9__g008085--FSPOR_10236","3249_Z9__g008085--FSPOR_10236","complement(39102..40890)","no","3249_Z9_len1564766.region001"
"NRRL3249","3249_Z9_len1564766",1,"3249_Z9__g008086--FSPOR_10235","3249_Z9__g008086--FSPOR_10235","41357..42753","no","3249_Z9_len1564766.region001"
"NRRL3249","3249_Z9_len1564766",1,"HRT2_2","3249_Z9__g008087--FSPOR_10234","complement(43256..44677)","no","3249_Z9_len1564766.region001"
"NRRL3249","3249_Z9_len1564766",1,"3249_Z9__g008088--FSPOR_10233","3249_Z9__g008088--FSPOR_10233","45178..46706","no","3249_Z9_len1564766.region001"
"NRRL3249","3249_Z9_len1564766",1,"3249_Z9__g008089--FSPOR_10232","3249_Z9__g008089--FSPOR_10232","complement(50312..52119)","no","3249_Z9_len1564766.region001"
"NRRL3249","3249_Z9_len1564766",1,"3249_Z9__g008090--FSPOR_10231","3249_Z9__g008090--FSPOR_10231","complement(53015..54579)","no","3249_Z9_len1564766.region001"
"NRRL3249","3249_Z9_len1564766",1,"3249_Z9__g008091--FSPOR_10229","3249_Z9__g008091--FSPOR_10229","complement(57555..59432)","no","3249_Z9_len1564766.region001"
"NRRL3249","3249_Z9_len1564766",1,"3249_Z9__g008092--FSPOR_10228","3249_Z9__g008092--FSPOR_10228","60453..63189","no","3249_Z9_len1564766.region001"
"NRRL3249","3249_Z9_len1564766",1,"3249_Z9__g008093--FGSG_02394..FSPOR_4542","3249_Z9__g008093--FGSG_02394..FSPOR_4542","complement(66015..68495)","no","3249_Z9_len1564766.region001"
"NRRL3249","3249_Z9_len1564766",1,"IPL1_1","3249_Z9__g008094","72760..73993","no","3249_Z9_len1564766.region001"
"NRRL3249","3249_Z9_len1564766",1,"3249_Z9__g008095--FGSG_02399..FSPOR_4537","3249_Z9__g008095--FGSG_02399..FSPOR_4537","74707..76427","no","3249_Z9_len1564766.region001"
"NRRL3249","3249_Z9_len1564766",1,"3249_Z9__g008096--FGSG_10669..FSPOR_4536","3249_Z9__g008096--FGSG_10669..FSPOR_4536","77241..79143","no","3249_Z9_len1564766.region001"
"NRRL3249","3249_Z9_len1564766",1,"3249_Z9__g008097--FGSG_10670..FSPOR_4535","3249_Z9__g008097--FGSG_10670..FSPOR_4535","79957..81021","no","3249_Z9_len1564766.region001"
"NRRL3249","3249_Z9_len1564766",1,"LEU2_1","3249_Z9__g008098--FGSG_10671..FSPOR_4534","complement(81132..82283)","no","3249_Z9_len1564766.region001"
"NRRL3249","3249_Z9_len1564766",1,"3249_Z9__g008099--FGSG_10672..FSPOR_4533","3249_Z9__g008099--FGSG_10672..FSPOR_4533","82752..83610","no","3249_Z9_len1564766.region001"
"NRRL3249","3249_Z9_len1564766",1,"3249_Z9__g008100--FGSG_10673..FSPOR_4532","3249_Z9__g008100--FGSG_10673..FSPOR_4532","84153..85710","no","3249_Z9_len1564766.region001"
"NRRL3249","3249_Z9_len1564766",1,"3249_Z9__g008101--FGSG_10674..FSPOR_4531","3249_Z9__g008101--FGSG_10674..FSPOR_4531","86551..88011","no","3249_Z9_len1564766.region001"
"NRRL3249","3249_Z9_len1564766",2,"3249_Z9__g008117--FGSG_10653..FSPOR_4519","3249_Z9__g008117--FGSG_10653..FSPOR_4519","complement(1331..2272)","no","3249_Z9_len1564766.region002"
"NRRL3249","3249_Z9_len1564766",2,"3249_Z9__g008118--FSPOR_4518","3249_Z9__g008118--FSPOR_4518","complement(6760..7178)","no","3249_Z9_len1564766.region002"
"NRRL3249","3249_Z9_len1564766",2,"3249_Z9__g008119--FSPOR_4517","3249_Z9__g008119--FSPOR_4517","complement(8331..8918)","no","3249_Z9_len1564766.region002"
"NRRL3249","3249_Z9_len1564766",2,"3249_Z9__g008120--FGSG_04615..FSPOR_4516","3249_Z9__g008120--FGSG_04615..FSPOR_4516","complement(10001..10744)","no","3249_Z9_len1564766.region002"
"NRRL3249","3249_Z9_len1564766",2,"3249_Z9__g008121--FSPOR_4515","3249_Z9__g008121--FSPOR_4515","complement(11601..12920)","no","3249_Z9_len1564766.region002"
"NRRL3249","3249_Z9_len1564766",2,"3249_Z9__g008122","3249_Z9__g008122","18093..18590","no","3249_Z9_len1564766.region002"
"NRRL3249","3249_Z9_len1564766",3,"3249_Z9__g008133--FGSG_10626..FSPOR_4501","3249_Z9__g008133--FGSG_10626..FSPOR_4501","complement(672..1613)","no","3249_Z9_len1564766.region003"
"NRRL3249","3249_Z9_len1564766",3,"3249_Z9__g008134--FGSG_04745..FSPOR_4500","3249_Z9__g008134--FGSG_04745..FSPOR_4500","complement(1946..2232)","no","3249_Z9_len1564766.region003"
"NRRL3249","3249_Z9_len1564766",3,"3249_Z9__g008135--FSPOR_4499","3249_Z9__g008135--FSPOR_4499","complement(2346..3102)","no","3249_Z9_len1564766.region003"
"NRRL3249","3249_Z9_len1564766",3,"3249_Z9__g008136--FSPOR_4498","3249_Z9__g008136--FSPOR_4498","5034..6080","no","3249_Z9_len1564766.region003"
"NRRL3249","3249_Z9_len1564766",3,"3249_Z9__g008137--FSPOR_4497","3249_Z9__g008137--FSPOR_4497","complement(6212..8009)","no","3249_Z9_len1564766.region003"
"NRRL3249","3249_Z9_len1564766",3,"3249_Z9__g008138--FSPOR_4496","3249_Z9__g008138--FSPOR_4496","complement(11161..11667)","no","3249_Z9_len1564766.region003"
"NRRL3249","3249_Z9_len1564766",3,"3249_Z9__g008139--FSPOR_4495","3249_Z9__g008139--FSPOR_4495","17958..18890","no","3249_Z9_len1564766.region003"
"NRRL3249","3249_Z9_len1564766",3,"3249_Z9__g008140--FGSG_10617..FSPOR_4494","3249_Z9__g008140--FGSG_10617..FSPOR_4494","20001..23311","no","3249_Z9_len1564766.region003"
"NRRL3249","3249_Z9_len1564766",3,"3249_Z9__g008141--FGSG_04682..FSPOR_4493","3249_Z9__g008141--FGSG_04682..FSPOR_4493","complement(24118..25119)","no","3249_Z9_len1564766.region003"
"NRRL3249","3249_Z9_len1564766",3,"3249_Z9__g008142--FGSG_10605..FSPOR_4491","3249_Z9__g008142--FGSG_10605..FSPOR_4491","complement(27810..28472)","no","3249_Z9_len1564766.region003"
"NRRL3249","3249_Z9_len1564766",3,"3249_Z9__g008143--FGSG_10604..FSPOR_4490","3249_Z9__g008143--FGSG_10604..FSPOR_4490","29331..30887","no","3249_Z9_len1564766.region003"
"NRRL3249","3249_Z9_len1564766",3,"3249_Z9__g008144--FGSG_07815..FSPOR_4489","3249_Z9__g008144--FGSG_07815..FSPOR_4489","complement(31467..32636)","no","3249_Z9_len1564766.region003"
"NRRL3249","3249_Z9_len1564766",3,"ADY2","3249_Z9__g008145--FGSG_12406..FSPOR_4488","34680..35246","no","3249_Z9_len1564766.region003"
"NRRL3249","3249_Z9_len1564766",3,"3249_Z9__g008146--FGSG_12407..FSPOR_4487","3249_Z9__g008146--FGSG_12407..FSPOR_4487","35957..36436","no","3249_Z9_len1564766.region003"
"NRRL3249","3249_Z9_len1564766",3,"3249_Z9__g008147--FSPOR_4486","3249_Z9__g008147--FSPOR_4486","39598..41333","no","3249_Z9_len1564766.region003"
"NRRL3249","3249_Z9_len1564766",3,"3249_Z9__g008148--FSPOR_4485","3249_Z9__g008148--FSPOR_4485","41675..43243","no","3249_Z9_len1564766.region003"
"NRRL3249","3249_Z9_len1564766",4,"3249_Z9__g008263--FGSG_10529..FSPOR_10919","3249_Z9__g008263--FGSG_10529..FSPOR_10919","440..2050","no","3249_Z9_len1564766.region004"
"NRRL3249","3249_Z9_len1564766",4,"3249_Z9__g008264--FGSG_10528..FSPOR_10920","3249_Z9__g008264--FGSG_10528..FSPOR_10920","complement(2503..5194)","no","3249_Z9_len1564766.region004"
"NRRL3249","3249_Z9_len1564766",4,"SUB2_1","3249_Z9__g008265--FGSG_10525..FSPOR_10921","complement(6991..8298)","no","3249_Z9_len1564766.region004"
"NRRL3249","3249_Z9_len1564766",4,"3249_Z9__g008266--FGSG_10526..FSPOR_10922","3249_Z9__g008266--FGSG_10526..FSPOR_10922","complement(9191..11557)","no","3249_Z9_len1564766.region004"
"NRRL3249","3249_Z9_len1564766",4,"SIT4_2","3249_Z9__g008267--FGSG_10524..FSPOR_10923","13986..17119","no","3249_Z9_len1564766.region004"
"NRRL3249","3249_Z9_len1564766",4,"SIT4_3","3249_Z9__g008268--FSPOR_10924","17708..18226","no","3249_Z9_len1564766.region004"
"NRRL3249","3249_Z9_len1564766",4,"3249_Z9__g008269--FGSG_10523..FSPOR_10925","3249_Z9__g008269--FGSG_10523..FSPOR_10925","20001..27643","no","3249_Z9_len1564766.region004"
"NRRL3249","3249_Z9_len1564766",4,"3249_Z9__g008270--FGSG_10522..FSPOR_10926","3249_Z9__g008270--FGSG_10522..FSPOR_10926","complement(28154..30919)","no","3249_Z9_len1564766.region004"
"NRRL3249","3249_Z9_len1564766",4,"3249_Z9__g008271--FGSG_10521..FSPOR_10927","3249_Z9__g008271--FGSG_10521..FSPOR_10927","complement(33552..34457)","no","3249_Z9_len1564766.region004"
"NRRL3249","3249_Z9_len1564766",4,"3249_Z9__g008272--FGSG_10520..FSPOR_10928","3249_Z9__g008272--FGSG_10520..FSPOR_10928","35117..36853","no","3249_Z9_len1564766.region004"
"NRRL3249","3249_Z9_len1564766",4,"YVH1","3249_Z9__g008273--FGSG_10516..FSPOR_10929","complement(41349..42598)","no","3249_Z9_len1564766.region004"
"NRRL3249","3249_Z9_len1564766",4,"3249_Z9__g008274--FGSG_10517..FSPOR_10930","3249_Z9__g008274--FGSG_10517..FSPOR_10930","complement(44976..46994)","no","3249_Z9_len1564766.region004"
