"Accession","cluster","chrm","region","locus_tag","gene","type","bb_type","start","end","strand"
"NRRL3510","3510_Z1_len5549732.region001","3510_Z1_len5549732",1,"3510_Z1__g000037--FGSG_12204..FSPOR_8049","3510_Z1__g000037--FGSG_12204..FSPOR_8049","transport","N/A",146269,147314,-1
"NRRL3510","3510_Z1_len5549732.region001","3510_Z1_len5549732",1,"3510_Z1__g000038--FGSG_08137..FSPOR_8051","3510_Z1__g000038--FGSG_08137..FSPOR_8051","other","N/A",151731,152606,-1
"NRRL3510","3510_Z1_len5549732.region001","3510_Z1_len5549732",1,"3510_Z1__g000039","3510_Z1__g000039","biosynthetic-additional","N/A",161599,162727,-1
"NRRL3510","3510_Z1_len5549732.region001","3510_Z1_len5549732",1,"3510_Z1__g000040","3510_Z1__g000040","biosynthetic-additional","N/A",163467,164868,1
"NRRL3510","3510_Z1_len5549732.region001","3510_Z1_len5549732",1,"3510_Z1__g000041","3510_Z1__g000041","biosynthetic","NRPS-like",166044,170101,1
"NRRL3510","3510_Z1_len5549732.region001","3510_Z1_len5549732",1,"3510_Z1__g000042","3510_Z1__g000042","other","N/A",170629,171330,1
"NRRL3510","3510_Z1_len5549732.region001","3510_Z1_len5549732",1,"3510_Z1__g000043--FSPOR_8053","3510_Z1__g000043--FSPOR_8053","other","N/A",176013,178045,-1
"NRRL3510","3510_Z1_len5549732.region001","3510_Z1_len5549732",1,"3510_Z1__g000044--FGSG_04670..FSPOR_8054","3510_Z1__g000044--FGSG_04670..FSPOR_8054","biosynthetic-additional","N/A",178670,180081,-1
"NRRL3510","3510_Z1_len5549732.region001","3510_Z1_len5549732",1,"3510_Z1__g000045--FSPOR_8055","3510_Z1__g000045--FSPOR_8055","other","N/A",184238,184889,1
"NRRL3510","3510_Z1_len5549732.region002","3510_Z1_len5549732",2,"3510_Z1__g000176--FGSG_09100..FSPOR_4330","3510_Z1__g000176--FGSG_09100..FSPOR_4330","other","N/A",619567,619902,1
"NRRL3510","3510_Z1_len5549732.region002","3510_Z1_len5549732",2,"3510_Z1__g000177","3510_Z1__g000177","other","N/A",621281,621727,1
"NRRL3510","3510_Z1_len5549732.region002","3510_Z1_len5549732",2,"3510_Z1__g000178--FGSG_04497..FSPOR_4331","3510_Z1__g000178--FGSG_04497..FSPOR_4331","other","N/A",622039,623169,1
"NRRL3510","3510_Z1_len5549732.region002","3510_Z1_len5549732",2,"3510_Z1__g000179--FGSG_04501..FSPOR_4332","3510_Z1__g000179--FGSG_04501..FSPOR_4332","other","N/A",624450,627092,-1
"NRRL3510","3510_Z1_len5549732.region002","3510_Z1_len5549732",2,"3510_Z1__g000180--FGSG_09115..FSPOR_4333","3510_Z1__g000180--FGSG_09115..FSPOR_4333","other","N/A",628081,628776,-1
"NRRL3510","3510_Z1_len5549732.region002","3510_Z1_len5549732",2,"3510_Z1__g000181","3510_Z1__g000181","other","N/A",630410,630979,1
"NRRL3510","3510_Z1_len5549732.region002","3510_Z1_len5549732",2,"3510_Z1__g000182--FGSG_11242..FSPOR_4336","3510_Z1__g000182--FGSG_11242..FSPOR_4336","biosynthetic","NI-siderophore",631768,634772,-1
"NRRL3510","3510_Z1_len5549732.region002","3510_Z1_len5549732",2,"3510_Z1__g000183--FSPOR_4338","3510_Z1__g000183--FSPOR_4338","other","N/A",640547,641140,-1
"NRRL3510","3510_Z1_len5549732.region003","3510_Z1_len5549732",3,"3510_Z1__g000717--FGSG_03970..FSPOR_9815","3510_Z1__g000717--FGSG_03970..FSPOR_9815","other","N/A",2304456,2304725,-1
"NRRL3510","3510_Z1_len5549732.region003","3510_Z1_len5549732",3,"3510_Z1__g000718--FGSG_03969..FSPOR_9814","3510_Z1__g000718--FGSG_03969..FSPOR_9814","other","N/A",2312589,2313914,1
"NRRL3510","3510_Z1_len5549732.region003","3510_Z1_len5549732",3,"3510_Z1__g000719--FGSG_03968..FSPOR_9813","3510_Z1__g000719--FGSG_03968..FSPOR_9813","other","N/A",2314414,2315427,-1
"NRRL3510","3510_Z1_len5549732.region003","3510_Z1_len5549732",3,"3510_Z1__g000720--FGSG_03966..FSPOR_9812","3510_Z1__g000720--FGSG_03966..FSPOR_9812","other","N/A",2317521,2319829,-1
"NRRL3510","3510_Z1_len5549732.region003","3510_Z1_len5549732",3,"3510_Z1__g000721--FSPOR_9811","3510_Z1__g000721--FSPOR_9811","biosynthetic-additional","N/A",2321355,2322778,1
"NRRL3510","3510_Z1_len5549732.region003","3510_Z1_len5549732",3,"3510_Z1__g000722","3510_Z1__g000722","other","N/A",2322881,2324333,-1
"NRRL3510","3510_Z1_len5549732.region003","3510_Z1_len5549732",3,"3510_Z1__g000723--FSPOR_9810","3510_Z1__g000723--FSPOR_9810","biosynthetic","T1PKS",2324415,2330871,-1
"NRRL3510","3510_Z1_len5549732.region003","3510_Z1_len5549732",3,"3510_Z1__g000724--FSPOR_9804","3510_Z1__g000724--FSPOR_9804","biosynthetic-additional","N/A",2330965,2332080,1
"NRRL3510","3510_Z1_len5549732.region003","3510_Z1_len5549732",3,"3510_Z1__g000725--FGSG_03963..FSPOR_9803","3510_Z1__g000725--FGSG_03963..FSPOR_9803","biosynthetic-additional","N/A",2332436,2334455,1
"NRRL3510","3510_Z1_len5549732.region003","3510_Z1_len5549732",3,"3510_Z1__g000726--FGSG_12362..FSPOR_9802","3510_Z1__g000726--FGSG_12362..FSPOR_9802","other","N/A",2336278,2337582,1
"NRRL3510","3510_Z1_len5549732.region003","3510_Z1_len5549732",3,"3510_Z1__g000727--FGSG_10592..FSPOR_9801","3510_Z1__g000727--FGSG_10592..FSPOR_9801","other","N/A",2339250,2339671,1
"NRRL3510","3510_Z1_len5549732.region003","3510_Z1_len5549732",3,"3510_Z1__g000728--FSPOR_9800","3510_Z1__g000728--FSPOR_9800","other","N/A",2340372,2341580,-1
"NRRL3510","3510_Z1_len5549732.region003","3510_Z1_len5549732",3,"3510_Z1__g000729--FSPOR_9799","3510_Z1__g000729--FSPOR_9799","other","N/A",2344308,2345513,1
"NRRL3510","3510_Z1_len5549732.region003","3510_Z1_len5549732",3,"3510_Z1__g000730--FGSG_03962..FSPOR_1368","3510_Z1__g000730--FGSG_03962..FSPOR_1368","other","N/A",2349304,2350553,1
"NRRL3510","3510_Z1_len5549732.region004","3510_Z1_len5549732",4,"3510_Z1__g000935--FGSG_03749..FSPOR_1162","3510_Z1__g000935--FGSG_03749..FSPOR_1162","other","N/A",2856176,2857682,1
"NRRL3510","3510_Z1_len5549732.region004","3510_Z1_len5549732",4,"3510_Z1__g000936--FGSG_12387..FSPOR_1161","3510_Z1__g000936--FGSG_12387..FSPOR_1161","other","N/A",2858105,2858426,-1
"NRRL3510","3510_Z1_len5549732.region004","3510_Z1_len5549732",4,"3510_Z1__g000937","3510_Z1__g000937","other","N/A",2859823,2860582,1
"NRRL3510","3510_Z1_len5549732.region004","3510_Z1_len5549732",4,"3510_Z1__g000938--FGSG_03750..FSPOR_1160","3510_Z1__g000938--FGSG_03750..FSPOR_1160","other","N/A",2861482,2862294,1
"NRRL3510","3510_Z1_len5549732.region004","3510_Z1_len5549732",4,"3510_Z1__g000939--FGSG_03751..FSPOR_1159","3510_Z1__g000939--FGSG_03751..FSPOR_1159","other","N/A",2862658,2864579,-1
"NRRL3510","3510_Z1_len5549732.region004","3510_Z1_len5549732",4,"3510_Z1__g000940--FGSG_03752..FSPOR_1158","3510_Z1__g000940--FGSG_03752..FSPOR_1158","other","N/A",2865755,2866883,1
"NRRL3510","3510_Z1_len5549732.region004","3510_Z1_len5549732",4,"3510_Z1__g000941--FGSG_12386..FSPOR_1157","3510_Z1__g000941--FGSG_12386..FSPOR_1157","biosynthetic-additional","N/A",2867044,2868183,-1
"NRRL3510","3510_Z1_len5549732.region004","3510_Z1_len5549732",4,"3510_Z1__g000942--FGSG_03748..FSPOR_1155","3510_Z1__g000942--FGSG_03748..FSPOR_1155","other","N/A",2873525,2874338,1
"NRRL3510","3510_Z1_len5549732.region004","3510_Z1_len5549732",4,"3510_Z1__g000944--FGSG_03746..FSPOR_1153","3510_Z1__g000944--FGSG_03746..FSPOR_1153","biosynthetic-additional","N/A",2882093,2882968,-1
"NRRL3510","3510_Z1_len5549732.region004","3510_Z1_len5549732",4,"3510_Z1__g000945--FGSG_03745..FSPOR_1152","3510_Z1__g000945--FGSG_03745..FSPOR_1152","biosynthetic-additional","N/A",2885539,2886825,1
"NRRL3510","3510_Z1_len5549732.region004","3510_Z1_len5549732",4,"3510_Z1__g000946--FGSG_03744..FSPOR_1151","3510_Z1__g000946--FGSG_03744..FSPOR_1151","transport","N/A",2888892,2890838,1
"NRRL3510","3510_Z1_len5549732.region004","3510_Z1_len5549732",4,"3510_Z1__g000947--FGSG_03743..FSPOR_1150","3510_Z1__g000947--FGSG_03743..FSPOR_1150","other","N/A",2891275,2892239,-1
"NRRL3510","3510_Z1_len5549732.region004","3510_Z1_len5549732",4,"3510_Z1__g000949--FGSG_03741..FSPOR_1149","3510_Z1__g000949--FGSG_03741..FSPOR_1149","biosynthetic-additional","N/A",2894993,2896803,1
"NRRL3510","3510_Z1_len5549732.region004","3510_Z1_len5549732",4,"3510_Z1__g000950--FGSG_03742..FSPOR_1148","3510_Z1__g000950--FGSG_03742..FSPOR_1148","other","N/A",2898110,2900695,1
"NRRL3510","3510_Z1_len5549732.region004","3510_Z1_len5549732",4,"3510_Z1__g000951--FGSG_12390..FSPOR_1146","3510_Z1__g000951--FGSG_12390..FSPOR_1146","other","N/A",2903040,2905257,-1
"NRRL3510","3510_Z1_len5549732.region004","3510_Z1_len5549732",4,"3510_Z1__g000953--FGSG_03738..FSPOR_1144","3510_Z1__g000953--FGSG_03738..FSPOR_1144","biosynthetic-additional","N/A",2908322,2909398,1
"NRRL3510","3510_Z1_len5549732.region004","3510_Z1_len5549732",4,"3510_Z1__g000954--FGSG_03737..FSPOR_1143","3510_Z1__g000954--FGSG_03737..FSPOR_1143","transport","N/A",2909717,2911471,-1
"NRRL3510","3510_Z1_len5549732.region004","3510_Z1_len5549732",4,"3510_Z1__g000955--FGSG_03736..FSPOR_1142","3510_Z1__g000955--FGSG_03736..FSPOR_1142","biosynthetic","isocyanide-nrp",2912576,2916363,-1
"NRRL3510","3510_Z1_len5549732.region004","3510_Z1_len5549732",4,"3510_Z1__g000957--FGSG_03734..FSPOR_1139","3510_Z1__g000957--FGSG_03734..FSPOR_1139","other","N/A",2925433,2926111,1
"NRRL3510","3510_Z1_len5549732.region004","3510_Z1_len5549732",4,"3510_Z1__g000958--FGSG_03732..FSPOR_1138","3510_Z1__g000958--FGSG_03732..FSPOR_1138","other","N/A",2926413,2928341,-1
"NRRL3510","3510_Z1_len5549732.region004","3510_Z1_len5549732",4,"3510_Z1__g000959--FGSG_03731..FSPOR_1137","3510_Z1__g000959--FGSG_03731..FSPOR_1137","biosynthetic-additional","N/A",2929160,2930254,-1
"NRRL3510","3510_Z1_len5549732.region004","3510_Z1_len5549732",4,"3510_Z1__g000960--FGSG_03730..FSPOR_1136","3510_Z1__g000960--FGSG_03730..FSPOR_1136","other","N/A",2931132,2933021,1
"NRRL3510","3510_Z1_len5549732.region004","3510_Z1_len5549732",4,"3510_Z1__g000961--FGSG_03729..FSPOR_1135","3510_Z1__g000961--FGSG_03729..FSPOR_1135","biosynthetic-additional","N/A",2933419,2934713,-1
"NRRL3510","3510_Z1_len5549732.region004","3510_Z1_len5549732",4,"3510_Z1__g000962--FGSG_03728..FSPOR_1134","3510_Z1__g000962--FGSG_03728..FSPOR_1134","biosynthetic-additional","N/A",2935529,2936631,-1
"NRRL3510","3510_Z1_len5549732.region004","3510_Z1_len5549732",4,"3510_Z1__g000963--FGSG_03727..FSPOR_1133","3510_Z1__g000963--FGSG_03727..FSPOR_1133","other","N/A",2937700,2939978,-1
"NRRL3510","3510_Z1_len5549732.region004","3510_Z1_len5549732",4,"3510_Z1__g000964--FGSG_03726..FSPOR_1131","3510_Z1__g000964--FGSG_03726..FSPOR_1131","transport","N/A",2941048,2942601,1
"NRRL3510","3510_Z1_len5549732.region004","3510_Z1_len5549732",4,"3510_Z1__g000966--FGSG_03725..FSPOR_1130","3510_Z1__g000966--FGSG_03725..FSPOR_1130","transport","N/A",2944534,2946309,1
"NRRL3510","3510_Z1_len5549732.region004","3510_Z1_len5549732",4,"3510_Z1__g000967--FGSG_11311..FSPOR_1129","3510_Z1__g000967--FGSG_11311..FSPOR_1129","biosynthetic-additional","N/A",2947147,2947989,1
"NRRL3510","3510_Z1_len5549732.region004","3510_Z1_len5549732",4,"ATF1_4","3510_Z1__g000952--FGSG_03739..FSPOR_1145","other","N/A",2906136,2907584,-1
"NRRL3510","3510_Z1_len5549732.region004","3510_Z1_len5549732",4,"CDR1_3","3510_Z1__g000956--FGSG_03735..FSPOR_1141","biosynthetic","isocyanide-nrp",2918144,2925112,1
"NRRL3510","3510_Z1_len5549732.region004","3510_Z1_len5549732",4,"NPS6","3510_Z1__g000943--FGSG_03747..FSPOR_1154","biosynthetic","NRPS",2874470,2880735,-1
"NRRL3510","3510_Z1_len5549732.region005","3510_Z1_len5549732",5,"TRI10","3510_Z1__g001159--FGSG_03538..FSPOR_6148","other","N/A",3424577,3425916,-1
"NRRL3510","3510_Z1_len5549732.region005","3510_Z1_len5549732",5,"TRI11","3510_Z1__g001158","biosynthetic-additional","N/A",3421003,3422728,1
"NRRL3510","3510_Z1_len5549732.region005","3510_Z1_len5549732",5,"TRI12","3510_Z1__g001157--FGSG_03540..FSPOR_6149","transport","N/A",3418460,3420495,1
"NRRL3510","3510_Z1_len5549732.region005","3510_Z1_len5549732",5,"TRI3","3510_Z1__g001162--FGSG_03534..FSPOR_6145","other","N/A",3434303,3436085,-1
"NRRL3510","3510_Z1_len5549732.region005","3510_Z1_len5549732",5,"TRI4","3510_Z1__g001161--FGSG_03535..FSPOR_6146","biosynthetic-additional","N/A",3431796,3433538,1
"NRRL3510","3510_Z1_len5549732.region005","3510_Z1_len5549732",5,"TRI5","3510_Z1__g001160--FGSG_03537..FSPOR_6147","biosynthetic","terpene",3426533,3427717,-1
"NRRL3510","3510_Z1_len5549732.region006","3510_Z1_len5549732",6,"3510_Z1__g001198--FGSG_03498..FSPOR_1937","3510_Z1__g001198--FGSG_03498..FSPOR_1937","biosynthetic-additional","N/A",3526510,3528137,1
"NRRL3510","3510_Z1_len5549732.region006","3510_Z1_len5549732",6,"3510_Z1__g001199--FGSG_03497..FSPOR_1936","3510_Z1__g001199--FGSG_03497..FSPOR_1936","other","N/A",3528911,3531977,1
"NRRL3510","3510_Z1_len5549732.region006","3510_Z1_len5549732",6,"3510_Z1__g001201--FGSG_03495..FSPOR_1935","3510_Z1__g001201--FGSG_03495..FSPOR_1935","other","N/A",3533555,3534486,1
"NRRL3510","3510_Z1_len5549732.region006","3510_Z1_len5549732",6,"3510_Z1__g001202--FGSG_03494..FSPOR_1934","3510_Z1__g001202--FGSG_03494..FSPOR_1934","biosynthetic","terpene",3535481,3536763,-1
"NRRL3510","3510_Z1_len5549732.region006","3510_Z1_len5549732",6,"3510_Z1__g001203--FGSG_03493..FSPOR_1933","3510_Z1__g001203--FGSG_03493..FSPOR_1933","other","N/A",3538673,3539053,-1
"NRRL3510","3510_Z1_len5549732.region006","3510_Z1_len5549732",6,"3510_Z1__g001204--FGSG_03492..FSPOR_1932","3510_Z1__g001204--FGSG_03492..FSPOR_1932","other","N/A",3540219,3540533,-1
"NRRL3510","3510_Z1_len5549732.region006","3510_Z1_len5549732",6,"3510_Z1__g001205","3510_Z1__g001205","other","N/A",3541626,3542078,-1
"NRRL3510","3510_Z1_len5549732.region006","3510_Z1_len5549732",6,"3510_Z1__g001206--FGSG_03489..FSPOR_1931","3510_Z1__g001206--FGSG_03489..FSPOR_1931","other","N/A",3542705,3544276,-1
"NRRL3510","3510_Z1_len5549732.region007","3510_Z1_len5549732",7,"3510_Z1__g001349--FGSG_03346..FSPOR_3719","3510_Z1__g001349--FGSG_03346..FSPOR_3719","biosynthetic-additional","N/A",3935427,3937217,-1
"NRRL3510","3510_Z1_len5549732.region007","3510_Z1_len5549732",7,"3510_Z1__g001350--FGSG_03345..FSPOR_3720","3510_Z1__g001350--FGSG_03345..FSPOR_3720","transport","N/A",3938055,3939934,1
"NRRL3510","3510_Z1_len5549732.region007","3510_Z1_len5549732",7,"3510_Z1__g001351--FGSG_03344..FSPOR_3721","3510_Z1__g001351--FGSG_03344..FSPOR_3721","other","N/A",3940163,3941438,-1
"NRRL3510","3510_Z1_len5549732.region007","3510_Z1_len5549732",7,"3510_Z1__g001352--FGSG_03343..FSPOR_3722","3510_Z1__g001352--FGSG_03343..FSPOR_3722","other","N/A",3942292,3945671,-1
"NRRL3510","3510_Z1_len5549732.region007","3510_Z1_len5549732",7,"3510_Z1__g001353--FGSG_03342..FSPOR_3723","3510_Z1__g001353--FGSG_03342..FSPOR_3723","biosynthetic-additional","N/A",3946292,3947257,-1
"NRRL3510","3510_Z1_len5549732.region007","3510_Z1_len5549732",7,"3510_Z1__g001354--FGSG_03341..FSPOR_3724","3510_Z1__g001354--FGSG_03341..FSPOR_3724","other","N/A",3950195,3950728,1
"NRRL3510","3510_Z1_len5549732.region007","3510_Z1_len5549732",7,"3510_Z1__g001356--FGSG_03339..FSPOR_3726","3510_Z1__g001356--FGSG_03339..FSPOR_3726","other","N/A",3962153,3962652,-1
"NRRL3510","3510_Z1_len5549732.region007","3510_Z1_len5549732",7,"3510_Z1__g001357--FGSG_03338..FSPOR_3727","3510_Z1__g001357--FGSG_03338..FSPOR_3727","other","N/A",3964977,3965485,-1
"NRRL3510","3510_Z1_len5549732.region007","3510_Z1_len5549732",7,"3510_Z1__g001358--FGSG_03337..FSPOR_11522","3510_Z1__g001358--FGSG_03337..FSPOR_11522","other","N/A",3966906,3967673,-1
"NRRL3510","3510_Z1_len5549732.region007","3510_Z1_len5549732",7,"3510_Z1__g001359--FGSG_03334..FSPOR_11523","3510_Z1__g001359--FGSG_03334..FSPOR_11523","other","N/A",3971183,3971723,1
"NRRL3510","3510_Z1_len5549732.region007","3510_Z1_len5549732",7,"3510_Z1__g001360--FGSG_03333..FSPOR_9267","3510_Z1__g001360--FGSG_03333..FSPOR_9267","other","N/A",3972012,3973106,-1
"NRRL3510","3510_Z1_len5549732.region007","3510_Z1_len5549732",7,"3510_Z1__g001361--FGSG_03332..FSPOR_9266","3510_Z1__g001361--FGSG_03332..FSPOR_9266","other","N/A",3973896,3975198,-1
"NRRL3510","3510_Z1_len5549732.region007","3510_Z1_len5549732",7,"3510_Z1__g001363--FGSG_03330..FSPOR_5956","3510_Z1__g001363--FGSG_03330..FSPOR_5956","transport","N/A",3977232,3978780,1
"NRRL3510","3510_Z1_len5549732.region007","3510_Z1_len5549732",7,"GPY1","3510_Z1__g001355--FGSG_03340..FSPOR_3725","biosynthetic","T1PKS",3951243,3959784,-1
"NRRL3510","3510_Z1_len5549732.region008","3510_Z1_len5549732",8,"3510_Z1__g001426--FGSG_03265..FSPOR_5893","3510_Z1__g001426--FGSG_03265..FSPOR_5893","other","N/A",4157572,4158843,-1
"NRRL3510","3510_Z1_len5549732.region008","3510_Z1_len5549732",8,"3510_Z1__g001427--FGSG_03264..FSPOR_5892","3510_Z1__g001427--FGSG_03264..FSPOR_5892","biosynthetic-additional","N/A",4161144,4162301,-1
"NRRL3510","3510_Z1_len5549732.region008","3510_Z1_len5549732",8,"3510_Z1__g001428--FGSG_03263..FSPOR_5891","3510_Z1__g001428--FGSG_03263..FSPOR_5891","other","N/A",4164123,4165676,-1
"NRRL3510","3510_Z1_len5549732.region008","3510_Z1_len5549732",8,"3510_Z1__g001429--FGSG_03262..FSPOR_5890","3510_Z1__g001429--FGSG_03262..FSPOR_5890","biosynthetic-additional","N/A",4166226,4167275,-1
"NRRL3510","3510_Z1_len5549732.region008","3510_Z1_len5549732",8,"3510_Z1__g001430--FGSG_03261..FSPOR_5889","3510_Z1__g001430--FGSG_03261..FSPOR_5889","other","N/A",4168826,4170311,1
"NRRL3510","3510_Z1_len5549732.region008","3510_Z1_len5549732",8,"3510_Z1__g001431--FGSG_03260..FSPOR_5888","3510_Z1__g001431--FGSG_03260..FSPOR_5888","biosynthetic-additional","N/A",4170535,4172216,-1
"NRRL3510","3510_Z1_len5549732.region008","3510_Z1_len5549732",8,"3510_Z1__g001432--FGSG_03259..FSPOR_5887","3510_Z1__g001432--FGSG_03259..FSPOR_5887","biosynthetic-additional","N/A",4172568,4173908,-1
"NRRL3510","3510_Z1_len5549732.region008","3510_Z1_len5549732",8,"3510_Z1__g001433--FGSG_03258..FSPOR_5886","3510_Z1__g001433--FGSG_03258..FSPOR_5886","biosynthetic-additional","N/A",4174631,4175657,-1
"NRRL3510","3510_Z1_len5549732.region008","3510_Z1_len5549732",8,"3510_Z1__g001434--FGSG_03257..FSPOR_5885","3510_Z1__g001434--FGSG_03257..FSPOR_5885","biosynthetic","NRPS-like",4176053,4178869,-1
"NRRL3510","3510_Z1_len5549732.region008","3510_Z1_len5549732",8,"3510_Z1__g001435--FGSG_03256..FSPOR_5884","3510_Z1__g001435--FGSG_03256..FSPOR_5884","biosynthetic-additional","N/A",4179722,4180626,1
"NRRL3510","3510_Z1_len5549732.region008","3510_Z1_len5549732",8,"3510_Z1__g001436--FGSG_03255..FSPOR_5883","3510_Z1__g001436--FGSG_03255..FSPOR_5883","biosynthetic-additional","N/A",4181456,4182499,1
"NRRL3510","3510_Z1_len5549732.region008","3510_Z1_len5549732",8,"3510_Z1__g001437--FGSG_03252..FSPOR_5882","3510_Z1__g001437--FGSG_03252..FSPOR_5882","other","N/A",4182853,4186869,-1
"NRRL3510","3510_Z1_len5549732.region008","3510_Z1_len5549732",8,"3510_Z1__g001438--FGSG_03251..FSPOR_5881","3510_Z1__g001438--FGSG_03251..FSPOR_5881","other","N/A",4190030,4190991,1
"NRRL3510","3510_Z1_len5549732.region008","3510_Z1_len5549732",8,"3510_Z1__g001439--FGSG_03250..FSPOR_5880","3510_Z1__g001439--FGSG_03250..FSPOR_5880","other","N/A",4191497,4192920,-1
"NRRL3510","3510_Z1_len5549732.region008","3510_Z1_len5549732",8,"GUT2","3510_Z1__g001440--FGSG_03249..FSPOR_5879","biosynthetic-additional","N/A",4195100,4197210,-1
"NRRL3510","3510_Z1_len5549732.region009","3510_Z1_len5549732",9,"3510_Z1__g001601--FGSG_03070..FSPOR_4842","3510_Z1__g001601--FGSG_03070..FSPOR_4842","other","N/A",4647926,4648294,1
"NRRL3510","3510_Z1_len5549732.region009","3510_Z1_len5549732",9,"3510_Z1__g001602--FGSG_03069..FSPOR_4843","3510_Z1__g001602--FGSG_03069..FSPOR_4843","other","N/A",4649364,4650449,1
"NRRL3510","3510_Z1_len5549732.region009","3510_Z1_len5549732",9,"3510_Z1__g001603--FGSG_03068..FSPOR_4844","3510_Z1__g001603--FGSG_03068..FSPOR_4844","other","N/A",4651228,4652647,1
"NRRL3510","3510_Z1_len5549732.region009","3510_Z1_len5549732",9,"3510_Z1__g001604--FGSG_03067..FSPOR_4845","3510_Z1__g001604--FGSG_03067..FSPOR_4845","other","N/A",4654179,4656345,-1
"NRRL3510","3510_Z1_len5549732.region009","3510_Z1_len5549732",9,"3510_Z1__g001605--FGSG_03066..FSPOR_4846","3510_Z1__g001605--FGSG_03066..FSPOR_4846","biosynthetic","terpene",4657185,4659208,1
"NRRL3510","3510_Z1_len5549732.region009","3510_Z1_len5549732",9,"3510_Z1__g001606--FGSG_03065..FSPOR_4847","3510_Z1__g001606--FGSG_03065..FSPOR_4847","biosynthetic-additional","N/A",4659804,4661707,1
"NRRL3510","3510_Z1_len5549732.region009","3510_Z1_len5549732",9,"3510_Z1__g001607--FGSG_03064..FSPOR_4848","3510_Z1__g001607--FGSG_03064..FSPOR_4848","other","N/A",4662585,4663601,1
"NRRL3510","3510_Z1_len5549732.region009","3510_Z1_len5549732",9,"3510_Z1__g001608--FGSG_03063..FSPOR_4849","3510_Z1__g001608--FGSG_03063..FSPOR_4849","other","N/A",4664237,4665848,-1
"NRRL3510","3510_Z11_len902690.region001","3510_Z11_len902690",1,"3510_Z11__g008939--FGSG_01660..FSPOR_4911","3510_Z11__g008939--FGSG_01660..FSPOR_4911","other","N/A",714200,715029,-1
"NRRL3510","3510_Z11_len902690.region001","3510_Z11_len902690",1,"3510_Z11__g008940--FGSG_01661..FSPOR_4912","3510_Z11__g008940--FGSG_01661..FSPOR_4912","biosynthetic-additional","N/A",716155,717400,-1
"NRRL3510","3510_Z11_len902690.region001","3510_Z11_len902690",1,"3510_Z11__g008941--FGSG_01662..FSPOR_4913","3510_Z11__g008941--FGSG_01662..FSPOR_4913","transport","N/A",718831,720803,1
"NRRL3510","3510_Z11_len902690.region001","3510_Z11_len902690",1,"3510_Z11__g008946--FGSG_01669..FSPOR_4918","3510_Z11__g008946--FGSG_01669..FSPOR_4918","other","N/A",731741,732519,1
"NRRL3510","3510_Z11_len902690.region001","3510_Z11_len902690",1,"3510_Z11__g008947--FGSG_01670..FSPOR_4919","3510_Z11__g008947--FGSG_01670..FSPOR_4919","other","N/A",733372,733970,1
"NRRL3510","3510_Z11_len902690.region001","3510_Z11_len902690",1,"3510_Z11__g008950--FGSG_01673..FSPOR_4922","3510_Z11__g008950--FGSG_01673..FSPOR_4922","biosynthetic","fungal-RiPP-like",743920,745042,-1
"NRRL3510","3510_Z11_len902690.region001","3510_Z11_len902690",1,"3510_Z11__g008951--FGSG_01674..FSPOR_4923","3510_Z11__g008951--FGSG_01674..FSPOR_4923","other","N/A",747151,748070,1
"NRRL3510","3510_Z11_len902690.region001","3510_Z11_len902690",1,"3510_Z11__g008953--FSPOR_4925","3510_Z11__g008953--FSPOR_4925","other","N/A",754777,758178,-1
"NRRL3510","3510_Z11_len902690.region001","3510_Z11_len902690",1,"3510_Z11__g008954--FSPOR_10442","3510_Z11__g008954--FSPOR_10442","other","N/A",759748,760612,1
"NRRL3510","3510_Z11_len902690.region001","3510_Z11_len902690",1,"3510_Z11__g008955--FGSG_01688..FSPOR_10441","3510_Z11__g008955--FGSG_01688..FSPOR_10441","other","N/A",761194,761513,1
"NRRL3510","3510_Z11_len902690.region001","3510_Z11_len902690",1,"3510_Z11__g008956--FGSG_01686..FSPOR_10439","3510_Z11__g008956--FGSG_01686..FSPOR_10439","biosynthetic-additional","N/A",764167,765304,1
"NRRL3510","3510_Z11_len902690.region001","3510_Z11_len902690",1,"3510_Z11__g008957--FGSG_01685..FSPOR_10438","3510_Z11__g008957--FGSG_01685..FSPOR_10438","other","N/A",765695,767560,-1
"NRRL3510","3510_Z11_len902690.region001","3510_Z11_len902690",1,"ADI1_1","3510_Z11__g008943--FGSG_01665..FSPOR_4914","other","N/A",721807,724396,-1
"NRRL3510","3510_Z11_len902690.region001","3510_Z11_len902690",1,"atl1","3510_Z11__g008958--FGSG_01689..FSPOR_10437","other","N/A",769222,769723,1
"NRRL3510","3510_Z11_len902690.region001","3510_Z11_len902690",1,"DIP5","3510_Z11__g008952--FGSG_01675..FSPOR_4924","biosynthetic-additional","N/A",748720,750554,-1
"NRRL3510","3510_Z11_len902690.region001","3510_Z11_len902690",1,"nmt1","3510_Z11__g008949--FGSG_01672..FSPOR_4921","other","N/A",742052,743109,1
"NRRL3510","3510_Z11_len902690.region001","3510_Z11_len902690",1,"PHO88","3510_Z11__g008945--FGSG_01667..FSPOR_4916","other","N/A",726894,727616,-1
"NRRL3510","3510_Z11_len902690.region001","3510_Z11_len902690",1,"RAD14","3510_Z11__g008944--FGSG_01666..FSPOR_4915","other","N/A",725161,726406,-1
"NRRL3510","3510_Z11_len902690.region001","3510_Z11_len902690",1,"SIW14","3510_Z11__g008948--FGSG_01671..FSPOR_4920","other","N/A",735297,735831,-1
"NRRL3510","3510_Z14_len754641.region001","3510_Z14_len754641",1,"3510_Z14__g009583--FGSG_08791..FSPOR_8623","3510_Z14__g009583--FGSG_08791..FSPOR_8623","other","N/A",194297,197191,1
"NRRL3510","3510_Z14_len754641.region001","3510_Z14_len754641",1,"3510_Z14__g009584--FGSG_08792..FSPOR_8624","3510_Z14__g009584--FGSG_08792..FSPOR_8624","other","N/A",198416,198818,1
"NRRL3510","3510_Z14_len754641.region001","3510_Z14_len754641",1,"3510_Z14__g009585--FGSG_08793..FSPOR_8625","3510_Z14__g009585--FGSG_08793..FSPOR_8625","other","N/A",198880,199842,-1
"NRRL3510","3510_Z14_len754641.region001","3510_Z14_len754641",1,"3510_Z14__g009586--FGSG_08794..FSPOR_8626","3510_Z14__g009586--FGSG_08794..FSPOR_8626","transport","N/A",201583,203064,-1
"NRRL3510","3510_Z14_len754641.region001","3510_Z14_len754641",1,"3510_Z14__g009587--FGSG_08795..FSPOR_8627","3510_Z14__g009587--FGSG_08795..FSPOR_8627","biosynthetic","T1PKS",207278,214770,1
"NRRL3510","3510_Z14_len754641.region001","3510_Z14_len754641",1,"3510_Z14__g009589--FGSG_08796..FSPOR_8628","3510_Z14__g009589--FGSG_08796..FSPOR_8628","other","N/A",215646,216746,-1
"NRRL3510","3510_Z14_len754641.region001","3510_Z14_len754641",1,"3510_Z14__g009590","3510_Z14__g009590","other","N/A",217670,218007,1
"NRRL3510","3510_Z14_len754641.region001","3510_Z14_len754641",1,"3510_Z14__g009591--FGSG_08797..FSPOR_8629","3510_Z14__g009591--FGSG_08797..FSPOR_8629","other","N/A",218968,221006,1
"NRRL3510","3510_Z14_len754641.region001","3510_Z14_len754641",1,"3510_Z14__g009592--FGSG_08798..FSPOR_8630","3510_Z14__g009592--FGSG_08798..FSPOR_8630","other","N/A",222203,223786,-1
"NRRL3510","3510_Z14_len754641.region001","3510_Z14_len754641",1,"3510_Z14__g009593--FGSG_08799..FSPOR_8631","3510_Z14__g009593--FGSG_08799..FSPOR_8631","transport","N/A",224952,226580,1
"NRRL3510","3510_Z14_len754641.region001","3510_Z14_len754641",1,"3510_Z14__g009595--FGSG_08801..FSPOR_8633","3510_Z14__g009595--FGSG_08801..FSPOR_8633","other","N/A",231138,231990,1
"NRRL3510","3510_Z14_len754641.region001","3510_Z14_len754641",1,"3510_Z14__g009596--FGSG_08802..FSPOR_8634","3510_Z14__g009596--FGSG_08802..FSPOR_8634","transport","N/A",232764,234180,1
"NRRL3510","3510_Z14_len754641.region001","3510_Z14_len754641",1,"YAP1","3510_Z14__g009594--FGSG_08800..FSPOR_8632","other","N/A",228483,230354,1
"NRRL3510","3510_Z16_len693917.region001","3510_Z16_len693917",1,"3510_Z16__g009948--FGSG_09178..FSPOR_158","3510_Z16__g009948--FGSG_09178..FSPOR_158","other","N/A",3307,5822,1
"NRRL3510","3510_Z16_len693917.region001","3510_Z16_len693917",1,"3510_Z16__g009949--FGSG_09179..FSPOR_157","3510_Z16__g009949--FGSG_09179..FSPOR_157","other","N/A",6622,7182,1
"NRRL3510","3510_Z16_len693917.region001","3510_Z16_len693917",1,"3510_Z16__g009950--FGSG_09180..FSPOR_156","3510_Z16__g009950--FGSG_09180..FSPOR_156","other","N/A",7809,9730,1
"NRRL3510","3510_Z16_len693917.region001","3510_Z16_len693917",1,"3510_Z16__g009951--FGSG_09181..FSPOR_155","3510_Z16__g009951--FGSG_09181..FSPOR_155","other","N/A",10294,11970,1
"NRRL3510","3510_Z16_len693917.region001","3510_Z16_len693917",1,"3510_Z16__g009955--FGSG_09185..FSPOR_150","3510_Z16__g009955--FGSG_09185..FSPOR_150","biosynthetic-additional","N/A",26267,28030,-1
"NRRL3510","3510_Z16_len693917.region001","3510_Z16_len693917",1,"3510_Z16__g009958--FGSG_09189..FSPOR_146","3510_Z16__g009958--FGSG_09189..FSPOR_146","biosynthetic-additional","N/A",34456,35668,1
"NRRL3510","3510_Z16_len693917.region001","3510_Z16_len693917",1,"3510_Z16__g009959","3510_Z16__g009959","other","N/A",36155,38609,1
"NRRL3510","3510_Z16_len693917.region001","3510_Z16_len693917",1,"FSR1","3510_Z16__g009952--FGSG_09182..FSPOR_154","biosynthetic","T1PKS",12339,19478,-1
"NRRL3510","3510_Z16_len693917.region001","3510_Z16_len693917",1,"FSR2","3510_Z16__g009953--FGSG_09183..FSPOR_153","biosynthetic-additional","N/A",20131,21358,1
"NRRL3510","3510_Z16_len693917.region001","3510_Z16_len693917",1,"FSR3","3510_Z16__g009954--FGSG_09184..FSPOR_152","other","N/A",21779,23471,-1
"NRRL3510","3510_Z16_len693917.region001","3510_Z16_len693917",1,"FSR4","3510_Z16__g009956--FGSG_09186..FSPOR_149","biosynthetic-additional","N/A",28418,29545,-1
"NRRL3510","3510_Z16_len693917.region001","3510_Z16_len693917",1,"FSR5","3510_Z16__g009957--FGSG_09187..FSPOR_148","biosynthetic-additional","N/A",30302,31102,-1
"NRRL3510","3510_Z16_len693917.region002","3510_Z16_len693917",2,"3510_Z16__g010150--FGSG_09379..FSPOR_6274","3510_Z16__g010150--FGSG_09379..FSPOR_6274","other","N/A",631370,633556,1
"NRRL3510","3510_Z16_len693917.region002","3510_Z16_len693917",2,"3510_Z16__g010153--FGSG_09382..FSPOR_6271","3510_Z16__g010153--FGSG_09382..FSPOR_6271","biosynthetic-additional","N/A",641156,642656,-1
"NRRL3510","3510_Z16_len693917.region002","3510_Z16_len693917",2,"3510_Z16__g010154--FGSG_09383..FSPOR_6270","3510_Z16__g010154--FGSG_09383..FSPOR_6270","biosynthetic-additional","N/A",647371,648110,1
"NRRL3510","3510_Z16_len693917.region002","3510_Z16_len693917",2,"CAJ1","3510_Z16__g010151--FGSG_09380..FSPOR_6273","other","N/A",634648,636387,-1
"NRRL3510","3510_Z16_len693917.region002","3510_Z16_len693917",2,"ERG9","3510_Z16__g010152--FGSG_09381..FSPOR_6272","biosynthetic","terpene",638501,640046,1
"NRRL3510","3510_Z18_len629002.region001","3510_Z18_len629002",1,"3510_Z18__g010427--FSPOR_5252","3510_Z18__g010427--FSPOR_5252","other","N/A",262036,263511,-1
"NRRL3510","3510_Z18_len629002.region001","3510_Z18_len629002",1,"3510_Z18__g010428--FSPOR_5253","3510_Z18__g010428--FSPOR_5253","biosynthetic-additional","N/A",265096,266846,-1
"NRRL3510","3510_Z18_len629002.region001","3510_Z18_len629002",1,"3510_Z18__g010429--FGSG_04704..FSPOR_5254","3510_Z18__g010429--FGSG_04704..FSPOR_5254","other","N/A",268666,269474,-1
"NRRL3510","3510_Z18_len629002.region001","3510_Z18_len629002",1,"3510_Z18__g010430","3510_Z18__g010430","other","N/A",271388,272651,-1
"NRRL3510","3510_Z18_len629002.region001","3510_Z18_len629002",1,"3510_Z18__g010431--FGSG_08009..FSPOR_5255","3510_Z18__g010431--FGSG_08009..FSPOR_5255","other","N/A",273583,275041,-1
"NRRL3510","3510_Z18_len629002.region001","3510_Z18_len629002",1,"3510_Z18__g010432--FGSG_13458..FSPOR_5256","3510_Z18__g010432--FGSG_13458..FSPOR_5256","other","N/A",276006,277668,1
"NRRL3510","3510_Z18_len629002.region001","3510_Z18_len629002",1,"3510_Z18__g010436--FSPOR_5260","3510_Z18__g010436--FSPOR_5260","biosynthetic-additional","N/A",299399,300151,1
"NRRL3510","3510_Z18_len629002.region001","3510_Z18_len629002",1,"AMD2","3510_Z18__g010433--FSPOR_5257","biosynthetic-additional","N/A",278614,280625,1
"NRRL3510","3510_Z18_len629002.region001","3510_Z18_len629002",1,"APF1","3510_Z18__g010434--FSPOR_5258","biosynthetic","NRPS",280825,296259,-1
"NRRL3510","3510_Z18_len629002.region001","3510_Z18_len629002",1,"APF11","3510_Z18__g010435--FSPOR_5259","transport","N/A",296965,298948,1
"NRRL3510","3510_Z18_len629002.region001","3510_Z18_len629002",1,"APF12","3510_Z18__g010440--FSPOR_5264","biosynthetic-additional","N/A",307424,311808,-1
"NRRL3510","3510_Z18_len629002.region001","3510_Z18_len629002",1,"APF7","3510_Z18__g010439--FSPOR_5262","biosynthetic-additional","N/A",305947,307228,1
"NRRL3510","3510_Z18_len629002.region001","3510_Z18_len629002",1,"APF8","3510_Z18__g010438","other","N/A",303940,304387,-1
"NRRL3510","3510_Z18_len629002.region001","3510_Z18_len629002",1,"APF9","3510_Z18__g010437--FSPOR_5261","biosynthetic-additional","N/A",300949,302823,-1
"NRRL3510","3510_Z18_len629002.region002","3510_Z18_len629002",2,"3510_Z18__g010477--FSPOR_6473","3510_Z18__g010477--FSPOR_6473","other","N/A",459489,460444,1
"NRRL3510","3510_Z18_len629002.region002","3510_Z18_len629002",2,"3510_Z18__g010478--FGSG_11571..FSPOR_6472","3510_Z18__g010478--FGSG_11571..FSPOR_6472","transport","N/A",461681,463380,1
"NRRL3510","3510_Z18_len629002.region002","3510_Z18_len629002",2,"3510_Z18__g010479--FSPOR_6471","3510_Z18__g010479--FSPOR_6471","biosynthetic-additional","N/A",464585,465942,-1
"NRRL3510","3510_Z18_len629002.region002","3510_Z18_len629002",2,"3510_Z18__g010480--FSPOR_6470","3510_Z18__g010480--FSPOR_6470","other","N/A",466401,467892,1
"NRRL3510","3510_Z18_len629002.region002","3510_Z18_len629002",2,"3510_Z18__g010481--FGSG_10702..FSPOR_6465","3510_Z18__g010481--FGSG_10702..FSPOR_6465","biosynthetic","NRPS-like",477647,480718,1
"NRRL3510","3510_Z18_len629002.region002","3510_Z18_len629002",2,"3510_Z18__g010482","3510_Z18__g010482","other","N/A",482177,483778,-1
"NRRL3510","3510_Z18_len629002.region002","3510_Z18_len629002",2,"3510_Z18__g010483","3510_Z18__g010483","other","N/A",486017,487513,-1
"NRRL3510","3510_Z18_len629002.region002","3510_Z18_len629002",2,"3510_Z18__g010484","3510_Z18__g010484","other","N/A",489402,489941,-1
"NRRL3510","3510_Z18_len629002.region002","3510_Z18_len629002",2,"3510_Z18__g010485","3510_Z18__g010485","other","N/A",492038,493316,1
"NRRL3510","3510_Z18_len629002.region002","3510_Z18_len629002",2,"3510_Z18__g010486","3510_Z18__g010486","other","N/A",493652,494737,1
"NRRL3510","3510_Z18_len629002.region002","3510_Z18_len629002",2,"3510_Z18__g010487","3510_Z18__g010487","other","N/A",499251,500540,-1
"NRRL3510","3510_Z19_len628163.region001","3510_Z19_len628163",1,"3510_Z19__g010526--FSPOR_10250","3510_Z19__g010526--FSPOR_10250","other","N/A",26877,31100,1
"NRRL3510","3510_Z19_len628163.region001","3510_Z19_len628163",1,"3510_Z19__g010527--FSPOR_10249","3510_Z19__g010527--FSPOR_10249","other","N/A",31231,32007,-1
"NRRL3510","3510_Z19_len628163.region001","3510_Z19_len628163",1,"3510_Z19__g010529--FSPOR_10246","3510_Z19__g010529--FSPOR_10246","other","N/A",39962,40816,-1
"NRRL3510","3510_Z19_len628163.region001","3510_Z19_len628163",1,"3510_Z19__g010530--FSPOR_10245","3510_Z19__g010530--FSPOR_10245","biosynthetic-additional","N/A",41531,42667,1
"NRRL3510","3510_Z19_len628163.region001","3510_Z19_len628163",1,"3510_Z19__g010531--FSPOR_10244","3510_Z19__g010531--FSPOR_10244","biosynthetic-additional","N/A",43424,44221,-1
"NRRL3510","3510_Z19_len628163.region001","3510_Z19_len628163",1,"3510_Z19__g010532--FSPOR_10243","3510_Z19__g010532--FSPOR_10243","other","N/A",47158,48549,-1
"NRRL3510","3510_Z19_len628163.region001","3510_Z19_len628163",1,"3510_Z19__g010533--FSPOR_10242","3510_Z19__g010533--FSPOR_10242","other","N/A",51080,51661,1
"NRRL3510","3510_Z19_len628163.region001","3510_Z19_len628163",1,"3510_Z19__g010534--FSPOR_10241","3510_Z19__g010534--FSPOR_10241","transport","N/A",51740,53592,-1
"NRRL3510","3510_Z19_len628163.region001","3510_Z19_len628163",1,"3510_Z19__g010535--FSPOR_10240","3510_Z19__g010535--FSPOR_10240","other","N/A",54138,55472,1
"NRRL3510","3510_Z19_len628163.region001","3510_Z19_len628163",1,"3510_Z19__g010536--FGSG_04662..FSPOR_10239","3510_Z19__g010536--FGSG_04662..FSPOR_10239","biosynthetic","fungal-RiPP-like",55830,56780,-1
"NRRL3510","3510_Z19_len628163.region001","3510_Z19_len628163",1,"3510_Z19__g010537--FGSG_12207..FSPOR_10238","3510_Z19__g010537--FGSG_12207..FSPOR_10238","other","N/A",57455,57726,1
"NRRL3510","3510_Z19_len628163.region001","3510_Z19_len628163",1,"3510_Z19__g010538--FGSG_02882..FSPOR_10237","3510_Z19__g010538--FGSG_02882..FSPOR_10237","other","N/A",59159,62683,1
"NRRL3510","3510_Z19_len628163.region001","3510_Z19_len628163",1,"3510_Z19__g010539--FSPOR_10236","3510_Z19__g010539--FSPOR_10236","transport","N/A",64931,66719,-1
"NRRL3510","3510_Z19_len628163.region001","3510_Z19_len628163",1,"3510_Z19__g010540--FSPOR_10235","3510_Z19__g010540--FSPOR_10235","other","N/A",67186,68582,1
"NRRL3510","3510_Z19_len628163.region001","3510_Z19_len628163",1,"3510_Z19__g010542--FSPOR_10233","3510_Z19__g010542--FSPOR_10233","other","N/A",71007,72535,1
"NRRL3510","3510_Z19_len628163.region001","3510_Z19_len628163",1,"3510_Z19__g010543--FSPOR_10232","3510_Z19__g010543--FSPOR_10232","transport","N/A",77421,79228,-1
"NRRL3510","3510_Z19_len628163.region001","3510_Z19_len628163",1,"3510_Z19__g010544--FSPOR_10231","3510_Z19__g010544--FSPOR_10231","other","N/A",80159,81723,-1
"NRRL3510","3510_Z19_len628163.region001","3510_Z19_len628163",1,"3510_Z19__g010545--FSPOR_10229","3510_Z19__g010545--FSPOR_10229","other","N/A",84699,86576,-1
"NRRL3510","3510_Z19_len628163.region001","3510_Z19_len628163",1,"3510_Z19__g010546--FSPOR_10228","3510_Z19__g010546--FSPOR_10228","other","N/A",87597,90333,1
"NRRL3510","3510_Z19_len628163.region001","3510_Z19_len628163",1,"3510_Z19__g010547--FGSG_02394..FSPOR_4542","3510_Z19__g010547--FGSG_02394..FSPOR_4542","biosynthetic","NRPS",93165,99811,-1
"NRRL3510","3510_Z19_len628163.region001","3510_Z19_len628163",1,"3510_Z19__g010548--FSPOR_4541","3510_Z19__g010548--FSPOR_4541","biosynthetic-additional","N/A",102582,103663,1
"NRRL3510","3510_Z19_len628163.region001","3510_Z19_len628163",1,"3510_Z19__g010554--FGSG_02399..FSPOR_4537","3510_Z19__g010554--FGSG_02399..FSPOR_4537","other","N/A",126789,128509,1
"NRRL3510","3510_Z19_len628163.region001","3510_Z19_len628163",1,"3510_Z19__g010555--FGSG_10669..FSPOR_4536","3510_Z19__g010555--FGSG_10669..FSPOR_4536","biosynthetic-additional","N/A",129323,131225,1
"NRRL3510","3510_Z19_len628163.region001","3510_Z19_len628163",1,"3510_Z19__g010556--FGSG_10670..FSPOR_4535","3510_Z19__g010556--FGSG_10670..FSPOR_4535","other","N/A",132039,133103,1
"NRRL3510","3510_Z19_len628163.region001","3510_Z19_len628163",1,"3510_Z19__g010558--FGSG_10672..FSPOR_4533","3510_Z19__g010558--FGSG_10672..FSPOR_4533","biosynthetic-additional","N/A",134834,135692,1
"NRRL3510","3510_Z19_len628163.region001","3510_Z19_len628163",1,"3510_Z19__g010559--FGSG_10673..FSPOR_4532","3510_Z19__g010559--FGSG_10673..FSPOR_4532","biosynthetic-additional","N/A",136235,137792,1
"NRRL3510","3510_Z19_len628163.region001","3510_Z19_len628163",1,"HRT2_2","3510_Z19__g010541--FSPOR_10234","other","N/A",69085,70506,-1
"NRRL3510","3510_Z19_len628163.region001","3510_Z19_len628163",1,"IPL1_2","3510_Z19__g010553","regulatory","N/A",125212,126075,1
"NRRL3510","3510_Z19_len628163.region001","3510_Z19_len628163",1,"LEU2_2","3510_Z19__g010557--FGSG_10671..FSPOR_4534","other","N/A",133214,134365,-1
"NRRL3510","3510_Z19_len628163.region001","3510_Z19_len628163",1,"TRX1_4","3510_Z19__g010528--FGSG_03946..FSPOR_10248","other","N/A",36639,37060,1
"NRRL3510","3510_Z19_len628163.region001","3510_Z19_len628163",1,"ZEA1","3510_Z19__g010549--FGSG_02395..FSPOR_4540","biosynthetic","T1PKS",104124,110444,-1
"NRRL3510","3510_Z19_len628163.region001","3510_Z19_len628163",1,"ZEA2","3510_Z19__g010550--FGSG_12126..FSPOR_4539","biosynthetic","T1PKS",111578,118944,1
"NRRL3510","3510_Z19_len628163.region001","3510_Z19_len628163",1,"ZEB1","3510_Z19__g010551","biosynthetic-additional","N/A",119551,121490,1
"NRRL3510","3510_Z19_len628163.region001","3510_Z19_len628163",1,"ZEB2","3510_Z19__g010552--FGSG_02398..FSPOR_4538","other","N/A",121608,122904,-1
"NRRL3510","3510_Z19_len628163.region002","3510_Z19_len628163",2,"3510_Z19__g010573--FGSG_10653..FSPOR_4519","3510_Z19__g010573--FGSG_10653..FSPOR_4519","other","N/A",166274,167023,-1
"NRRL3510","3510_Z19_len628163.region002","3510_Z19_len628163",2,"3510_Z19__g010574--FSPOR_4518","3510_Z19__g010574--FSPOR_4518","other","N/A",171513,171931,-1
"NRRL3510","3510_Z19_len628163.region002","3510_Z19_len628163",2,"3510_Z19__g010575--FSPOR_4517","3510_Z19__g010575--FSPOR_4517","other","N/A",173082,173669,-1
"NRRL3510","3510_Z19_len628163.region002","3510_Z19_len628163",2,"3510_Z19__g010576--FGSG_04615..FSPOR_4516","3510_Z19__g010576--FGSG_04615..FSPOR_4516","biosynthetic","CDPS",174752,175495,-1
"NRRL3510","3510_Z19_len628163.region002","3510_Z19_len628163",2,"3510_Z19__g010577--FSPOR_4515","3510_Z19__g010577--FSPOR_4515","transport","N/A",176352,177671,-1
"NRRL3510","3510_Z19_len628163.region003","3510_Z19_len628163",3,"3510_Z19__g010588--FGSG_10626..FSPOR_4501","3510_Z19__g010588--FGSG_10626..FSPOR_4501","other","N/A",223441,224382,-1
"NRRL3510","3510_Z19_len628163.region003","3510_Z19_len628163",3,"3510_Z19__g010589--FGSG_04745..FSPOR_4500","3510_Z19__g010589--FGSG_04745..FSPOR_4500","other","N/A",224715,225001,-1
"NRRL3510","3510_Z19_len628163.region003","3510_Z19_len628163",3,"3510_Z19__g010590--FSPOR_4498","3510_Z19__g010590--FSPOR_4498","other","N/A",228060,229106,1
"NRRL3510","3510_Z19_len628163.region003","3510_Z19_len628163",3,"3510_Z19__g010591--FSPOR_4497","3510_Z19__g010591--FSPOR_4497","biosynthetic-additional","N/A",229238,231035,-1
"NRRL3510","3510_Z19_len628163.region003","3510_Z19_len628163",3,"3510_Z19__g010592--FSPOR_4496","3510_Z19__g010592--FSPOR_4496","other","N/A",234177,234683,-1
"NRRL3510","3510_Z19_len628163.region003","3510_Z19_len628163",3,"3510_Z19__g010593--FSPOR_4495","3510_Z19__g010593--FSPOR_4495","other","N/A",240973,241905,1
"NRRL3510","3510_Z19_len628163.region003","3510_Z19_len628163",3,"3510_Z19__g010594--FGSG_10617..FSPOR_4494","3510_Z19__g010594--FGSG_10617..FSPOR_4494","biosynthetic","NRPS-like",243016,246326,1
"NRRL3510","3510_Z19_len628163.region003","3510_Z19_len628163",3,"3510_Z19__g010595--FGSG_04682..FSPOR_4493","3510_Z19__g010595--FGSG_04682..FSPOR_4493","other","N/A",247133,248134,-1
"NRRL3510","3510_Z19_len628163.region003","3510_Z19_len628163",3,"3510_Z19__g010596--FGSG_10605..FSPOR_4491","3510_Z19__g010596--FGSG_10605..FSPOR_4491","other","N/A",250826,251488,-1
"NRRL3510","3510_Z19_len628163.region003","3510_Z19_len628163",3,"3510_Z19__g010597--FGSG_10604..FSPOR_4490","3510_Z19__g010597--FGSG_10604..FSPOR_4490","other","N/A",252101,253903,1
"NRRL3510","3510_Z19_len628163.region003","3510_Z19_len628163",3,"3510_Z19__g010598--FGSG_07815..FSPOR_4489","3510_Z19__g010598--FGSG_07815..FSPOR_4489","other","N/A",254483,255652,-1
"NRRL3510","3510_Z19_len628163.region003","3510_Z19_len628163",3,"3510_Z19__g010600--FGSG_12407..FSPOR_4487","3510_Z19__g010600--FGSG_12407..FSPOR_4487","other","N/A",258973,259442,1
"NRRL3510","3510_Z19_len628163.region003","3510_Z19_len628163",3,"3510_Z19__g010601--FSPOR_4486","3510_Z19__g010601--FSPOR_4486","other","N/A",262585,264320,1
"NRRL3510","3510_Z19_len628163.region003","3510_Z19_len628163",3,"3510_Z19__g010602--FSPOR_4485","3510_Z19__g010602--FSPOR_4485","other","N/A",265011,266231,1
"NRRL3510","3510_Z19_len628163.region003","3510_Z19_len628163",3,"3510_Z19__g010603--FSPOR_4484","3510_Z19__g010603--FSPOR_4484","other","N/A",266273,270473,-1
"NRRL3510","3510_Z19_len628163.region003","3510_Z19_len628163",3,"3510_Z19__g010604--FSPOR_4483","3510_Z19__g010604--FSPOR_4483","other","N/A",272103,273245,1
"NRRL3510","3510_Z19_len628163.region003","3510_Z19_len628163",3,"3510_Z19__g010605--FGSG_13795..FSPOR_4482","3510_Z19__g010605--FGSG_13795..FSPOR_4482","other","N/A",274419,275791,1
"NRRL3510","3510_Z19_len628163.region003","3510_Z19_len628163",3,"3510_Z19__g010606--FGSG_11659..FSPOR_4481","3510_Z19__g010606--FGSG_11659..FSPOR_4481","biosynthetic","NRPS",277214,286951,-1
"NRRL3510","3510_Z19_len628163.region003","3510_Z19_len628163",3,"3510_Z19__g010607--FSPOR_4480","3510_Z19__g010607--FSPOR_4480","biosynthetic-additional","N/A",289466,290635,1
"NRRL3510","3510_Z19_len628163.region003","3510_Z19_len628163",3,"3510_Z19__g010608--FSPOR_4479","3510_Z19__g010608--FSPOR_4479","other","N/A",291841,293531,1
"NRRL3510","3510_Z19_len628163.region003","3510_Z19_len628163",3,"3510_Z19__g010609--FSPOR_4478","3510_Z19__g010609--FSPOR_4478","transport","N/A",296060,300360,-1
"NRRL3510","3510_Z19_len628163.region003","3510_Z19_len628163",3,"3510_Z19__g010610--FSPOR_4477","3510_Z19__g010610--FSPOR_4477","other","N/A",302796,303456,1
"NRRL3510","3510_Z19_len628163.region003","3510_Z19_len628163",3,"ADY2","3510_Z19__g010599--FGSG_12406..FSPOR_4488","other","N/A",257696,258623,1
"NRRL3510","3510_Z2_len4194245.region001","3510_Z2_len4194245",1,"3510_Z2__g001982--FGSG_06468..FSPOR_384","3510_Z2__g001982--FGSG_06468..FSPOR_384","transport","N/A",315572,317241,-1
"NRRL3510","3510_Z2_len4194245.region001","3510_Z2_len4194245",1,"3510_Z2__g001983--FGSG_06466..FSPOR_385","3510_Z2__g001983--FGSG_06466..FSPOR_385","other","N/A",322972,323748,1
"NRRL3510","3510_Z2_len4194245.region001","3510_Z2_len4194245",1,"3510_Z2__g001984--FGSG_06465..FSPOR_386","3510_Z2__g001984--FGSG_06465..FSPOR_386","biosynthetic-additional","N/A",323936,325028,-1
"NRRL3510","3510_Z2_len4194245.region001","3510_Z2_len4194245",1,"3510_Z2__g001985--FGSG_06464..FSPOR_387","3510_Z2__g001985--FGSG_06464..FSPOR_387","transport","N/A",328880,330488,1
"NRRL3510","3510_Z2_len4194245.region001","3510_Z2_len4194245",1,"3510_Z2__g001986--FGSG_06463..FSPOR_388","3510_Z2__g001986--FGSG_06463..FSPOR_388","other","N/A",331364,333402,1
"NRRL3510","3510_Z2_len4194245.region001","3510_Z2_len4194245",1,"3510_Z2__g001987--FGSG_06462..FSPOR_389","3510_Z2__g001987--FGSG_06462..FSPOR_389","biosynthetic","NRPS-like",333829,338871,-1
"NRRL3510","3510_Z2_len4194245.region001","3510_Z2_len4194245",1,"3510_Z2__g001988--FGSG_06486..FSPOR_390","3510_Z2__g001988--FGSG_06486..FSPOR_390","other","N/A",351932,355537,1
"NRRL3510","3510_Z2_len4194245.region002","3510_Z2_len4194245",2,"3510_Z2__g002018--FGSG_06501..FSPOR_3294","3510_Z2__g002018--FGSG_06501..FSPOR_3294","other","N/A",458538,460154,-1
"NRRL3510","3510_Z2_len4194245.region002","3510_Z2_len4194245",2,"3510_Z2__g002020--FGSG_06503..FSPOR_3292","3510_Z2__g002020--FGSG_06503..FSPOR_3292","other","N/A",464557,466507,-1
"NRRL3510","3510_Z2_len4194245.region002","3510_Z2_len4194245",2,"3510_Z2__g002021--FGSG_06504..FSPOR_3291","3510_Z2__g002021--FGSG_06504..FSPOR_3291","other","N/A",468399,472612,1
"NRRL3510","3510_Z2_len4194245.region002","3510_Z2_len4194245",2,"3510_Z2__g002022--FGSG_06505..FSPOR_3290","3510_Z2__g002022--FGSG_06505..FSPOR_3290","other","N/A",473131,473961,-1
"NRRL3510","3510_Z2_len4194245.region002","3510_Z2_len4194245",2,"3510_Z2__g002023--FGSG_06506..FSPOR_3289","3510_Z2__g002023--FGSG_06506..FSPOR_3289","other","N/A",475396,476328,-1
"NRRL3510","3510_Z2_len4194245.region002","3510_Z2_len4194245",2,"3510_Z2__g002024--FGSG_06507..FSPOR_3288","3510_Z2__g002024--FGSG_06507..FSPOR_3288","biosynthetic","NRPS-like",478262,482110,-1
"NRRL3510","3510_Z2_len4194245.region002","3510_Z2_len4194245",2,"3510_Z2__g002028--FGSG_06511..FSPOR_3284","3510_Z2__g002028--FGSG_06511..FSPOR_3284","other","N/A",495264,498211,-1
"NRRL3510","3510_Z2_len4194245.region002","3510_Z2_len4194245",2,"3510_Z2__g002029--FGSG_06512..FSPOR_3283","3510_Z2__g002029--FGSG_06512..FSPOR_3283","other","N/A",501604,502067,1
"NRRL3510","3510_Z2_len4194245.region002","3510_Z2_len4194245",2,"ATG17","3510_Z2__g002027--FGSG_06510..FSPOR_3285","other","N/A",492819,494439,-1
"NRRL3510","3510_Z2_len4194245.region002","3510_Z2_len4194245",2,"LYP1_2","3510_Z2__g002025--FGSG_06508..FSPOR_3287","biosynthetic-additional","N/A",485387,486934,-1
"NRRL3510","3510_Z2_len4194245.region002","3510_Z2_len4194245",2,"PNS1","3510_Z2__g002026--FGSG_06509..FSPOR_3286","other","N/A",490644,492292,1
"NRRL3510","3510_Z2_len4194245.region002","3510_Z2_len4194245",2,"rio1","3510_Z2__g002019--FGSG_06502..FSPOR_3293","other","N/A",462000,463727,1
"NRRL3510","3510_Z2_len4194245.region003","3510_Z2_len4194245",3,"3510_Z2__g002143--FGSG_12950..FSPOR_631","3510_Z2__g002143--FGSG_12950..FSPOR_631","other","N/A",833808,834893,-1
"NRRL3510","3510_Z2_len4194245.region003","3510_Z2_len4194245",3,"3510_Z2__g002146--FGSG_06629..FSPOR_634","3510_Z2__g002146--FGSG_06629..FSPOR_634","other","N/A",840828,841522,-1
"NRRL3510","3510_Z2_len4194245.region003","3510_Z2_len4194245",3,"3510_Z2__g002148--FGSG_06630..FSPOR_636","3510_Z2__g002148--FGSG_06630..FSPOR_636","other","N/A",846973,849471,1
"NRRL3510","3510_Z2_len4194245.region003","3510_Z2_len4194245",3,"3510_Z2__g002150--FGSG_06631..FSPOR_637","3510_Z2__g002150--FGSG_06631..FSPOR_637","biosynthetic","betalactone",850126,855937,-1
"NRRL3510","3510_Z2_len4194245.region003","3510_Z2_len4194245",3,"3510_Z2__g002151--FGSG_06632..FSPOR_638","3510_Z2__g002151--FGSG_06632..FSPOR_638","other","N/A",857859,860153,1
"NRRL3510","3510_Z2_len4194245.region003","3510_Z2_len4194245",3,"3510_Z2__g002153--FGSG_06634..FSPOR_640","3510_Z2__g002153--FGSG_06634..FSPOR_640","other","N/A",864384,865247,-1
"NRRL3510","3510_Z2_len4194245.region003","3510_Z2_len4194245",3,"BIM1","3510_Z2__g002144--FGSG_06627..FSPOR_632","other","N/A",836322,837379,-1
"NRRL3510","3510_Z2_len4194245.region003","3510_Z2_len4194245",3,"DRS1","3510_Z2__g002145--FGSG_06628..FSPOR_633","other","N/A",837978,840414,1
"NRRL3510","3510_Z2_len4194245.region003","3510_Z2_len4194245",3,"LEU4","3510_Z2__g002147--FGSG_12952..FSPOR_635","biosynthetic","betalactone",843439,845573,-1
"NRRL3510","3510_Z2_len4194245.region003","3510_Z2_len4194245",3,"PDE1","3510_Z2__g002152--FGSG_06633..FSPOR_639","other","N/A",862286,864068,1
"NRRL3510","3510_Z2_len4194245.region004","3510_Z2_len4194245",4,"3510_Z2__g002580--FGSG_07056..FSPOR_9602","3510_Z2__g002580--FGSG_07056..FSPOR_9602","other","N/A",2387514,2388605,-1
"NRRL3510","3510_Z2_len4194245.region004","3510_Z2_len4194245",4,"3510_Z2__g002581--FGSG_07057..FSPOR_9603","3510_Z2__g002581--FGSG_07057..FSPOR_9603","other","N/A",2390174,2391020,1
"NRRL3510","3510_Z2_len4194245.region004","3510_Z2_len4194245",4,"3510_Z2__g002585--FGSG_07061..FSPOR_9607","3510_Z2__g002585--FGSG_07061..FSPOR_9607","other","N/A",2395614,2396948,-1
"NRRL3510","3510_Z2_len4194245.region004","3510_Z2_len4194245",4,"3510_Z2__g002587--FGSG_07063..FSPOR_9609","3510_Z2__g002587--FGSG_07063..FSPOR_9609","other","N/A",2401449,2402372,1
"NRRL3510","3510_Z2_len4194245.region004","3510_Z2_len4194245",4,"3510_Z2__g002588--FGSG_07064..FSPOR_9610","3510_Z2__g002588--FGSG_07064..FSPOR_9610","other","N/A",2408237,2411999,1
"NRRL3510","3510_Z2_len4194245.region004","3510_Z2_len4194245",4,"3510_Z2__g002589--FGSG_07065..FSPOR_9611","3510_Z2__g002589--FGSG_07065..FSPOR_9611","other","N/A",2412795,2414081,-1
"NRRL3510","3510_Z2_len4194245.region004","3510_Z2_len4194245",4,"3510_Z2__g002590--FGSG_07066..FSPOR_9612","3510_Z2__g002590--FGSG_07066..FSPOR_9612","biosynthetic","fungal-RiPP-like",2415121,2416061,-1
"NRRL3510","3510_Z2_len4194245.region004","3510_Z2_len4194245",4,"3510_Z2__g002592--FGSG_07068..FSPOR_9614","3510_Z2__g002592--FGSG_07068..FSPOR_9614","other","N/A",2432093,2434628,1
"NRRL3510","3510_Z2_len4194245.region004","3510_Z2_len4194245",4,"3510_Z2__g002593--FGSG_07069..FSPOR_9615","3510_Z2__g002593--FGSG_07069..FSPOR_9615","other","N/A",2436079,2437033,-1
"NRRL3510","3510_Z2_len4194245.region004","3510_Z2_len4194245",4,"3510_Z2__g002594--FGSG_07070..FSPOR_9616","3510_Z2__g002594--FGSG_07070..FSPOR_9616","other","N/A",2437816,2439052,1
"NRRL3510","3510_Z2_len4194245.region004","3510_Z2_len4194245",4,"3510_Z2__g002595--FGSG_07071..FSPOR_9617","3510_Z2__g002595--FGSG_07071..FSPOR_9617","other","N/A",2439822,2441198,-1
"NRRL3510","3510_Z2_len4194245.region004","3510_Z2_len4194245",4,"3510_Z2__g002596--FGSG_07072..FSPOR_9618","3510_Z2__g002596--FGSG_07072..FSPOR_9618","other","N/A",2443613,2444024,-1
"NRRL3510","3510_Z2_len4194245.region004","3510_Z2_len4194245",4,"BNA1","3510_Z2__g002582--FGSG_07058..FSPOR_9604","other","N/A",2391092,2391780,-1
"NRRL3510","3510_Z2_len4194245.region004","3510_Z2_len4194245",4,"CTR2","3510_Z2__g002583--FGSG_07059..FSPOR_9605","other","N/A",2392464,2393100,1
"NRRL3510","3510_Z2_len4194245.region004","3510_Z2_len4194245",4,"ERD1","3510_Z2__g002586--FGSG_07062..FSPOR_9608","other","N/A",2398330,2399202,-1
"NRRL3510","3510_Z2_len4194245.region004","3510_Z2_len4194245",4,"PCD1","3510_Z2__g002584--FGSG_07060..FSPOR_9606","other","N/A",2393683,2394990,-1
"NRRL3510","3510_Z2_len4194245.region004","3510_Z2_len4194245",4,"UME6","3510_Z2__g002591--FGSG_07067..FSPOR_9613","other","N/A",2418930,2421057,-1
"NRRL3510","3510_Z22_len496714.region001","3510_Z22_len496714",1,"3510_Z22__g011114--FGSG_07670..FSPOR_1778","3510_Z22__g011114--FGSG_07670..FSPOR_1778","other","N/A",66315,67149,-1
"NRRL3510","3510_Z22_len496714.region001","3510_Z22_len496714",1,"3510_Z22__g011115--FGSG_07671..FSPOR_1777","3510_Z22__g011115--FGSG_07671..FSPOR_1777","biosynthetic-additional","N/A",67674,69053,-1
"NRRL3510","3510_Z22_len496714.region001","3510_Z22_len496714",1,"3510_Z22__g011116--FGSG_07672..FSPOR_1776","3510_Z22__g011116--FGSG_07672..FSPOR_1776","other","N/A",72900,74291,-1
"NRRL3510","3510_Z22_len496714.region001","3510_Z22_len496714",1,"3510_Z22__g011117--FGSG_07673..FSPOR_1775","3510_Z22__g011117--FGSG_07673..FSPOR_1775","biosynthetic","terpene",75291,76309,1
"NRRL3510","3510_Z22_len496714.region001","3510_Z22_len496714",1,"3510_Z22__g011118--FGSG_13181..FSPOR_1773","3510_Z22__g011118--FGSG_13181..FSPOR_1773","other","N/A",79581,80174,1
"NRRL3510","3510_Z22_len496714.region001","3510_Z22_len496714",1,"3510_Z22__g011119--FGSG_13182..FSPOR_1772","3510_Z22__g011119--FGSG_13182..FSPOR_1772","other","N/A",80405,80983,-1
"NRRL3510","3510_Z22_len496714.region001","3510_Z22_len496714",1,"3510_Z22__g011120--FSPOR_1771","3510_Z22__g011120--FSPOR_1771","other","N/A",81595,82107,-1
"NRRL3510","3510_Z22_len496714.region001","3510_Z22_len496714",1,"3510_Z22__g011121--FGSG_13184..FSPOR_1769","3510_Z22__g011121--FGSG_13184..FSPOR_1769","other","N/A",83563,84546,-1
"NRRL3510","3510_Z22_len496714.region002","3510_Z22_len496714",2,"3510_Z22__g011171--FSPOR_1720","3510_Z22__g011171--FSPOR_1720","other","N/A",207367,207730,1
"NRRL3510","3510_Z22_len496714.region002","3510_Z22_len496714",2,"3510_Z22__g011172--FGSG_13202..FSPOR_1719","3510_Z22__g011172--FGSG_13202..FSPOR_1719","biosynthetic-additional","N/A",210125,211099,1
"NRRL3510","3510_Z22_len496714.region002","3510_Z22_len496714",2,"3510_Z22__g011173--FGSG_07728..FSPOR_1718","3510_Z22__g011173--FGSG_07728..FSPOR_1718","other","N/A",211664,212372,1
"NRRL3510","3510_Z22_len496714.region002","3510_Z22_len496714",2,"3510_Z22__g011174--FGSG_07756..FSPOR_1717","3510_Z22__g011174--FGSG_07756..FSPOR_1717","other","N/A",216603,218225,1
"NRRL3510","3510_Z22_len496714.region002","3510_Z22_len496714",2,"3510_Z22__g011175--FGSG_07757..FSPOR_1716","3510_Z22__g011175--FGSG_07757..FSPOR_1716","other","N/A",218399,219729,-1
"NRRL3510","3510_Z22_len496714.region002","3510_Z22_len496714",2,"3510_Z22__g011178--FGSG_07758..FSPOR_1713","3510_Z22__g011178--FGSG_07758..FSPOR_1713","biosynthetic-additional","N/A",236584,237702,1
"NRRL3510","3510_Z22_len496714.region002","3510_Z22_len496714",2,"3510_Z22__g011179","3510_Z22__g011179","other","N/A",238977,242551,1
"NRRL3510","3510_Z22_len496714.region002","3510_Z22_len496714",2,"3510_Z22__g011180","3510_Z22__g011180","other","N/A",243476,243916,1
"NRRL3510","3510_Z22_len496714.region002","3510_Z22_len496714",2,"3510_Z22__g011181--FGSG_07760..FSPOR_1711","3510_Z22__g011181--FGSG_07760..FSPOR_1711","other","N/A",246414,247110,-1
"NRRL3510","3510_Z22_len496714.region002","3510_Z22_len496714",2,"3510_Z22__g011182--FSPOR_1710","3510_Z22__g011182--FSPOR_1710","other","N/A",248034,248786,1
"NRRL3510","3510_Z22_len496714.region002","3510_Z22_len496714",2,"3510_Z22__g011183--FGSG_02302..FSPOR_1709","3510_Z22__g011183--FGSG_02302..FSPOR_1709","other","N/A",249289,250437,-1
"NRRL3510","3510_Z22_len496714.region002","3510_Z22_len496714",2,"3510_Z22__g011184--FSPOR_1708","3510_Z22__g011184--FSPOR_1708","biosynthetic-additional","N/A",252043,253157,1
"NRRL3510","3510_Z22_len496714.region002","3510_Z22_len496714",2,"3510_Z22__g011185--FSPOR_1707","3510_Z22__g011185--FSPOR_1707","other","N/A",253759,254347,1
"NRRL3510","3510_Z22_len496714.region002","3510_Z22_len496714",2,"BEA1","3510_Z22__g011177--FSPOR_1714","biosynthetic","NRPS",226619,236014,1
"NRRL3510","3510_Z22_len496714.region002","3510_Z22_len496714",2,"PAN5_2","3510_Z22__g011176--FSPOR_1715","other","N/A",223629,224978,-1
"NRRL3510","3510_Z22_len496714.region003","3510_Z22_len496714",3,"3510_Z22__g011219--FGSG_07790..FSPOR_1677","3510_Z22__g011219--FGSG_07790..FSPOR_1677","other","N/A",330742,331263,1
"NRRL3510","3510_Z22_len496714.region003","3510_Z22_len496714",3,"3510_Z22__g011220--FGSG_07791..FSPOR_1676","3510_Z22__g011220--FGSG_07791..FSPOR_1676","other","N/A",333045,333689,1
"NRRL3510","3510_Z22_len496714.region003","3510_Z22_len496714",3,"3510_Z22__g011221--FGSG_10445..FSPOR_1675","3510_Z22__g011221--FGSG_10445..FSPOR_1675","biosynthetic-additional","N/A",334737,335420,1
"NRRL3510","3510_Z22_len496714.region003","3510_Z22_len496714",3,"3510_Z22__g011222--FGSG_07792..FSPOR_1674","3510_Z22__g011222--FGSG_07792..FSPOR_1674","other","N/A",337443,338560,-1
"NRRL3510","3510_Z22_len496714.region003","3510_Z22_len496714",3,"3510_Z22__g011223--FGSG_07793..FSPOR_1673","3510_Z22__g011223--FGSG_07793..FSPOR_1673","biosynthetic-additional","N/A",340441,341496,1
"NRRL3510","3510_Z22_len496714.region003","3510_Z22_len496714",3,"3510_Z22__g011224--FGSG_07794..FSPOR_1672","3510_Z22__g011224--FGSG_07794..FSPOR_1672","other","N/A",343687,344855,1
"NRRL3510","3510_Z22_len496714.region003","3510_Z22_len496714",3,"3510_Z22__g011225--FGSG_07797..FSPOR_1670","3510_Z22__g011225--FGSG_07797..FSPOR_1670","biosynthetic-additional","N/A",346776,348080,-1
"NRRL3510","3510_Z22_len496714.region003","3510_Z22_len496714",3,"3510_Z22__g011226--FSPOR_1669","3510_Z22__g011226--FSPOR_1669","other","N/A",348781,349370,-1
"NRRL3510","3510_Z22_len496714.region003","3510_Z22_len496714",3,"3510_Z22__g011236--FGSG_13224..FSPOR_1659","3510_Z22__g011236--FGSG_13224..FSPOR_1659","other","N/A",378137,380762,1
"NRRL3510","3510_Z22_len496714.region003","3510_Z22_len496714",3,"FUS1","3510_Z22__g011227--FGSG_07798..FSPOR_1668","biosynthetic","NRPS;T1PKS",350180,362025,-1
"NRRL3510","3510_Z22_len496714.region003","3510_Z22_len496714",3,"FUS2","3510_Z22__g011228--FGSG_13222..FSPOR_1667","biosynthetic-additional","N/A",362622,363881,1
"NRRL3510","3510_Z22_len496714.region003","3510_Z22_len496714",3,"FUS3","3510_Z22__g011229--FGSG_13223..FSPOR_1666","biosynthetic-additional","N/A",364726,365447,1
"NRRL3510","3510_Z22_len496714.region003","3510_Z22_len496714",3,"FUS4","3510_Z22__g011230--FGSG_07800..FSPOR_1665","other","N/A",365649,366962,-1
"NRRL3510","3510_Z22_len496714.region003","3510_Z22_len496714",3,"FUS5","3510_Z22__g011231--FGSG_07801..FSPOR_1664","other","N/A",367853,368497,1
"NRRL3510","3510_Z22_len496714.region003","3510_Z22_len496714",3,"FUS6","3510_Z22__g011232--FGSG_07802..FSPOR_1663","transport","N/A",370111,371790,1
"NRRL3510","3510_Z22_len496714.region003","3510_Z22_len496714",3,"FUS7","3510_Z22__g011233--FGSG_07803..FSPOR_1662","biosynthetic-additional","N/A",372127,373968,1
"NRRL3510","3510_Z22_len496714.region003","3510_Z22_len496714",3,"FUS8","3510_Z22__g011234--FGSG_07804..FSPOR_1661","biosynthetic-additional","N/A",374648,376306,1
"NRRL3510","3510_Z22_len496714.region003","3510_Z22_len496714",3,"FUS9","3510_Z22__g011235--FGSG_07805..FSPOR_1660","other","N/A",376707,377822,1
"NRRL3510","3510_Z23_len376149.region001","3510_Z23_len376149",1,"3510_Z23__g011296--FSPOR_8569","3510_Z23__g011296--FSPOR_8569","other","N/A",79291,80088,-1
"NRRL3510","3510_Z23_len376149.region001","3510_Z23_len376149",1,"3510_Z23__g011297--FSPOR_8568","3510_Z23__g011297--FSPOR_8568","other","N/A",83256,83812,1
"NRRL3510","3510_Z23_len376149.region001","3510_Z23_len376149",1,"3510_Z23__g011298--FSPOR_8567","3510_Z23__g011298--FSPOR_8567","other","N/A",85887,86328,1
"NRRL3510","3510_Z23_len376149.region001","3510_Z23_len376149",1,"3510_Z23__g011299--FSPOR_8566","3510_Z23__g011299--FSPOR_8566","other","N/A",87316,88089,-1
"NRRL3510","3510_Z23_len376149.region001","3510_Z23_len376149",1,"3510_Z23__g011300--FSPOR_8565","3510_Z23__g011300--FSPOR_8565","other","N/A",89028,89519,-1
"NRRL3510","3510_Z23_len376149.region001","3510_Z23_len376149",1,"3510_Z23__g011301--FSPOR_8563","3510_Z23__g011301--FSPOR_8563","other","N/A",92276,93031,1
"NRRL3510","3510_Z23_len376149.region001","3510_Z23_len376149",1,"3510_Z23__g011302--FSPOR_8562","3510_Z23__g011302--FSPOR_8562","other","N/A",94297,95721,1
"NRRL3510","3510_Z23_len376149.region001","3510_Z23_len376149",1,"3510_Z23__g011303--FSPOR_8561","3510_Z23__g011303--FSPOR_8561","biosynthetic","NRPS-like",96957,100713,-1
"NRRL3510","3510_Z23_len376149.region001","3510_Z23_len376149",1,"3510_Z23__g011304--FSPOR_8560","3510_Z23__g011304--FSPOR_8560","transport","N/A",101446,103079,1
"NRRL3510","3510_Z23_len376149.region001","3510_Z23_len376149",1,"3510_Z23__g011305--FSPOR_8559","3510_Z23__g011305--FSPOR_8559","biosynthetic-additional","N/A",104216,105246,1
"NRRL3510","3510_Z23_len376149.region001","3510_Z23_len376149",1,"3510_Z23__g011306--FGSG_09099..FSPOR_8557","3510_Z23__g011306--FGSG_09099..FSPOR_8557","other","N/A",107463,109086,1
"NRRL3510","3510_Z23_len376149.region001","3510_Z23_len376149",1,"3510_Z23__g011307--FGSG_13739..FSPOR_8556","3510_Z23__g011307--FGSG_13739..FSPOR_8556","biosynthetic-additional","N/A",109472,110760,-1
"NRRL3510","3510_Z23_len376149.region001","3510_Z23_len376149",1,"3510_Z23__g011308--FGSG_13740..FSPOR_8555","3510_Z23__g011308--FGSG_13740..FSPOR_8555","biosynthetic-additional","N/A",112939,113899,-1
"NRRL3510","3510_Z23_len376149.region001","3510_Z23_len376149",1,"3510_Z23__g011309--FGSG_10330..FSPOR_8554","3510_Z23__g011309--FGSG_10330..FSPOR_8554","other","N/A",114739,116084,-1
"NRRL3510","3510_Z23_len376149.region001","3510_Z23_len376149",1,"3510_Z23__g011310--FGSG_10331..FSPOR_8553","3510_Z23__g011310--FGSG_10331..FSPOR_8553","biosynthetic-additional","N/A",116467,117950,1
"NRRL3510","3510_Z23_len376149.region001","3510_Z23_len376149",1,"3510_Z23__g011311--FGSG_10332..FSPOR_8552","3510_Z23__g011311--FGSG_10332..FSPOR_8552","other","N/A",118790,119644,1
"NRRL3510","3510_Z28_len238297.region001","3510_Z28_len238297",1,"3510_Z28__g011699--FSPOR_11472","3510_Z28__g011699--FSPOR_11472","other","N/A",5762,6939,-1
"NRRL3510","3510_Z28_len238297.region001","3510_Z28_len238297",1,"3510_Z28__g011700","3510_Z28__g011700","biosynthetic","NRPS",8566,48827,-1
"NRRL3510","3510_Z28_len238297.region001","3510_Z28_len238297",1,"3510_Z28__g011701","3510_Z28__g011701","biosynthetic-additional","N/A",49770,50534,1
"NRRL3510","3510_Z28_len238297.region001","3510_Z28_len238297",1,"3510_Z28__g011702","3510_Z28__g011702","other","N/A",50564,51559,-1
"NRRL3510","3510_Z28_len238297.region001","3510_Z28_len238297",1,"3510_Z28__g011703","3510_Z28__g011703","transport","N/A",52550,57213,1
"NRRL3510","3510_Z28_len238297.region001","3510_Z28_len238297",1,"3510_Z28__g011704","3510_Z28__g011704","biosynthetic-additional","N/A",58289,60010,-1
"NRRL3510","3510_Z28_len238297.region001","3510_Z28_len238297",1,"3510_Z28__g011705","3510_Z28__g011705","biosynthetic-additional","N/A",60610,61729,1
"NRRL3510","3510_Z28_len238297.region001","3510_Z28_len238297",1,"3510_Z28__g011706--FGSG_01045..FSPOR_220","3510_Z28__g011706--FGSG_01045..FSPOR_220","other","N/A",61826,62614,-1
"NRRL3510","3510_Z28_len238297.region001","3510_Z28_len238297",1,"3510_Z28__g011707","3510_Z28__g011707","biosynthetic-additional","N/A",63633,64643,1
"NRRL3510","3510_Z28_len238297.region001","3510_Z28_len238297",1,"3510_Z28__g011708","3510_Z28__g011708","biosynthetic","T1PKS",65822,73555,1
"NRRL3510","3510_Z3_len3919170.region001","3510_Z3_len3919170",1,"3510_Z3__g003138--FSPOR_10061","3510_Z3__g003138--FSPOR_10061","biosynthetic","T1PKS",2863,11184,-1
"NRRL3510","3510_Z3_len3919170.region001","3510_Z3_len3919170",1,"3510_Z3__g003140--FGSG_08005..FSPOR_10058","3510_Z3__g003140--FGSG_08005..FSPOR_10058","biosynthetic-additional","N/A",18794,20191,1
"NRRL3510","3510_Z3_len3919170.region001","3510_Z3_len3919170",1,"3510_Z3__g003141--FSPOR_10057","3510_Z3__g003141--FSPOR_10057","other","N/A",20923,21475,-1
"NRRL3510","3510_Z3_len3919170.region001","3510_Z3_len3919170",1,"3510_Z3__g003142--FSPOR_10056","3510_Z3__g003142--FSPOR_10056","biosynthetic-additional","N/A",22592,23707,1
"NRRL3510","3510_Z3_len3919170.region001","3510_Z3_len3919170",1,"3510_Z3__g003143--FSPOR_10055","3510_Z3__g003143--FSPOR_10055","other","N/A",24534,26405,-1
"NRRL3510","3510_Z3_len3919170.region001","3510_Z3_len3919170",1,"3510_Z3__g003144--FSPOR_10054","3510_Z3__g003144--FSPOR_10054","biosynthetic-additional","N/A",28278,30227,1
"NRRL3510","3510_Z3_len3919170.region001","3510_Z3_len3919170",1,"MT1_2","3510_Z3__g003139--FSPOR_10059","biosynthetic-additional","N/A",16205,17890,1
"NRRL3510","3510_Z3_len3919170.region002","3510_Z3_len3919170",2,"3510_Z3__g003211--FGSG_14016..FSPOR_8290","3510_Z3__g003211--FGSG_14016..FSPOR_8290","other","N/A",289909,291944,1
"NRRL3510","3510_Z3_len3919170.region002","3510_Z3_len3919170",2,"3510_Z3__g003212--FGSG_13943..FSPOR_8289","3510_Z3__g003212--FGSG_13943..FSPOR_8289","other","N/A",292196,293302,-1
"NRRL3510","3510_Z3_len3919170.region002","3510_Z3_len3919170",2,"3510_Z3__g003213","3510_Z3__g003213","other","N/A",296654,298988,1
"NRRL3510","3510_Z3_len3919170.region002","3510_Z3_len3919170",2,"3510_Z3__g003214--FGSG_02910..FSPOR_8286","3510_Z3__g003214--FGSG_02910..FSPOR_8286","other","N/A",301103,301973,-1
"NRRL3510","3510_Z3_len3919170.region002","3510_Z3_len3919170",2,"3510_Z3__g003215--FGSG_10335..FSPOR_8285","3510_Z3__g003215--FGSG_10335..FSPOR_8285","other","N/A",303502,305808,-1
"NRRL3510","3510_Z3_len3919170.region002","3510_Z3_len3919170",2,"3510_Z3__g003216--FGSG_11475..FSPOR_8284","3510_Z3__g003216--FGSG_11475..FSPOR_8284","transport","N/A",306852,308491,-1
"NRRL3510","3510_Z3_len3919170.region002","3510_Z3_len3919170",2,"3510_Z3__g003217--FGSG_11474..FSPOR_8283","3510_Z3__g003217--FGSG_11474..FSPOR_8283","other","N/A",310084,310689,1
"NRRL3510","3510_Z3_len3919170.region002","3510_Z3_len3919170",2,"3510_Z3__g003218--FGSG_11473..FSPOR_8281","3510_Z3__g003218--FGSG_11473..FSPOR_8281","biosynthetic-additional","N/A",313045,314149,1
"NRRL3510","3510_Z3_len3919170.region002","3510_Z3_len3919170",2,"3510_Z3__g003219--FGSG_11472..FSPOR_8280","3510_Z3__g003219--FGSG_11472..FSPOR_8280","biosynthetic-additional","N/A",315047,317721,1
"NRRL3510","3510_Z3_len3919170.region002","3510_Z3_len3919170",2,"3510_Z3__g003220--FGSG_11471..FSPOR_8279","3510_Z3__g003220--FGSG_11471..FSPOR_8279","biosynthetic","fungal-RiPP-like",318188,318891,-1
"NRRL3510","3510_Z3_len3919170.region002","3510_Z3_len3919170",2,"3510_Z3__g003221--FGSG_11470..FSPOR_8278","3510_Z3__g003221--FGSG_11470..FSPOR_8278","other","N/A",319971,320820,1
"NRRL3510","3510_Z3_len3919170.region002","3510_Z3_len3919170",2,"3510_Z3__g003222--FGSG_11469..FSPOR_8277","3510_Z3__g003222--FGSG_11469..FSPOR_8277","other","N/A",321412,323063,1
"NRRL3510","3510_Z3_len3919170.region002","3510_Z3_len3919170",2,"3510_Z3__g003223--FGSG_11468..FSPOR_8276","3510_Z3__g003223--FGSG_11468..FSPOR_8276","other","N/A",323151,324167,-1
"NRRL3510","3510_Z3_len3919170.region002","3510_Z3_len3919170",2,"3510_Z3__g003224--FGSG_11467..FSPOR_8275","3510_Z3__g003224--FGSG_11467..FSPOR_8275","other","N/A",325061,326169,-1
"NRRL3510","3510_Z3_len3919170.region002","3510_Z3_len3919170",2,"3510_Z3__g003225--FSPOR_8274","3510_Z3__g003225--FSPOR_8274","biosynthetic-additional","N/A",328236,329776,-1
"NRRL3510","3510_Z3_len3919170.region002","3510_Z3_len3919170",2,"3510_Z3__g003227--FGSG_13946..FSPOR_8272","3510_Z3__g003227--FGSG_13946..FSPOR_8272","biosynthetic-additional","N/A",333487,335217,1
"NRRL3510","3510_Z3_len3919170.region002","3510_Z3_len3919170",2,"3510_Z3__g003228--FGSG_13947..FSPOR_8271","3510_Z3__g003228--FGSG_13947..FSPOR_8271","other","N/A",336650,337636,1
"NRRL3510","3510_Z3_len3919170.region002","3510_Z3_len3919170",2,"3510_Z3__g003230","3510_Z3__g003230","other","N/A",340053,340404,-1
"NRRL3510","3510_Z3_len3919170.region002","3510_Z3_len3919170",2,"3510_Z3__g003231--FGSG_11465..FSPOR_8270","3510_Z3__g003231--FGSG_11465..FSPOR_8270","biosynthetic-additional","N/A",341200,342069,-1
"NRRL3510","3510_Z3_len3919170.region002","3510_Z3_len3919170",2,"3510_Z3__g003232--FGSG_11462..FSPOR_8269","3510_Z3__g003232--FGSG_11462..FSPOR_8269","other","N/A",344906,346603,-1
"NRRL3510","3510_Z3_len3919170.region002","3510_Z3_len3919170",2,"3510_Z3__g003233","3510_Z3__g003233","other","N/A",347420,348433,-1
"NRRL3510","3510_Z3_len3919170.region002","3510_Z3_len3919170",2,"FOX2_1","3510_Z3__g003226--FSPOR_8273","biosynthetic-additional","N/A",331717,332634,1
"NRRL3510","3510_Z3_len3919170.region003","3510_Z3_len3919170",3,"3510_Z3__g003285--FGSG_11405..FSPOR_8227","3510_Z3__g003285--FGSG_11405..FSPOR_8227","biosynthetic-additional","N/A",495896,497194,-1
"NRRL3510","3510_Z3_len3919170.region003","3510_Z3_len3919170",3,"3510_Z3__g003286--FGSG_13967..FSPOR_8226","3510_Z3__g003286--FGSG_13967..FSPOR_8226","other","N/A",500348,501196,1
"NRRL3510","3510_Z3_len3919170.region003","3510_Z3_len3919170",3,"3510_Z3__g003287--FGSG_11401..FSPOR_8225","3510_Z3__g003287--FGSG_11401..FSPOR_8225","other","N/A",501626,502219,-1
"NRRL3510","3510_Z3_len3919170.region003","3510_Z3_len3919170",3,"3510_Z3__g003289--FGSG_11400..FSPOR_8224","3510_Z3__g003289--FGSG_11400..FSPOR_8224","biosynthetic-additional","N/A",503810,504895,1
"NRRL3510","3510_Z3_len3919170.region003","3510_Z3_len3919170",3,"3510_Z3__g003296--FGSG_11393..FSPOR_8217","3510_Z3__g003296--FGSG_11393..FSPOR_8217","other","N/A",523791,524447,-1
"NRRL3510","3510_Z3_len3919170.region003","3510_Z3_len3919170",3,"3510_Z3__g003298--FGSG_11391..FSPOR_8216","3510_Z3__g003298--FGSG_11391..FSPOR_8216","other","N/A",525756,528074,-1
"NRRL3510","3510_Z3_len3919170.region003","3510_Z3_len3919170",3,"3510_Z3__g003299--FGSG_13971..FSPOR_8215","3510_Z3__g003299--FGSG_13971..FSPOR_8215","transport","N/A",530650,531744,1
"NRRL3510","3510_Z3_len3919170.region003","3510_Z3_len3919170",3,"3510_Z3__g003302--FGSG_11389..FSPOR_11717","3510_Z3__g003302--FGSG_11389..FSPOR_11717","biosynthetic-additional","N/A",535817,537567,-1
"NRRL3510","3510_Z3_len3919170.region003","3510_Z3_len3919170",3,"3510_Z3__g003303","3510_Z3__g003303","other","N/A",538501,539375,1
"NRRL3510","3510_Z3_len3919170.region003","3510_Z3_len3919170",3,"3510_Z3__g003304--FGSG_11388..FSPOR_11718","3510_Z3__g003304--FGSG_11388..FSPOR_11718","biosynthetic-additional","N/A",540587,541870,1
"NRRL3510","3510_Z3_len3919170.region003","3510_Z3_len3919170",3,"CHRY1","3510_Z3__g003294--FGSG_11395..FSPOR_8219","biosynthetic","NRPS",515116,522386,1
"NRRL3510","3510_Z3_len3919170.region003","3510_Z3_len3919170",3,"CHRY2","3510_Z3__g003293--FGSG_11396..FSPOR_8220","biosynthetic-additional","N/A",511241,513527,-1
"NRRL3510","3510_Z3_len3919170.region003","3510_Z3_len3919170",3,"CHRY3","3510_Z3__g003292--FGSG_11397..FSPOR_8221","other","N/A",509834,511018,1
"NRRL3510","3510_Z3_len3919170.region003","3510_Z3_len3919170",3,"CHRY4","3510_Z3__g003291--FGSG_11398..FSPOR_8222","biosynthetic-additional","N/A",508337,509122,-1
"NRRL3510","3510_Z3_len3919170.region003","3510_Z3_len3919170",3,"CHRY5","3510_Z3__g003290--FGSG_11399..FSPOR_8223","biosynthetic-additional","N/A",506068,507852,1
"NRRL3510","3510_Z3_len3919170.region003","3510_Z3_len3919170",3,"CHRY6","3510_Z3__g003295--FGSG_11394..FSPOR_8218","other","N/A",522695,523070,1
"NRRL3510","3510_Z3_len3919170.region004","3510_Z3_len3919170",4,"3510_Z3__g003373--FGSG_11316..FSPOR_9120","3510_Z3__g003373--FGSG_11316..FSPOR_9120","biosynthetic-additional","N/A",731394,732644,1
"NRRL3510","3510_Z3_len3919170.region004","3510_Z3_len3919170",4,"3510_Z3__g003375--FGSG_11326..FSPOR_9121","3510_Z3__g003375--FGSG_11326..FSPOR_9121","other","N/A",737705,739506,-1
"NRRL3510","3510_Z3_len3919170.region004","3510_Z3_len3919170",4,"3510_Z3__g003377--FGSG_11327..FSPOR_9122","3510_Z3__g003377--FGSG_11327..FSPOR_9122","biosynthetic","terpene",740865,742534,-1
"NRRL3510","3510_Z3_len3919170.region004","3510_Z3_len3919170",4,"3510_Z3__g003378--FGSG_11328..FSPOR_9123","3510_Z3__g003378--FGSG_11328..FSPOR_9123","other","N/A",743914,744960,1
"NRRL3510","3510_Z3_len3919170.region004","3510_Z3_len3919170",4,"ats1_2","3510_Z3__g003374","other","N/A",732800,733425,1
"NRRL3510","3510_Z3_len3919170.region005","3510_Z3_len3919170",5,"3510_Z3__g003625--FGSG_11055..FSPOR_4646","3510_Z3__g003625--FGSG_11055..FSPOR_4646","other","N/A",1349419,1351098,1
"NRRL3510","3510_Z3_len3919170.region005","3510_Z3_len3919170",5,"3510_Z3__g003627--FGSG_11022..FSPOR_4644","3510_Z3__g003627--FGSG_11022..FSPOR_4644","biosynthetic-additional","N/A",1354420,1355554,-1
"NRRL3510","3510_Z3_len3919170.region005","3510_Z3_len3919170",5,"3510_Z3__g003629--FGSG_11024..FSPOR_4642","3510_Z3__g003629--FGSG_11024..FSPOR_4642","biosynthetic-additional","N/A",1357507,1359163,-1
"NRRL3510","3510_Z3_len3919170.region005","3510_Z3_len3919170",5,"3510_Z3__g003630","3510_Z3__g003630","other","N/A",1360121,1361104,1
"NRRL3510","3510_Z3_len3919170.region005","3510_Z3_len3919170",5,"3510_Z3__g003631--FSPOR_4641","3510_Z3__g003631--FSPOR_4641","other","N/A",1362069,1363631,1
"NRRL3510","3510_Z3_len3919170.region005","3510_Z3_len3919170",5,"3510_Z3__g003633--FGSG_11026..FSPOR_4638","3510_Z3__g003633--FGSG_11026..FSPOR_4638","biosynthetic","NRPS",1368429,1382740,-1
"NRRL3510","3510_Z3_len3919170.region005","3510_Z3_len3919170",5,"3510_Z3__g003634--FGSG_11027..FSPOR_4637","3510_Z3__g003634--FGSG_11027..FSPOR_4637","biosynthetic-additional","N/A",1383378,1384661,-1
"NRRL3510","3510_Z3_len3919170.region005","3510_Z3_len3919170",5,"3510_Z3__g003635--FGSG_11028..FSPOR_4636","3510_Z3__g003635--FGSG_11028..FSPOR_4636","transport","N/A",1385634,1389833,1
"NRRL3510","3510_Z3_len3919170.region005","3510_Z3_len3919170",5,"3510_Z3__g003636--FGSG_11029..FSPOR_4635","3510_Z3__g003636--FGSG_11029..FSPOR_4635","transport","N/A",1391055,1392974,1
"NRRL3510","3510_Z3_len3919170.region005","3510_Z3_len3919170",5,"3510_Z3__g003637--FGSG_11030..FSPOR_4634","3510_Z3__g003637--FGSG_11030..FSPOR_4634","other","N/A",1395047,1395859,1
"NRRL3510","3510_Z3_len3919170.region005","3510_Z3_len3919170",5,"3510_Z3__g003638--FGSG_11031..FSPOR_4633","3510_Z3__g003638--FGSG_11031..FSPOR_4633","other","N/A",1398229,1398861,1
"NRRL3510","3510_Z3_len3919170.region005","3510_Z3_len3919170",5,"3510_Z3__g003639--FGSG_13866..FSPOR_4632","3510_Z3__g003639--FGSG_13866..FSPOR_4632","transport","N/A",1399597,1401251,-1
"NRRL3510","3510_Z3_len3919170.region005","3510_Z3_len3919170",5,"LYS1_1","3510_Z3__g003626--FGSG_11054..FSPOR_4645","biosynthetic-additional","N/A",1352731,1354055,1
"NRRL3510","3510_Z3_len3919170.region005","3510_Z3_len3919170",5,"TRI15","3510_Z3__g003632--FGSG_11025..FSPOR_4639","other","N/A",1365868,1366824,-1
"NRRL3510","3510_Z3_len3919170.region006","3510_Z3_len3919170",6,"3510_Z3__g003671--FGSG_11000..FSPOR_4599","3510_Z3__g003671--FGSG_11000..FSPOR_4599","other","N/A",1474161,1474775,-1
"NRRL3510","3510_Z3_len3919170.region006","3510_Z3_len3919170",6,"3510_Z3__g003672--FGSG_10999..FSPOR_4598","3510_Z3__g003672--FGSG_10999..FSPOR_4598","other","N/A",1475464,1476269,-1
"NRRL3510","3510_Z3_len3919170.region006","3510_Z3_len3919170",6,"3510_Z3__g003673--FGSG_10998..FSPOR_4597","3510_Z3__g003673--FGSG_10998..FSPOR_4597","biosynthetic-additional","N/A",1478187,1479780,-1
"NRRL3510","3510_Z3_len3919170.region006","3510_Z3_len3919170",6,"3510_Z3__g003674--FGSG_10996..FSPOR_4596","3510_Z3__g003674--FGSG_10996..FSPOR_4596","other","N/A",1481459,1483485,1
"NRRL3510","3510_Z3_len3919170.region006","3510_Z3_len3919170",6,"3510_Z3__g003675--FSPOR_4595","3510_Z3__g003675--FSPOR_4595","other","N/A",1483647,1484759,-1
"NRRL3510","3510_Z3_len3919170.region006","3510_Z3_len3919170",6,"3510_Z3__g003676--FSPOR_4594","3510_Z3__g003676--FSPOR_4594","other","N/A",1488824,1489192,1
"NRRL3510","3510_Z3_len3919170.region006","3510_Z3_len3919170",6,"3510_Z3__g003677--FGSG_10460..FSPOR_4593","3510_Z3__g003677--FGSG_10460..FSPOR_4593","biosynthetic-additional","N/A",1489660,1490775,-1
"NRRL3510","3510_Z3_len3919170.region006","3510_Z3_len3919170",6,"3510_Z3__g003678--FSPOR_4592","3510_Z3__g003678--FSPOR_4592","biosynthetic","T1PKS;NRPS",1492047,1503980,1
"NRRL3510","3510_Z3_len3919170.region006","3510_Z3_len3919170",6,"3510_Z3__g003679--FSPOR_4591","3510_Z3__g003679--FSPOR_4591","biosynthetic-additional","N/A",1504712,1505985,-1
"NRRL3510","3510_Z3_len3919170.region006","3510_Z3_len3919170",6,"3510_Z3__g003680--FSPOR_4590","3510_Z3__g003680--FSPOR_4590","biosynthetic-additional","N/A",1506823,1507796,-1
"NRRL3510","3510_Z3_len3919170.region006","3510_Z3_len3919170",6,"3510_Z3__g003681--FSPOR_4589","3510_Z3__g003681--FSPOR_4589","biosynthetic-additional","N/A",1508270,1509900,1
"NRRL3510","3510_Z3_len3919170.region006","3510_Z3_len3919170",6,"3510_Z3__g003682--FGSG_10983..FSPOR_4588","3510_Z3__g003682--FGSG_10983..FSPOR_4588","other","N/A",1510055,1511495,-1
"NRRL3510","3510_Z3_len3919170.region006","3510_Z3_len3919170",6,"3510_Z3__g003684--FGSG_13880..FSPOR_4586","3510_Z3__g003684--FGSG_13880..FSPOR_4586","biosynthetic-additional","N/A",1516339,1517310,-1
"NRRL3510","3510_Z3_len3919170.region006","3510_Z3_len3919170",6,"3510_Z3__g003685--FGSG_13881..FSPOR_4585","3510_Z3__g003685--FGSG_13881..FSPOR_4585","other","N/A",1517578,1519191,-1
"NRRL3510","3510_Z3_len3919170.region006","3510_Z3_len3919170",6,"3510_Z3__g003686","3510_Z3__g003686","other","N/A",1519460,1521117,-1
"NRRL3510","3510_Z3_len3919170.region006","3510_Z3_len3919170",6,"dpp4","3510_Z3__g003683--FGSG_10982..FSPOR_4587","biosynthetic-additional","N/A",1513474,1515816,-1
"NRRL3510","3510_Z3_len3919170.region006","3510_Z3_len3919170",6,"GUK1_1","3510_Z3__g003670--FSPOR_4600","other","N/A",1473174,1473825,1
"NRRL3510","3510_Z3_len3919170.region007","3510_Z3_len3919170",7,"3510_Z3__g004330--FGSG_06048..FSPOR_2306","3510_Z3__g004330--FGSG_06048..FSPOR_2306","other","N/A",3643974,3644597,-1
"NRRL3510","3510_Z3_len3919170.region007","3510_Z3_len3919170",7,"3510_Z3__g004332--FGSG_06046..FSPOR_9239","3510_Z3__g004332--FGSG_06046..FSPOR_9239","other","N/A",3650268,3652313,-1
"NRRL3510","3510_Z3_len3919170.region007","3510_Z3_len3919170",7,"3510_Z3__g004337--FGSG_06043..FSPOR_9242","3510_Z3__g004337--FGSG_06043..FSPOR_9242","other","N/A",3660437,3661355,1
"NRRL3510","3510_Z3_len3919170.region007","3510_Z3_len3919170",7,"3510_Z3__g004338--FGSG_06042..FSPOR_9243","3510_Z3__g004338--FGSG_06042..FSPOR_9243","other","N/A",3661528,3662142,-1
"NRRL3510","3510_Z3_len3919170.region007","3510_Z3_len3919170",7,"3510_Z3__g004344--FGSG_06038..FSPOR_9249","3510_Z3__g004344--FGSG_06038..FSPOR_9249","other","N/A",3679884,3680270,1
"NRRL3510","3510_Z3_len3919170.region007","3510_Z3_len3919170",7,"acl1","3510_Z3__g004342--FGSG_12857..FSPOR_9247","other","N/A",3671128,3673153,-1
"NRRL3510","3510_Z3_len3919170.region007","3510_Z3_len3919170",7,"acl2_2","3510_Z3__g004343--FGSG_06039..FSPOR_9248","other","N/A",3676646,3678483,1
"NRRL3510","3510_Z3_len3919170.region007","3510_Z3_len3919170",7,"EAF3","3510_Z3__g004340--FGSG_14036..FSPOR_9245","other","N/A",3667370,3669481,1
"NRRL3510","3510_Z3_len3919170.region007","3510_Z3_len3919170",7,"GAS4","3510_Z3__g004345--FGSG_06037..FSPOR_9250","other","N/A",3680656,3682282,-1
"NRRL3510","3510_Z3_len3919170.region007","3510_Z3_len3919170",7,"LYS2","3510_Z3__g004339--FGSG_06041..FSPOR_9244","biosynthetic","NRPS-like",3662636,3666456,-1
"NRRL3510","3510_Z3_len3919170.region007","3510_Z3_len3919170",7,"MRPL33","3510_Z3__g004341--FGSG_12858..FSPOR_9246","other","N/A",3669845,3670209,-1
"NRRL3510","3510_Z3_len3919170.region007","3510_Z3_len3919170",7,"RPN3","3510_Z3__g004335--FGSG_06045..FSPOR_9240","other","N/A",3654330,3656184,-1
"NRRL3510","3510_Z3_len3919170.region007","3510_Z3_len3919170",7,"SAS2","3510_Z3__g004331--FGSG_06047..FSPOR_9238","other","N/A",3647522,3649551,-1
"NRRL3510","3510_Z3_len3919170.region007","3510_Z3_len3919170",7,"TAF12","3510_Z3__g004336--FGSG_06044..FSPOR_9241","other","N/A",3657235,3659353,-1
"NRRL3510","3510_Z4_len3872410.region001","3510_Z4_len3872410",1,"3510_Z4__g004576--FGSG_05801..FSPOR_5037","3510_Z4__g004576--FGSG_05801..FSPOR_5037","transport","N/A",424037,425681,-1
"NRRL3510","3510_Z4_len3872410.region001","3510_Z4_len3872410",1,"3510_Z4__g004577--FGSG_05800..FSPOR_5038","3510_Z4__g004577--FGSG_05800..FSPOR_5038","other","N/A",426345,428740,1
"NRRL3510","3510_Z4_len3872410.region001","3510_Z4_len3872410",1,"3510_Z4__g004578--FGSG_05799..FSPOR_5039","3510_Z4__g004578--FGSG_05799..FSPOR_5039","biosynthetic-additional","N/A",429183,430002,1
"NRRL3510","3510_Z4_len3872410.region001","3510_Z4_len3872410",1,"3510_Z4__g004579","3510_Z4__g004579","other","N/A",430778,431467,1
"NRRL3510","3510_Z4_len3872410.region001","3510_Z4_len3872410",1,"3510_Z4__g004580--FGSG_05798..FSPOR_5040","3510_Z4__g004580--FGSG_05798..FSPOR_5040","other","N/A",432085,433725,1
"NRRL3510","3510_Z4_len3872410.region001","3510_Z4_len3872410",1,"3510_Z4__g004581--FGSG_05797..FSPOR_5041","3510_Z4__g004581--FGSG_05797..FSPOR_5041","other","N/A",434102,435952,-1
"NRRL3510","3510_Z4_len3872410.region001","3510_Z4_len3872410",1,"3510_Z4__g004582--FGSG_05796..FSPOR_5042","3510_Z4__g004582--FGSG_05796..FSPOR_5042","other","N/A",438481,439332,1
"NRRL3510","3510_Z4_len3872410.region001","3510_Z4_len3872410",1,"3510_Z4__g004583--FGSG_05795..FSPOR_5043","3510_Z4__g004583--FGSG_05795..FSPOR_5043","other","N/A",439745,441304,1
"NRRL3510","3510_Z4_len3872410.region001","3510_Z4_len3872410",1,"3510_Z4__g004584--FGSG_05794..FSPOR_5044","3510_Z4__g004584--FGSG_05794..FSPOR_5044","biosynthetic","T1PKS",441942,451979,1
"NRRL3510","3510_Z4_len3872410.region001","3510_Z4_len3872410",1,"3510_Z4__g004585--FGSG_05792..FSPOR_5046","3510_Z4__g004585--FGSG_05792..FSPOR_5046","biosynthetic-additional","N/A",454907,456252,1
"NRRL3510","3510_Z4_len3872410.region001","3510_Z4_len3872410",1,"3510_Z4__g004586--FGSG_05791..FSPOR_5047","3510_Z4__g004586--FGSG_05791..FSPOR_5047","other","N/A",456435,457939,-1
"NRRL3510","3510_Z4_len3872410.region001","3510_Z4_len3872410",1,"3510_Z4__g004587--FGSG_05790..FSPOR_5048","3510_Z4__g004587--FGSG_05790..FSPOR_5048","other","N/A",458734,459462,-1
"NRRL3510","3510_Z4_len3872410.region001","3510_Z4_len3872410",1,"3510_Z4__g004588--FGSG_12814..FSPOR_5051","3510_Z4__g004588--FGSG_12814..FSPOR_5051","other","N/A",464941,466287,1
"NRRL3510","3510_Z4_len3872410.region001","3510_Z4_len3872410",1,"3510_Z4__g004589--FGSG_12813..FSPOR_5052","3510_Z4__g004589--FGSG_12813..FSPOR_5052","other","N/A",466829,469305,1
"NRRL3510","3510_Z4_len3872410.region002","3510_Z4_len3872410",2,"3510_Z4__g005013--FGSG_05375..FSPOR_352","3510_Z4__g005013--FGSG_05375..FSPOR_352","biosynthetic-additional","N/A",1803226,1804755,-1
"NRRL3510","3510_Z4_len3872410.region002","3510_Z4_len3872410",2,"3510_Z4__g005014--FGSG_05374..FSPOR_353","3510_Z4__g005014--FGSG_05374..FSPOR_353","other","N/A",1807643,1809274,1
"NRRL3510","3510_Z4_len3872410.region002","3510_Z4_len3872410",2,"3510_Z4__g005015--FGSG_05373..FSPOR_354","3510_Z4__g005015--FGSG_05373..FSPOR_354","other","N/A",1810706,1813219,1
"NRRL3510","3510_Z4_len3872410.region002","3510_Z4_len3872410",2,"3510_Z4__g005018--FGSG_05370..FSPOR_357","3510_Z4__g005018--FGSG_05370..FSPOR_357","other","N/A",1839368,1842221,1
"NRRL3510","3510_Z4_len3872410.region002","3510_Z4_len3872410",2,"3510_Z4__g005019--FGSG_05369..FSPOR_358","3510_Z4__g005019--FGSG_05369..FSPOR_358","other","N/A",1842755,1843459,1
"NRRL3510","3510_Z4_len3872410.region002","3510_Z4_len3872410",2,"3510_Z4__g005020--FGSG_05368..FSPOR_359","3510_Z4__g005020--FGSG_05368..FSPOR_359","transport","N/A",1845685,1847475,1
"NRRL3510","3510_Z4_len3872410.region002","3510_Z4_len3872410",2,"3510_Z4__g005021--FGSG_05367..FSPOR_360","3510_Z4__g005021--FGSG_05367..FSPOR_360","other","N/A",1847581,1849293,-1
"NRRL3510","3510_Z4_len3872410.region002","3510_Z4_len3872410",2,"3510_Z4__g005022--FGSG_05366..FSPOR_361","3510_Z4__g005022--FGSG_05366..FSPOR_361","other","N/A",1850249,1851302,1
"NRRL3510","3510_Z4_len3872410.region002","3510_Z4_len3872410",2,"BYE1","3510_Z4__g005024--FGSG_05364..FSPOR_363","other","N/A",1853746,1856429,1
"NRRL3510","3510_Z4_len3872410.region002","3510_Z4_len3872410",2,"NPS2","3510_Z4__g005016--FGSG_05372..FSPOR_355","biosynthetic","NRPS;NRP-metallophore",1813536,1828170,-1
"NRRL3510","3510_Z4_len3872410.region002","3510_Z4_len3872410",2,"PRE9","3510_Z4__g005023--FGSG_05365..FSPOR_362","other","N/A",1851551,1852500,-1
"NRRL3510","3510_Z4_len3872410.region002","3510_Z4_len3872410",2,"rpl29","3510_Z4__g005010","other","N/A",1795188,1795564,1
"NRRL3510","3510_Z4_len3872410.region002","3510_Z4_len3872410",2,"SID1","3510_Z4__g005017--FGSG_05371..FSPOR_356","biosynthetic","NRP-metallophore",1835853,1837578,1
"NRRL3510","3510_Z4_len3872410.region002","3510_Z4_len3872410",2,"TFC4","3510_Z4__g005012--FGSG_05376..FSPOR_351","other","N/A",1799660,1802777,1
"NRRL3510","3510_Z4_len3872410.region002","3510_Z4_len3872410",2,"VTS1","3510_Z4__g005011--FGSG_05377..FSPOR_350","other","N/A",1796939,1798895,1
"NRRL3510","3510_Z4_len3872410.region003","3510_Z4_len3872410",3,"3510_Z4__g005042--FGSG_05342..FSPOR_380","3510_Z4__g005042--FGSG_05342..FSPOR_380","other","N/A",1914514,1915592,-1
"NRRL3510","3510_Z4_len3872410.region003","3510_Z4_len3872410",3,"3510_Z4__g005043--FGSG_05341..FSPOR_381","3510_Z4__g005043--FGSG_05341..FSPOR_381","other","N/A",1919193,1919762,1
"NRRL3510","3510_Z4_len3872410.region003","3510_Z4_len3872410",3,"3510_Z4__g005044--FGSG_05340..FSPOR_382","3510_Z4__g005044--FGSG_05340..FSPOR_382","other","N/A",1920408,1922090,-1
"NRRL3510","3510_Z4_len3872410.region003","3510_Z4_len3872410",3,"3510_Z4__g005045--FGSG_05339..FSPOR_3580","3510_Z4__g005045--FGSG_05339..FSPOR_3580","other","N/A",1928531,1929253,1
"NRRL3510","3510_Z4_len3872410.region003","3510_Z4_len3872410",3,"3510_Z4__g005046--FGSG_11988..FSPOR_3578","3510_Z4__g005046--FGSG_11988..FSPOR_3578","biosynthetic","NRPS",1934258,1939132,-1
"NRRL3510","3510_Z4_len3872410.region003","3510_Z4_len3872410",3,"3510_Z4__g005047","3510_Z4__g005047","transport","N/A",1939645,1943724,-1
"NRRL3510","3510_Z4_len3872410.region003","3510_Z4_len3872410",3,"3510_Z4__g005048--FGSG_11987..FSPOR_3577","3510_Z4__g005048--FGSG_11987..FSPOR_3577","other","N/A",1944686,1946474,1
"NRRL3510","3510_Z4_len3872410.region003","3510_Z4_len3872410",3,"3510_Z4__g005049--FGSG_11986..FSPOR_3576","3510_Z4__g005049--FGSG_11986..FSPOR_3576","biosynthetic-additional","N/A",1947652,1949271,1
"NRRL3510","3510_Z4_len3872410.region003","3510_Z4_len3872410",3,"3510_Z4__g005050--FGSG_11985..FSPOR_3575","3510_Z4__g005050--FGSG_11985..FSPOR_3575","other","N/A",1950079,1950711,1
"NRRL3510","3510_Z4_len3872410.region003","3510_Z4_len3872410",3,"3510_Z4__g005051--FGSG_11984..FSPOR_3574","3510_Z4__g005051--FGSG_11984..FSPOR_3574","other","N/A",1951652,1952233,1
"NRRL3510","3510_Z4_len3872410.region003","3510_Z4_len3872410",3,"3510_Z4__g005052--FGSG_01681..FSPOR_3573","3510_Z4__g005052--FGSG_01681..FSPOR_3573","other","N/A",1952947,1954984,-1
"NRRL3510","3510_Z4_len3872410.region003","3510_Z4_len3872410",3,"3510_Z4__g005053--FGSG_01680..FSPOR_3572","3510_Z4__g005053--FGSG_01680..FSPOR_3572","biosynthetic","NRPS-like",1955730,1960782,1
"NRRL3510","3510_Z4_len3872410.region003","3510_Z4_len3872410",3,"3510_Z4__g005056--FGSG_05335..FSPOR_3569","3510_Z4__g005056--FGSG_05335..FSPOR_3569","other","N/A",1972285,1973506,1
"NRRL3510","3510_Z4_len3872410.region003","3510_Z4_len3872410",3,"3510_Z4__g005057--FGSG_05334..FSPOR_3568","3510_Z4__g005057--FGSG_05334..FSPOR_3568","biosynthetic-additional","N/A",1973527,1975090,-1
"NRRL3510","3510_Z4_len3872410.region003","3510_Z4_len3872410",3,"3510_Z4__g005058--FGSG_05333..FSPOR_3567","3510_Z4__g005058--FGSG_05333..FSPOR_3567","other","N/A",1975905,1976951,-1
"NRRL3510","3510_Z4_len3872410.region003","3510_Z4_len3872410",3,"3510_Z4__g005059--FGSG_05332..FSPOR_3566","3510_Z4__g005059--FGSG_05332..FSPOR_3566","other","N/A",1978316,1978984,1
"NRRL3510","3510_Z4_len3872410.region003","3510_Z4_len3872410",3,"MAK5","3510_Z4__g005055--FGSG_05336..FSPOR_3570","other","N/A",1969106,1971502,1
"NRRL3510","3510_Z4_len3872410.region003","3510_Z4_len3872410",3,"MLP1","3510_Z4__g005054--FGSG_05337..FSPOR_3571","other","N/A",1962160,1968416,1
"NRRL3510","3510_Z5_len2996132.region001","3510_Z5_len2996132",1,"3510_Z5__g006139--FGSG_00455..FSPOR_10177","3510_Z5__g006139--FGSG_00455..FSPOR_10177","other","N/A",1620357,1621373,1
"NRRL3510","3510_Z5_len2996132.region001","3510_Z5_len2996132",1,"3510_Z5__g006140--FGSG_00454..FSPOR_10178","3510_Z5__g006140--FGSG_00454..FSPOR_10178","biosynthetic-additional","N/A",1622255,1623681,1
"NRRL3510","3510_Z5_len2996132.region001","3510_Z5_len2996132",1,"3510_Z5__g006141--FGSG_00453..FSPOR_10179","3510_Z5__g006141--FGSG_00453..FSPOR_10179","other","N/A",1624208,1624907,-1
"NRRL3510","3510_Z5_len2996132.region001","3510_Z5_len2996132",1,"3510_Z5__g006142--FGSG_00452..FSPOR_10180","3510_Z5__g006142--FGSG_00452..FSPOR_10180","biosynthetic-additional","N/A",1626422,1627168,1
"NRRL3510","3510_Z5_len2996132.region001","3510_Z5_len2996132",1,"3510_Z5__g006143--FGSG_00451..FSPOR_10181","3510_Z5__g006143--FGSG_00451..FSPOR_10181","biosynthetic","terpene",1627291,1628226,-1
"NRRL3510","3510_Z5_len2996132.region001","3510_Z5_len2996132",1,"3510_Z5__g006144--FGSG_00450..FSPOR_10182","3510_Z5__g006144--FGSG_00450..FSPOR_10182","other","N/A",1629833,1630741,-1
"NRRL3510","3510_Z5_len2996132.region001","3510_Z5_len2996132",1,"PWP1","3510_Z5__g006145--FGSG_00449..FSPOR_10183","other","N/A",1633934,1635620,-1
"NRRL3510","3510_Z5_len2996132.region002","3510_Z5_len2996132",2,"3510_Z5__g006492--FSPOR_6970","3510_Z5__g006492--FSPOR_6970","other","N/A",2795116,2797695,1
"NRRL3510","3510_Z5_len2996132.region002","3510_Z5_len2996132",2,"3510_Z5__g006493--FSPOR_8882","3510_Z5__g006493--FSPOR_8882","biosynthetic-additional","N/A",2798425,2799594,-1
"NRRL3510","3510_Z5_len2996132.region002","3510_Z5_len2996132",2,"3510_Z5__g006494--FSPOR_8884","3510_Z5__g006494--FSPOR_8884","transport","N/A",2804454,2806006,1
"NRRL3510","3510_Z5_len2996132.region002","3510_Z5_len2996132",2,"3510_Z5__g006495--FSPOR_8885","3510_Z5__g006495--FSPOR_8885","biosynthetic-additional","N/A",2806111,2807309,-1
"NRRL3510","3510_Z5_len2996132.region002","3510_Z5_len2996132",2,"3510_Z5__g006496--FSPOR_8886","3510_Z5__g006496--FSPOR_8886","biosynthetic-additional","N/A",2808920,2811397,-1
"NRRL3510","3510_Z5_len2996132.region002","3510_Z5_len2996132",2,"3510_Z5__g006497--FSPOR_8887","3510_Z5__g006497--FSPOR_8887","biosynthetic","isocyanide",2814132,2816297,1
"NRRL3510","3510_Z5_len2996132.region002","3510_Z5_len2996132",2,"3510_Z5__g006498--FSPOR_8888","3510_Z5__g006498--FSPOR_8888","other","N/A",2816931,2817509,-1
"NRRL3510","3510_Z5_len2996132.region002","3510_Z5_len2996132",2,"3510_Z5__g006499","3510_Z5__g006499","biosynthetic-additional","N/A",2822119,2823195,1
"NRRL3510","3510_Z5_len2996132.region002","3510_Z5_len2996132",2,"3510_Z5__g006500","3510_Z5__g006500","other","N/A",2827982,2828782,1
"NRRL3510","3510_Z5_len2996132.region002","3510_Z5_len2996132",2,"3510_Z5__g006501--FGSG_00031..FSPOR_8893","3510_Z5__g006501--FGSG_00031..FSPOR_8893","other","N/A",2830933,2835071,-1
"NRRL3510","3510_Z6_len1896649.region001","3510_Z6_len1896649",1,"3510_Z6__g006590--FGSG_02333..FSPOR_6903","3510_Z6__g006590--FGSG_02333..FSPOR_6903","other","N/A",125314,126543,1
"NRRL3510","3510_Z6_len1896649.region001","3510_Z6_len1896649",1,"3510_Z6__g006591--FGSG_02332..FSPOR_6902","3510_Z6__g006591--FGSG_02332..FSPOR_6902","other","N/A",127513,128526,-1
"NRRL3510","3510_Z6_len1896649.region001","3510_Z6_len1896649",1,"3510_Z6__g006592--FGSG_02331..FSPOR_6901","3510_Z6__g006592--FGSG_02331..FSPOR_6901","transport","N/A",130087,131382,1
"NRRL3510","3510_Z6_len1896649.region001","3510_Z6_len1896649",1,"3510_Z6__g006594--FGSG_02329..FSPOR_6899","3510_Z6__g006594--FGSG_02329..FSPOR_6899","other","N/A",134531,135812,-1
"NRRL3510","3510_Z6_len1896649.region001","3510_Z6_len1896649",1,"3510_Z6__g006596--FGSG_02327..FSPOR_6897","3510_Z6__g006596--FGSG_02327..FSPOR_6897","biosynthetic-additional","N/A",138762,140563,-1
"NRRL3510","3510_Z6_len1896649.region001","3510_Z6_len1896649",1,"3510_Z6__g006597--FGSG_02326..FSPOR_6896","3510_Z6__g006597--FGSG_02326..FSPOR_6896","biosynthetic-additional","N/A",141032,142463,1
"NRRL3510","3510_Z6_len1896649.region001","3510_Z6_len1896649",1,"3510_Z6__g006598--FGSG_02325..FSPOR_6895","3510_Z6__g006598--FGSG_02325..FSPOR_6895","other","N/A",142785,143298,-1
"NRRL3510","3510_Z6_len1896649.region001","3510_Z6_len1896649",1,"3510_Z6__g006601--FGSG_02322..FSPOR_6892","3510_Z6__g006601--FGSG_02322..FSPOR_6892","transport","N/A",153502,155201,1
"NRRL3510","3510_Z6_len1896649.region001","3510_Z6_len1896649",1,"3510_Z6__g006602--FGSG_02321..FSPOR_6891","3510_Z6__g006602--FGSG_02321..FSPOR_6891","biosynthetic-additional","N/A",155710,157332,-1
"NRRL3510","3510_Z6_len1896649.region001","3510_Z6_len1896649",1,"3510_Z6__g006604--FGSG_02317..FSPOR_6889","3510_Z6__g006604--FGSG_02317..FSPOR_6889","other","N/A",160656,161732,-1
"NRRL3510","3510_Z6_len1896649.region001","3510_Z6_len1896649",1,"3510_Z6__g006605--FGSG_02316..FSPOR_6888","3510_Z6__g006605--FGSG_02316..FSPOR_6888","transport","N/A",162808,167758,-1
"NRRL3510","3510_Z6_len1896649.region001","3510_Z6_len1896649",1,"3510_Z6__g006606--FGSG_02315..FSPOR_6887","3510_Z6__g006606--FGSG_02315..FSPOR_6887","biosynthetic","NRPS",170759,193495,1
"NRRL3510","3510_Z6_len1896649.region001","3510_Z6_len1896649",1,"3510_Z6__g006607--FGSG_02314..FSPOR_6886","3510_Z6__g006607--FGSG_02314..FSPOR_6886","other","N/A",193989,200475,-1
"NRRL3510","3510_Z6_len1896649.region001","3510_Z6_len1896649",1,"3510_Z6__g006608--FGSG_02313..FSPOR_6884","3510_Z6__g006608--FGSG_02313..FSPOR_6884","other","N/A",202149,202754,1
"NRRL3510","3510_Z6_len1896649.region001","3510_Z6_len1896649",1,"3510_Z6__g006609--FGSG_02312..FSPOR_6883","3510_Z6__g006609--FGSG_02312..FSPOR_6883","transport","N/A",202844,204559,-1
"NRRL3510","3510_Z6_len1896649.region001","3510_Z6_len1896649",1,"3510_Z6__g006610--FGSG_02311..FSPOR_6882","3510_Z6__g006610--FGSG_02311..FSPOR_6882","other","N/A",205772,207733,1
"NRRL3510","3510_Z6_len1896649.region001","3510_Z6_len1896649",1,"3510_Z6__g006611--FGSG_02309..FSPOR_6881","3510_Z6__g006611--FGSG_02309..FSPOR_6881","other","N/A",208167,208735,-1
"NRRL3510","3510_Z6_len1896649.region001","3510_Z6_len1896649",1,"3510_Z6__g006612--FGSG_02308..FSPOR_6880","3510_Z6__g006612--FGSG_02308..FSPOR_6880","other","N/A",209707,211139,1
"NRRL3510","3510_Z6_len1896649.region001","3510_Z6_len1896649",1,"3510_Z6__g006613--FSPOR_6879","3510_Z6__g006613--FSPOR_6879","biosynthetic-additional","N/A",211237,214474,-1
"NRRL3510","3510_Z6_len1896649.region001","3510_Z6_len1896649",1,"3510_Z6__g006614--FSPOR_6878","3510_Z6__g006614--FSPOR_6878","biosynthetic-additional","N/A",215353,216580,1
"NRRL3510","3510_Z6_len1896649.region001","3510_Z6_len1896649",1,"3510_Z6__g006615--FSPOR_6877","3510_Z6__g006615--FSPOR_6877","other","N/A",218214,218521,1
"NRRL3510","3510_Z6_len1896649.region001","3510_Z6_len1896649",1,"3510_Z6__g006616--FSPOR_6876","3510_Z6__g006616--FSPOR_6876","biosynthetic-additional","N/A",219168,219869,-1
"NRRL3510","3510_Z6_len1896649.region001","3510_Z6_len1896649",1,"3510_Z6__g006617--FSPOR_6875","3510_Z6__g006617--FSPOR_6875","biosynthetic","isocyanide",221092,225305,1
"NRRL3510","3510_Z6_len1896649.region001","3510_Z6_len1896649",1,"3510_Z6__g006618--FGSG_02296..FSPOR_6874","3510_Z6__g006618--FGSG_02296..FSPOR_6874","biosynthetic-additional","N/A",226194,227800,1
"NRRL3510","3510_Z6_len1896649.region001","3510_Z6_len1896649",1,"3510_Z6__g006619--FSPOR_6873","3510_Z6__g006619--FSPOR_6873","biosynthetic-additional","N/A",228364,229326,1
"NRRL3510","3510_Z6_len1896649.region001","3510_Z6_len1896649",1,"3510_Z6__g006620--FGSG_02294..FSPOR_6871","3510_Z6__g006620--FGSG_02294..FSPOR_6871","other","N/A",234719,235692,1
"NRRL3510","3510_Z6_len1896649.region001","3510_Z6_len1896649",1,"3510_Z6__g006621--FGSG_02293..FSPOR_6870","3510_Z6__g006621--FGSG_02293..FSPOR_6870","other","N/A",236674,238011,1
"NRRL3510","3510_Z6_len1896649.region001","3510_Z6_len1896649",1,"3510_Z6__g006622--FGSG_02292..FSPOR_6869","3510_Z6__g006622--FGSG_02292..FSPOR_6869","transport","N/A",238292,240255,-1
"NRRL3510","3510_Z6_len1896649.region001","3510_Z6_len1896649",1,"3510_Z6__g006623--FGSG_02291..FSPOR_6868","3510_Z6__g006623--FGSG_02291..FSPOR_6868","biosynthetic-additional","N/A",243451,244635,-1
"NRRL3510","3510_Z6_len1896649.region001","3510_Z6_len1896649",1,"AURL2","3510_Z6__g006593--FGSG_02330..FSPOR_6900","other","N/A",132356,134260,1
"NRRL3510","3510_Z6_len1896649.region001","3510_Z6_len1896649",1,"AURR1","3510_Z6__g006603--FGSG_02320..FSPOR_6890","other","N/A",158619,159830,1
"NRRL3510","3510_Z6_len1896649.region001","3510_Z6_len1896649",1,"AURR2","3510_Z6__g006600--FGSG_02323..FSPOR_6893","other","N/A",150652,152862,-1
"NRRL3510","3510_Z6_len1896649.region001","3510_Z6_len1896649",1,"GIP1","3510_Z6__g006595--FGSG_02328..FSPOR_6898","other","N/A",136153,138372,1
"NRRL3510","3510_Z6_len1896649.region001","3510_Z6_len1896649",1,"PKS12","3510_Z6__g006599--FGSG_02324..FSPOR_6894","biosynthetic","T1PKS",143832,150316,1
"NRRL3510","3510_Z6_len1896649.region002","3510_Z6_len1896649",2,"3510_Z6__g006652--FGSG_02259..FSPOR_6832","3510_Z6__g006652--FGSG_02259..FSPOR_6832","other","N/A",337812,338774,-1
"NRRL3510","3510_Z6_len1896649.region002","3510_Z6_len1896649",2,"3510_Z6__g006653--FGSG_02258..FSPOR_6831","3510_Z6__g006653--FGSG_02258..FSPOR_6831","biosynthetic-additional","N/A",339544,340720,1
"NRRL3510","3510_Z6_len1896649.region002","3510_Z6_len1896649",2,"3510_Z6__g006654--FGSG_12106..FSPOR_6830","3510_Z6__g006654--FGSG_12106..FSPOR_6830","other","N/A",341722,343442,1
"NRRL3510","3510_Z6_len1896649.region002","3510_Z6_len1896649",2,"3510_Z6__g006655--FGSG_12105..FSPOR_6829","3510_Z6__g006655--FGSG_12105..FSPOR_6829","other","N/A",343450,344777,1
"NRRL3510","3510_Z6_len1896649.region002","3510_Z6_len1896649",2,"3510_Z6__g006656--FGSG_02255..FSPOR_6828","3510_Z6__g006656--FGSG_02255..FSPOR_6828","other","N/A",345922,346645,1
"NRRL3510","3510_Z6_len1896649.region002","3510_Z6_len1896649",2,"3510_Z6__g006658--FGSG_07754..FSPOR_6826","3510_Z6__g006658--FGSG_07754..FSPOR_6826","other","N/A",348780,349718,1
"NRRL3510","3510_Z6_len1896649.region002","3510_Z6_len1896649",2,"3510_Z6__g006660--FGSG_07755..FSPOR_6824","3510_Z6__g006660--FGSG_07755..FSPOR_6824","other","N/A",352871,353368,-1
"NRRL3510","3510_Z6_len1896649.region002","3510_Z6_len1896649",2,"3510_Z6__g006661--FGSG_02251..FSPOR_6823","3510_Z6__g006661--FGSG_02251..FSPOR_6823","biosynthetic","NRPS-like",354535,357879,-1
"NRRL3510","3510_Z6_len1896649.region002","3510_Z6_len1896649",2,"3510_Z6__g006662","3510_Z6__g006662","other","N/A",358424,359951,-1
"NRRL3510","3510_Z6_len1896649.region002","3510_Z6_len1896649",2,"3510_Z6__g006663--FGSG_02249..FSPOR_6822","3510_Z6__g006663--FGSG_02249..FSPOR_6822","other","N/A",360814,361523,1
"NRRL3510","3510_Z6_len1896649.region002","3510_Z6_len1896649",2,"3510_Z6__g006666--FGSG_02245..FSPOR_6819","3510_Z6__g006666--FGSG_02245..FSPOR_6819","other","N/A",367424,368395,-1
"NRRL3510","3510_Z6_len1896649.region002","3510_Z6_len1896649",2,"3510_Z6__g006667--FGSG_02244..FSPOR_6818","3510_Z6__g006667--FGSG_02244..FSPOR_6818","other","N/A",369541,372286,-1
"NRRL3510","3510_Z6_len1896649.region002","3510_Z6_len1896649",2,"AYR1","3510_Z6__g006665--FGSG_02247..FSPOR_6820","biosynthetic-additional","N/A",365054,366103,-1
"NRRL3510","3510_Z6_len1896649.region002","3510_Z6_len1896649",2,"SIT1_2","3510_Z6__g006659--FGSG_02252..FSPOR_6825","transport","N/A",350299,352059,-1
"NRRL3510","3510_Z6_len1896649.region002","3510_Z6_len1896649",2,"ZRT1_2","3510_Z6__g006664--FGSG_02248..FSPOR_6821","other","N/A",362689,364683,1
"NRRL3510","3510_Z6_len1896649.region003","3510_Z6_len1896649",3,"3510_Z6__g006937--FGSG_12039..FSPOR_1009","3510_Z6__g006937--FGSG_12039..FSPOR_1009","other","N/A",1143316,1148750,1
"NRRL3510","3510_Z6_len1896649.region003","3510_Z6_len1896649",3,"3510_Z6__g006938--FGSG_01963..FSPOR_1010","3510_Z6__g006938--FGSG_01963..FSPOR_1010","other","N/A",1149432,1150876,-1
"NRRL3510","3510_Z6_len1896649.region003","3510_Z6_len1896649",3,"3510_Z6__g006939--FGSG_01962..FSPOR_1011","3510_Z6__g006939--FGSG_01962..FSPOR_1011","biosynthetic-additional","N/A",1151853,1153904,1
"NRRL3510","3510_Z6_len1896649.region003","3510_Z6_len1896649",3,"3510_Z6__g006940--FSPOR_1012","3510_Z6__g006940--FSPOR_1012","other","N/A",1154960,1156807,1
"NRRL3510","3510_Z6_len1896649.region003","3510_Z6_len1896649",3,"3510_Z6__g006941--FSPOR_1013","3510_Z6__g006941--FSPOR_1013","other","N/A",1157199,1158094,-1
"NRRL3510","3510_Z6_len1896649.region003","3510_Z6_len1896649",3,"3510_Z6__g006942","3510_Z6__g006942","other","N/A",1158547,1158767,-1
"NRRL3510","3510_Z6_len1896649.region003","3510_Z6_len1896649",3,"3510_Z6__g006944--FSPOR_1015","3510_Z6__g006944--FSPOR_1015","other","N/A",1170435,1171290,1
"NRRL3510","3510_Z6_len1896649.region003","3510_Z6_len1896649",3,"3510_Z6__g006945--FSPOR_1016","3510_Z6__g006945--FSPOR_1016","transport","N/A",1171792,1175898,-1
"NRRL3510","3510_Z6_len1896649.region003","3510_Z6_len1896649",3,"3510_Z6__g006946--FSPOR_1017","3510_Z6__g006946--FSPOR_1017","biosynthetic-additional","N/A",1176781,1178832,1
"NRRL3510","3510_Z6_len1896649.region003","3510_Z6_len1896649",3,"3510_Z6__g006948--FGSG_01960..FSPOR_1019","3510_Z6__g006948--FGSG_01960..FSPOR_1019","other","N/A",1207947,1208336,-1
"NRRL3510","3510_Z6_len1896649.region003","3510_Z6_len1896649",3,"3510_Z6__g006950--FGSG_01958..FSPOR_1021","3510_Z6__g006950--FGSG_01958..FSPOR_1021","biosynthetic-additional","N/A",1214865,1215473,1
"NRRL3510","3510_Z6_len1896649.region003","3510_Z6_len1896649",3,"3510_Z6__g006951--FGSG_01957..FSPOR_1022","3510_Z6__g006951--FGSG_01957..FSPOR_1022","other","N/A",1215716,1216719,-1
"NRRL3510","3510_Z6_len1896649.region003","3510_Z6_len1896649",3,"3510_Z6__g006952--FGSG_01956..FSPOR_1023","3510_Z6__g006952--FGSG_01956..FSPOR_1023","other","N/A",1218478,1220331,-1
"NRRL3510","3510_Z6_len1896649.region003","3510_Z6_len1896649",3,"ANB1","3510_Z6__g006953--FGSG_01955..FSPOR_1024","other","N/A",1221117,1222004,-1
"NRRL3510","3510_Z6_len1896649.region003","3510_Z6_len1896649",3,"ERG5","3510_Z6__g006949--FGSG_01959..FSPOR_1020","biosynthetic-additional","N/A",1212241,1214085,1
"NRRL3510","3510_Z6_len1896649.region003","3510_Z6_len1896649",3,"NRPS32","3510_Z6__g006947--FGSG_13878..FSPOR_1018","biosynthetic","NRPS",1180428,1207330,1
"NRRL3510","3510_Z6_len1896649.region003","3510_Z6_len1896649",3,"PKS40_1","3510_Z6__g006943--FSPOR_1014","biosynthetic","T1PKS",1161439,1169316,-1
"NRRL3510","3510_Z6_len1896649.region003","3510_Z6_len1896649",3,"VPS52","3510_Z6__g006954--FGSG_01954..FSPOR_1025","other","N/A",1223722,1225807,1
"NRRL3510","3510_Z6_len1896649.region004","3510_Z6_len1896649",4,"3510_Z6__g007108--FGSG_01798..FSPOR_2667","3510_Z6__g007108--FGSG_01798..FSPOR_2667","other","N/A",1755554,1756327,1
"NRRL3510","3510_Z6_len1896649.region004","3510_Z6_len1896649",4,"3510_Z6__g007109--FGSG_01797..FSPOR_2668","3510_Z6__g007109--FGSG_01797..FSPOR_2668","other","N/A",1756906,1758350,1
"NRRL3510","3510_Z6_len1896649.region004","3510_Z6_len1896649",4,"3510_Z6__g007110--FGSG_01795..FSPOR_2670","3510_Z6__g007110--FGSG_01795..FSPOR_2670","other","N/A",1760263,1760913,1
"NRRL3510","3510_Z6_len1896649.region004","3510_Z6_len1896649",4,"3510_Z6__g007111--FGSG_01794..FSPOR_2671","3510_Z6__g007111--FGSG_01794..FSPOR_2671","biosynthetic-additional","N/A",1762829,1763895,-1
"NRRL3510","3510_Z6_len1896649.region004","3510_Z6_len1896649",4,"3510_Z6__g007112--FGSG_01792..FSPOR_2673","3510_Z6__g007112--FGSG_01792..FSPOR_2673","transport","N/A",1766029,1767795,1
"NRRL3510","3510_Z6_len1896649.region004","3510_Z6_len1896649",4,"3510_Z6__g007113--FGSG_01791..FSPOR_2674","3510_Z6__g007113--FGSG_01791..FSPOR_2674","other","N/A",1768477,1769869,-1
"NRRL3510","3510_Z6_len1896649.region004","3510_Z6_len1896649",4,"3510_Z6__g007114--FGSG_01790..FSPOR_2675","3510_Z6__g007114--FGSG_01790..FSPOR_2675","biosynthetic","T1PKS",1770559,1778153,-1
"NRRL3510","3510_Z6_len1896649.region004","3510_Z6_len1896649",4,"3510_Z6__g007115--FGSG_01789..FSPOR_2676","3510_Z6__g007115--FGSG_01789..FSPOR_2676","other","N/A",1778763,1780808,-1
"NRRL3510","3510_Z6_len1896649.region004","3510_Z6_len1896649",4,"3510_Z6__g007116","3510_Z6__g007116","other","N/A",1783413,1783775,1
"NRRL3510","3510_Z6_len1896649.region004","3510_Z6_len1896649",4,"3510_Z6__g007117--FGSG_01787..FSPOR_2677","3510_Z6__g007117--FGSG_01787..FSPOR_2677","other","N/A",1784688,1785491,1
"NRRL3510","3510_Z6_len1896649.region004","3510_Z6_len1896649",4,"3510_Z6__g007118--FGSG_01786..FSPOR_2678","3510_Z6__g007118--FGSG_01786..FSPOR_2678","biosynthetic-additional","N/A",1785808,1787017,-1
"NRRL3510","3510_Z6_len1896649.region004","3510_Z6_len1896649",4,"3510_Z6__g007119--FGSG_01785..FSPOR_2679","3510_Z6__g007119--FGSG_01785..FSPOR_2679","other","N/A",1788322,1789704,-1
"NRRL3510","3510_Z6_len1896649.region004","3510_Z6_len1896649",4,"3510_Z6__g007120--FGSG_01784..FSPOR_2680","3510_Z6__g007120--FGSG_01784..FSPOR_2680","other","N/A",1790471,1791655,-1
"NRRL3510","3510_Z6_len1896649.region004","3510_Z6_len1896649",4,"3510_Z6__g007121--FGSG_01783..FSPOR_2681","3510_Z6__g007121--FGSG_01783..FSPOR_2681","biosynthetic-additional","N/A",1792498,1793606,1
"NRRL3510","3510_Z6_len1896649.region004","3510_Z6_len1896649",4,"3510_Z6__g007122--FGSG_01782..FSPOR_2682","3510_Z6__g007122--FGSG_01782..FSPOR_2682","other","N/A",1793930,1794466,1
"NRRL3510","3510_Z6_len1896649.region004","3510_Z6_len1896649",4,"3510_Z6__g007123--FGSG_01781..FSPOR_2683","3510_Z6__g007123--FGSG_01781..FSPOR_2683","other","N/A",1794641,1796885,-1
"NRRL3510","3510_Z7_len1799394.region001","3510_Z7_len1799394",1,"3510_Z7__g007249--FGSG_10098..FSPOR_2742","3510_Z7__g007249--FGSG_10098..FSPOR_2742","transport","N/A",342066,343853,1
"NRRL3510","3510_Z7_len1799394.region001","3510_Z7_len1799394",1,"3510_Z7__g007250","3510_Z7__g007250","other","N/A",344210,344834,1
"NRRL3510","3510_Z7_len1799394.region001","3510_Z7_len1799394",1,"3510_Z7__g007251--FGSG_10100..FSPOR_2741","3510_Z7__g007251--FGSG_10100..FSPOR_2741","other","N/A",346071,347054,1
"NRRL3510","3510_Z7_len1799394.region001","3510_Z7_len1799394",1,"3510_Z7__g007252--FGSG_10101..FSPOR_2740","3510_Z7__g007252--FGSG_10101..FSPOR_2740","other","N/A",347370,348630,-1
"NRRL3510","3510_Z7_len1799394.region001","3510_Z7_len1799394",1,"BTS1","3510_Z7__g007248--FGSG_10097..FSPOR_2743","biosynthetic","terpene",338613,339863,-1
"NRRL3510","3510_Z7_len1799394.region001","3510_Z7_len1799394",1,"PEX29","3510_Z7__g007247--FGSG_10096..FSPOR_2744","other","N/A",336651,338215,1
"NRRL3510","3510_Z7_len1799394.region001","3510_Z7_len1799394",1,"POM1","3510_Z7__g007246--FGSG_10095..FSPOR_2745","regulatory","N/A",329419,333535,-1
"NRRL3510","3510_Z7_len1799394.region002","3510_Z7_len1799394",2,"3510_Z7__g007668--FGSG_10517..FSPOR_10930","3510_Z7__g007668--FGSG_10517..FSPOR_10930","other","N/A",1668501,1670378,1
"NRRL3510","3510_Z7_len1799394.region002","3510_Z7_len1799394",2,"3510_Z7__g007670--FGSG_10521..FSPOR_10927","3510_Z7__g007670--FGSG_10521..FSPOR_10927","biosynthetic-additional","N/A",1680906,1681811,1
"NRRL3510","3510_Z7_len1799394.region002","3510_Z7_len1799394",2,"3510_Z7__g007671--FGSG_10522..FSPOR_10926","3510_Z7__g007671--FGSG_10522..FSPOR_10926","other","N/A",1684468,1687233,1
"NRRL3510","3510_Z7_len1799394.region002","3510_Z7_len1799394",2,"3510_Z7__g007672--FGSG_10523..FSPOR_10925","3510_Z7__g007672--FGSG_10523..FSPOR_10925","biosynthetic","NRPS",1687758,1695400,-1
"NRRL3510","3510_Z7_len1799394.region002","3510_Z7_len1799394",2,"3510_Z7__g007674--FGSG_10524..FSPOR_10923","3510_Z7__g007674--FGSG_10524..FSPOR_10923","other","N/A",1698282,1701415,-1
"NRRL3510","3510_Z7_len1799394.region002","3510_Z7_len1799394",2,"3510_Z7__g007675--FGSG_10526..FSPOR_10922","3510_Z7__g007675--FGSG_10526..FSPOR_10922","other","N/A",1703855,1706236,1
"NRRL3510","3510_Z7_len1799394.region002","3510_Z7_len1799394",2,"3510_Z7__g007677--FGSG_10528..FSPOR_10920","3510_Z7__g007677--FGSG_10528..FSPOR_10920","other","N/A",1710232,1712923,1
"NRRL3510","3510_Z7_len1799394.region002","3510_Z7_len1799394",2,"3510_Z7__g007678--FGSG_10529..FSPOR_10919","3510_Z7__g007678--FGSG_10529..FSPOR_10919","other","N/A",1713376,1715007,-1
"NRRL3510","3510_Z7_len1799394.region002","3510_Z7_len1799394",2,"SIT4_1","3510_Z7__g007673--FSPOR_10924","other","N/A",1697175,1697693,-1
"NRRL3510","3510_Z7_len1799394.region002","3510_Z7_len1799394",2,"SUB2_1","3510_Z7__g007676--FGSG_10525..FSPOR_10921","biosynthetic-additional","N/A",1707043,1708437,1
"NRRL3510","3510_Z7_len1799394.region002","3510_Z7_len1799394",2,"YVH1","3510_Z7__g007669--FGSG_10516..FSPOR_10929","other","N/A",1672756,1674005,1
"NRRL3510","3510_Z8_len1275139.region001","3510_Z8_len1275139",1,"3510_Z8__g007729--FGSG_08172..FSPOR_4190","3510_Z8__g007729--FGSG_08172..FSPOR_4190","other","N/A",152041,152497,1
"NRRL3510","3510_Z8_len1275139.region001","3510_Z8_len1275139",1,"3510_Z8__g007730--FGSG_08173..FSPOR_4191","3510_Z8__g007730--FGSG_08173..FSPOR_4191","other","N/A",153343,155188,1
"NRRL3510","3510_Z8_len1275139.region001","3510_Z8_len1275139",1,"3510_Z8__g007731--FGSG_08174..FSPOR_4192","3510_Z8__g007731--FGSG_08174..FSPOR_4192","other","N/A",155813,156847,-1
"NRRL3510","3510_Z8_len1275139.region001","3510_Z8_len1275139",1,"3510_Z8__g007732--FSPOR_6044","3510_Z8__g007732--FSPOR_6044","biosynthetic-additional","N/A",157933,159596,-1
"NRRL3510","3510_Z8_len1275139.region001","3510_Z8_len1275139",1,"3510_Z8__g007733--FGSG_08175..FSPOR_6045","3510_Z8__g007733--FGSG_08175..FSPOR_6045","other","N/A",162901,164394,1
"NRRL3510","3510_Z8_len1275139.region001","3510_Z8_len1275139",1,"3510_Z8__g007734","3510_Z8__g007734","other","N/A",164784,165200,1
"NRRL3510","3510_Z8_len1275139.region001","3510_Z8_len1275139",1,"3510_Z8__g007735--FGSG_08181..FSPOR_6046","3510_Z8__g007735--FGSG_08181..FSPOR_6046","biosynthetic","terpene",165490,165981,-1
"NRRL3510","3510_Z8_len1275139.region001","3510_Z8_len1275139",1,"3510_Z8__g007736--FGSG_08182..FSPOR_6047","3510_Z8__g007736--FGSG_08182..FSPOR_6047","other","N/A",166181,167014,1
"NRRL3510","3510_Z8_len1275139.region001","3510_Z8_len1275139",1,"3510_Z8__g007737--FGSG_08183..FSPOR_6048","3510_Z8__g007737--FGSG_08183..FSPOR_6048","biosynthetic-additional","N/A",167897,169859,1
"NRRL3510","3510_Z8_len1275139.region001","3510_Z8_len1275139",1,"3510_Z8__g007738--FGSG_08184..FSPOR_6049","3510_Z8__g007738--FGSG_08184..FSPOR_6049","biosynthetic","isocyanide-nrp",170949,175110,1
"NRRL3510","3510_Z8_len1275139.region001","3510_Z8_len1275139",1,"3510_Z8__g007739--FGSG_08185..FSPOR_6050","3510_Z8__g007739--FGSG_08185..FSPOR_6050","biosynthetic","isocyanide-nrp",176080,177541,1
"NRRL3510","3510_Z8_len1275139.region001","3510_Z8_len1275139",1,"3510_Z8__g007740--FGSG_08186..FSPOR_6051","3510_Z8__g007740--FGSG_08186..FSPOR_6051","biosynthetic-additional","N/A",178233,180117,-1
"NRRL3510","3510_Z8_len1275139.region001","3510_Z8_len1275139",1,"3510_Z8__g007741--FGSG_08187..FSPOR_6052","3510_Z8__g007741--FGSG_08187..FSPOR_6052","biosynthetic-additional","N/A",181075,182870,-1
"NRRL3510","3510_Z8_len1275139.region001","3510_Z8_len1275139",1,"3510_Z8__g007743--FSPOR_6055","3510_Z8__g007743--FSPOR_6055","other","N/A",192335,193120,-1
"NRRL3510","3510_Z8_len1275139.region001","3510_Z8_len1275139",1,"3510_Z8__g007745--FGSG_08190..FSPOR_6056","3510_Z8__g007745--FGSG_08190..FSPOR_6056","other","N/A",197262,198255,-1
"NRRL3510","3510_Z8_len1275139.region001","3510_Z8_len1275139",1,"3510_Z8__g007746--FGSG_08192..FSPOR_6058","3510_Z8__g007746--FGSG_08192..FSPOR_6058","biosynthetic-additional","N/A",200626,201736,-1
"NRRL3510","3510_Z8_len1275139.region001","3510_Z8_len1275139",1,"CCC2_1","3510_Z8__g007742--FGSG_08188..FSPOR_6053","other","N/A",184092,187323,1
"NRRL3510","3510_Z8_len1275139.region001","3510_Z8_len1275139",1,"GDE1_1","3510_Z8__g007744","other","N/A",193829,194491,-1
"NRRL3510","3510_Z8_len1275139.region002","3510_Z8_len1275139",2,"3510_Z8__g007751--FGSG_00021..FSPOR_11794","3510_Z8__g007751--FGSG_00021..FSPOR_11794","other","N/A",212152,213174,1
"NRRL3510","3510_Z8_len1275139.region002","3510_Z8_len1275139",2,"3510_Z8__g007752","3510_Z8__g007752","other","N/A",213449,217008,1
"NRRL3510","3510_Z8_len1275139.region002","3510_Z8_len1275139",2,"3510_Z8__g007753--FGSG_08203..FSPOR_6063","3510_Z8__g007753--FGSG_08203..FSPOR_6063","other","N/A",218458,220126,1
"NRRL3510","3510_Z8_len1275139.region002","3510_Z8_len1275139",2,"3510_Z8__g007754--FGSG_08204..FSPOR_6064","3510_Z8__g007754--FGSG_08204..FSPOR_6064","other","N/A",221906,223137,1
"NRRL3510","3510_Z8_len1275139.region002","3510_Z8_len1275139",2,"3510_Z8__g007755--FGSG_08205..FSPOR_6065","3510_Z8__g007755--FGSG_08205..FSPOR_6065","biosynthetic-additional","N/A",223673,224989,-1
"NRRL3510","3510_Z8_len1275139.region002","3510_Z8_len1275139",2,"3510_Z8__g007756--FGSG_08206..FSPOR_6066","3510_Z8__g007756--FGSG_08206..FSPOR_6066","other","N/A",226659,227037,1
"NRRL3510","3510_Z8_len1275139.region002","3510_Z8_len1275139",2,"3510_Z8__g007757--FGSG_08207..FSPOR_6067","3510_Z8__g007757--FGSG_08207..FSPOR_6067","biosynthetic-additional","N/A",227318,229067,-1
"NRRL3510","3510_Z8_len1275139.region002","3510_Z8_len1275139",2,"3510_Z8__g007760--FGSG_08210..FSPOR_6070","3510_Z8__g007760--FGSG_08210..FSPOR_6070","other","N/A",253297,253847,-1
"NRRL3510","3510_Z8_len1275139.region002","3510_Z8_len1275139",2,"3510_Z8__g007761--FSPOR_6071","3510_Z8__g007761--FSPOR_6071","biosynthetic-additional","N/A",256430,257767,-1
"NRRL3510","3510_Z8_len1275139.region002","3510_Z8_len1275139",2,"3510_Z8__g007762--FGSG_13420..FSPOR_6073","3510_Z8__g007762--FGSG_13420..FSPOR_6073","other","N/A",261100,261706,1
"NRRL3510","3510_Z8_len1275139.region002","3510_Z8_len1275139",2,"3510_Z8__g007763--FGSG_08220..FSPOR_6074","3510_Z8__g007763--FGSG_08220..FSPOR_6074","other","N/A",261833,262996,-1
"NRRL3510","3510_Z8_len1275139.region002","3510_Z8_len1275139",2,"3510_Z8__g007764--FSPOR_6075","3510_Z8__g007764--FSPOR_6075","biosynthetic-additional","N/A",263641,264510,1
"NRRL3510","3510_Z8_len1275139.region002","3510_Z8_len1275139",2,"3510_Z8__g007765--FGSG_09087..FSPOR_6076","3510_Z8__g007765--FGSG_09087..FSPOR_6076","other","N/A",264696,265415,1
"NRRL3510","3510_Z8_len1275139.region002","3510_Z8_len1275139",2,"3510_Z8__g007766--FGSG_08221..FSPOR_6077","3510_Z8__g007766--FGSG_08221..FSPOR_6077","biosynthetic-additional","N/A",265635,267442,-1
"NRRL3510","3510_Z8_len1275139.region002","3510_Z8_len1275139",2,"3510_Z8__g007767","3510_Z8__g007767","other","N/A",272687,274735,-1
"NRRL3510","3510_Z8_len1275139.region002","3510_Z8_len1275139",2,"3510_Z8__g007768--FSPOR_6081","3510_Z8__g007768--FSPOR_6081","other","N/A",280873,281244,-1
"NRRL3510","3510_Z8_len1275139.region002","3510_Z8_len1275139",2,"3510_Z8__g007769--FGSG_13418..FSPOR_6082","3510_Z8__g007769--FGSG_13418..FSPOR_6082","other","N/A",283323,285035,1
"NRRL3510","3510_Z8_len1275139.region002","3510_Z8_len1275139",2,"3510_Z8__g007770--FGSG_08227..FSPOR_6083","3510_Z8__g007770--FGSG_08227..FSPOR_6083","biosynthetic","isocyanide",285705,287786,-1
"NRRL3510","3510_Z8_len1275139.region002","3510_Z8_len1275139",2,"3510_Z8__g007771--FGSG_08228..FSPOR_6084","3510_Z8__g007771--FGSG_08228..FSPOR_6084","biosynthetic-additional","N/A",288658,290371,1
"NRRL3510","3510_Z8_len1275139.region002","3510_Z8_len1275139",2,"3510_Z8__g007772--FSPOR_6086","3510_Z8__g007772--FSPOR_6086","other","N/A",293623,294479,-1
"NRRL3510","3510_Z8_len1275139.region002","3510_Z8_len1275139",2,"3510_Z8__g007774--FGSG_08230..FSPOR_6088","3510_Z8__g007774--FGSG_08230..FSPOR_6088","other","N/A",303243,304988,1
"NRRL3510","3510_Z8_len1275139.region002","3510_Z8_len1275139",2,"3510_Z8__g007775--FSPOR_6089","3510_Z8__g007775--FSPOR_6089","biosynthetic-additional","N/A",306343,307572,-1
"NRRL3510","3510_Z8_len1275139.region002","3510_Z8_len1275139",2,"CTF1_2","3510_Z8__g007773--FSPOR_6087","other","N/A",295355,299867,-1
"NRRL3510","3510_Z8_len1275139.region002","3510_Z8_len1275139",2,"NRPS7","3510_Z8__g007759--FGSG_08209..FSPOR_6069","biosynthetic","NRPS",239370,252552,1
"NRRL3510","3510_Z8_len1275139.region002","3510_Z8_len1275139",2,"PKS6","3510_Z8__g007758--FGSG_08208..FSPOR_6068","biosynthetic","T1PKS",230219,237984,-1
"NRRL3510","3510_Z8_len1275139.region003","3510_Z8_len1275139",3,"3510_Z8__g007841--FGSG_08313..FSPOR_10989","3510_Z8__g007841--FGSG_08313..FSPOR_10989","other","N/A",531340,533077,-1
"NRRL3510","3510_Z8_len1275139.region003","3510_Z8_len1275139",3,"3510_Z8__g007843--FGSG_08315..FSPOR_10991","3510_Z8__g007843--FGSG_08315..FSPOR_10991","other","N/A",535684,538287,1
"NRRL3510","3510_Z8_len1275139.region003","3510_Z8_len1275139",3,"3510_Z8__g007844--FGSG_08316..FSPOR_10992","3510_Z8__g007844--FGSG_08316..FSPOR_10992","other","N/A",539652,541413,1
"NRRL3510","3510_Z8_len1275139.region003","3510_Z8_len1275139",3,"3510_Z8__g007845--FGSG_08317..FSPOR_10993","3510_Z8__g007845--FGSG_08317..FSPOR_10993","other","N/A",541779,542858,-1
"NRRL3510","3510_Z8_len1275139.region003","3510_Z8_len1275139",3,"3510_Z8__g007846--FGSG_08318..FSPOR_10994","3510_Z8__g007846--FGSG_08318..FSPOR_10994","other","N/A",543562,544740,1
"NRRL3510","3510_Z8_len1275139.region003","3510_Z8_len1275139",3,"3510_Z8__g007847--FGSG_13394..FSPOR_10995","3510_Z8__g007847--FGSG_13394..FSPOR_10995","biosynthetic","NRPS",544973,548753,-1
"NRRL3510","3510_Z8_len1275139.region003","3510_Z8_len1275139",3,"3510_Z8__g007848--FGSG_08320..FSPOR_10996","3510_Z8__g007848--FGSG_08320..FSPOR_10996","biosynthetic-additional","N/A",551495,553120,1
"NRRL3510","3510_Z8_len1275139.region003","3510_Z8_len1275139",3,"3510_Z8__g007849--FGSG_08323..FSPOR_10998","3510_Z8__g007849--FGSG_08323..FSPOR_10998","other","N/A",560198,560746,1
"NRRL3510","3510_Z8_len1275139.region003","3510_Z8_len1275139",3,"3510_Z8__g007850--FGSG_08324..FSPOR_10999","3510_Z8__g007850--FGSG_08324..FSPOR_10999","other","N/A",562172,563185,1
"NRRL3510","3510_Z8_len1275139.region003","3510_Z8_len1275139",3,"UBC6","3510_Z8__g007842--FGSG_08314..FSPOR_10990","other","N/A",533598,534507,1
"NRRL3510","3510_Z8_len1275139.region004","3510_Z8_len1275139",4,"3510_Z8__g007905--FGSG_08374..FSPOR_3531","3510_Z8__g007905--FGSG_08374..FSPOR_3531","other","N/A",713867,714652,1
"NRRL3510","3510_Z8_len1275139.region004","3510_Z8_len1275139",4,"3510_Z8__g007907--FSPOR_3530","3510_Z8__g007907--FSPOR_3530","other","N/A",715615,716040,1
"NRRL3510","3510_Z8_len1275139.region004","3510_Z8_len1275139",4,"3510_Z8__g007910--FGSG_08376..FSPOR_3528","3510_Z8__g007910--FGSG_08376..FSPOR_3528","other","N/A",723832,725307,1
"NRRL3510","3510_Z8_len1275139.region004","3510_Z8_len1275139",4,"3510_Z8__g007911--FGSG_08377..FSPOR_3527","3510_Z8__g007911--FGSG_08377..FSPOR_3527","biosynthetic-additional","N/A",725377,726975,-1
"NRRL3510","3510_Z8_len1275139.region004","3510_Z8_len1275139",4,"3510_Z8__g007912--FGSG_08378..FSPOR_3526","3510_Z8__g007912--FGSG_08378..FSPOR_3526","biosynthetic","T3PKS",728322,729800,1
"NRRL3510","3510_Z8_len1275139.region004","3510_Z8_len1275139",4,"3510_Z8__g007913--FGSG_08380..FSPOR_3525","3510_Z8__g007913--FGSG_08380..FSPOR_3525","other","N/A",733286,736187,1
"NRRL3510","3510_Z8_len1275139.region004","3510_Z8_len1275139",4,"3510_Z8__g007915--FGSG_08382..FSPOR_3522","3510_Z8__g007915--FGSG_08382..FSPOR_3522","other","N/A",739687,740273,1
"NRRL3510","3510_Z8_len1275139.region004","3510_Z8_len1275139",4,"3510_Z8__g007916--FGSG_08383..FSPOR_3521","3510_Z8__g007916--FGSG_08383..FSPOR_3521","other","N/A",740632,741587,-1
"NRRL3510","3510_Z8_len1275139.region004","3510_Z8_len1275139",4,"3510_Z8__g007917--FGSG_08384..FSPOR_3520","3510_Z8__g007917--FGSG_08384..FSPOR_3520","other","N/A",743737,745518,1
"NRRL3510","3510_Z8_len1275139.region004","3510_Z8_len1275139",4,"3510_Z8__g007918--FGSG_08385..FSPOR_3519","3510_Z8__g007918--FGSG_08385..FSPOR_3519","other","N/A",745856,747979,-1
"NRRL3510","3510_Z8_len1275139.region004","3510_Z8_len1275139",4,"BFR2","3510_Z8__g007914--FGSG_08381..FSPOR_3523","other","N/A",737115,738791,-1
"NRRL3510","3510_Z8_len1275139.region004","3510_Z8_len1275139",4,"CYC3","3510_Z8__g007919--FGSG_08386..FSPOR_3518","other","N/A",748647,749710,1
"NRRL3510","3510_Z8_len1275139.region004","3510_Z8_len1275139",4,"MIC33_1","3510_Z8__g007909--FGSG_08375..FSPOR_3529","other","N/A",717674,718944,-1
