"Accession","cluster","chrm","region","locus_tag","gene","type","bb_type","start","end","strand"
"NRRL3249","3249_Z1_len4762658.region001","3249_Z1_len4762658",1,"3249_Z1__g000684--FGSG_05333..FSPOR_3567","3249_Z1__g000684--FGSG_05333..FSPOR_3567","other","N/A",2068785,2069517,1
"NRRL3249","3249_Z1_len4762658.region001","3249_Z1_len4762658",1,"3249_Z1__g000685--FGSG_05334..FSPOR_3568","3249_Z1__g000685--FGSG_05334..FSPOR_3568","biosynthetic-additional","N/A",2070112,2071895,1
"NRRL3249","3249_Z1_len4762658.region001","3249_Z1_len4762658",1,"3249_Z1__g000686--FGSG_05335..FSPOR_3569","3249_Z1__g000686--FGSG_05335..FSPOR_3569","other","N/A",2071916,2073137,-1
"NRRL3249","3249_Z1_len4762658.region001","3249_Z1_len4762658",1,"3249_Z1__g000689--FGSG_01680..FSPOR_3572","3249_Z1__g000689--FGSG_01680..FSPOR_3572","biosynthetic","NRPS-like",2084640,2089692,-1
"NRRL3249","3249_Z1_len4762658.region001","3249_Z1_len4762658",1,"3249_Z1__g000690--FGSG_01681..FSPOR_3573","3249_Z1__g000690--FGSG_01681..FSPOR_3573","other","N/A",2090438,2092475,1
"NRRL3249","3249_Z1_len4762658.region001","3249_Z1_len4762658",1,"3249_Z1__g000691--FGSG_11984..FSPOR_3574","3249_Z1__g000691--FGSG_11984..FSPOR_3574","other","N/A",2092565,2095343,-1
"NRRL3249","3249_Z1_len4762658.region001","3249_Z1_len4762658",1,"3249_Z1__g000692--FGSG_11986..FSPOR_3576","3249_Z1__g000692--FGSG_11986..FSPOR_3576","biosynthetic-additional","N/A",2096151,2097770,-1
"NRRL3249","3249_Z1_len4762658.region001","3249_Z1_len4762658",1,"3249_Z1__g000693--FGSG_11987..FSPOR_3577","3249_Z1__g000693--FGSG_11987..FSPOR_3577","other","N/A",2099017,2100805,-1
"NRRL3249","3249_Z1_len4762658.region001","3249_Z1_len4762658",1,"3249_Z1__g000694","3249_Z1__g000694","transport","N/A",2101768,2105847,1
"NRRL3249","3249_Z1_len4762658.region001","3249_Z1_len4762658",1,"3249_Z1__g000695--FGSG_11988..FSPOR_3578","3249_Z1__g000695--FGSG_11988..FSPOR_3578","biosynthetic","NRPS",2106360,2111233,1
"NRRL3249","3249_Z1_len4762658.region001","3249_Z1_len4762658",1,"3249_Z1__g000696--FGSG_05339..FSPOR_3580","3249_Z1__g000696--FGSG_05339..FSPOR_3580","other","N/A",2115891,2116613,-1
"NRRL3249","3249_Z1_len4762658.region001","3249_Z1_len4762658",1,"3249_Z1__g000697--FGSG_05340..FSPOR_382","3249_Z1__g000697--FGSG_05340..FSPOR_382","other","N/A",2123001,2124683,1
"NRRL3249","3249_Z1_len4762658.region001","3249_Z1_len4762658",1,"3249_Z1__g000698--FGSG_05341..FSPOR_381","3249_Z1__g000698--FGSG_05341..FSPOR_381","other","N/A",2125329,2125898,-1
"NRRL3249","3249_Z1_len4762658.region001","3249_Z1_len4762658",1,"3249_Z1__g000699--FGSG_05342..FSPOR_380","3249_Z1__g000699--FGSG_05342..FSPOR_380","other","N/A",2128223,2129301,1
"NRRL3249","3249_Z1_len4762658.region001","3249_Z1_len4762658",1,"3249_Z1__g000700--FGSG_05343..FSPOR_379","3249_Z1__g000700--FGSG_05343..FSPOR_379","other","N/A",2129639,2130916,-1
"NRRL3249","3249_Z1_len4762658.region001","3249_Z1_len4762658",1,"MAK5","3249_Z1__g000687--FGSG_05336..FSPOR_3570","other","N/A",2073920,2076316,-1
"NRRL3249","3249_Z1_len4762658.region001","3249_Z1_len4762658",1,"MLP1","3249_Z1__g000688--FGSG_05337..FSPOR_3571","other","N/A",2077006,2083262,-1
"NRRL3249","3249_Z1_len4762658.region002","3249_Z1_len4762658",2,"3249_Z1__g000719--FGSG_05366..FSPOR_361","3249_Z1__g000719--FGSG_05366..FSPOR_361","other","N/A",2192505,2193558,-1
"NRRL3249","3249_Z1_len4762658.region002","3249_Z1_len4762658",2,"3249_Z1__g000720--FGSG_05367..FSPOR_360","3249_Z1__g000720--FGSG_05367..FSPOR_360","other","N/A",2194514,2196226,1
"NRRL3249","3249_Z1_len4762658.region002","3249_Z1_len4762658",2,"3249_Z1__g000721--FGSG_05368..FSPOR_359","3249_Z1__g000721--FGSG_05368..FSPOR_359","transport","N/A",2196332,2198122,-1
"NRRL3249","3249_Z1_len4762658.region002","3249_Z1_len4762658",2,"3249_Z1__g000722--FGSG_05369..FSPOR_358","3249_Z1__g000722--FGSG_05369..FSPOR_358","other","N/A",2200348,2201052,-1
"NRRL3249","3249_Z1_len4762658.region002","3249_Z1_len4762658",2,"3249_Z1__g000723--FGSG_05370..FSPOR_357","3249_Z1__g000723--FGSG_05370..FSPOR_357","other","N/A",2201586,2204439,-1
"NRRL3249","3249_Z1_len4762658.region002","3249_Z1_len4762658",2,"3249_Z1__g000726--FGSG_05373..FSPOR_354","3249_Z1__g000726--FGSG_05373..FSPOR_354","other","N/A",2230590,2233103,-1
"NRRL3249","3249_Z1_len4762658.region002","3249_Z1_len4762658",2,"3249_Z1__g000727--FGSG_05374..FSPOR_353","3249_Z1__g000727--FGSG_05374..FSPOR_353","other","N/A",2234538,2236169,-1
"NRRL3249","3249_Z1_len4762658.region002","3249_Z1_len4762658",2,"3249_Z1__g000728--FGSG_05375..FSPOR_352","3249_Z1__g000728--FGSG_05375..FSPOR_352","biosynthetic-additional","N/A",2239059,2240588,1
"NRRL3249","3249_Z1_len4762658.region002","3249_Z1_len4762658",2,"BYE1","3249_Z1__g000717--FGSG_05364..FSPOR_363","other","N/A",2187390,2190061,-1
"NRRL3249","3249_Z1_len4762658.region002","3249_Z1_len4762658",2,"NPS2","3249_Z1__g000725--FGSG_05372..FSPOR_355","biosynthetic","NRPS;NRP-metallophore",2215639,2230273,1
"NRRL3249","3249_Z1_len4762658.region002","3249_Z1_len4762658",2,"PRE9","3249_Z1__g000718--FGSG_05365..FSPOR_362","other","N/A",2191307,2192256,1
"NRRL3249","3249_Z1_len4762658.region002","3249_Z1_len4762658",2,"rpl29","3249_Z1__g000731","other","N/A",2248246,2248622,-1
"NRRL3249","3249_Z1_len4762658.region002","3249_Z1_len4762658",2,"SID1","3249_Z1__g000724--FGSG_05371..FSPOR_356","biosynthetic","NRP-metallophore",2206231,2207956,-1
"NRRL3249","3249_Z1_len4762658.region002","3249_Z1_len4762658",2,"TFC4","3249_Z1__g000729--FGSG_05376..FSPOR_351","other","N/A",2241037,2244154,-1
"NRRL3249","3249_Z1_len4762658.region002","3249_Z1_len4762658",2,"VTS1","3249_Z1__g000730--FGSG_05377..FSPOR_350","other","N/A",2244918,2246874,-1
"NRRL3249","3249_Z1_len4762658.region003","3249_Z1_len4762658",3,"3249_Z1__g001156--FGSG_12813..FSPOR_5052","3249_Z1__g001156--FGSG_12813..FSPOR_5052","other","N/A",3570283,3572759,-1
"NRRL3249","3249_Z1_len4762658.region003","3249_Z1_len4762658",3,"3249_Z1__g001157--FGSG_12814..FSPOR_5051","3249_Z1__g001157--FGSG_12814..FSPOR_5051","other","N/A",3573301,3574986,-1
"NRRL3249","3249_Z1_len4762658.region003","3249_Z1_len4762658",3,"3249_Z1__g001158--FGSG_05790..FSPOR_5048","3249_Z1__g001158--FGSG_05790..FSPOR_5048","other","N/A",3580132,3580860,1
"NRRL3249","3249_Z1_len4762658.region003","3249_Z1_len4762658",3,"3249_Z1__g001159--FGSG_05791..FSPOR_5047","3249_Z1__g001159--FGSG_05791..FSPOR_5047","other","N/A",3581626,3583130,1
"NRRL3249","3249_Z1_len4762658.region003","3249_Z1_len4762658",3,"3249_Z1__g001160--FGSG_05792..FSPOR_5046","3249_Z1__g001160--FGSG_05792..FSPOR_5046","biosynthetic-additional","N/A",3583319,3584664,-1
"NRRL3249","3249_Z1_len4762658.region003","3249_Z1_len4762658",3,"3249_Z1__g001161--FGSG_05793..FSPOR_5045","3249_Z1__g001161--FGSG_05793..FSPOR_5045","other","N/A",3586795,3587363,1
"NRRL3249","3249_Z1_len4762658.region003","3249_Z1_len4762658",3,"3249_Z1__g001162--FGSG_05794..FSPOR_5044","3249_Z1__g001162--FGSG_05794..FSPOR_5044","biosynthetic","T1PKS",3587590,3597633,-1
"NRRL3249","3249_Z1_len4762658.region003","3249_Z1_len4762658",3,"3249_Z1__g001163--FGSG_05795..FSPOR_5043","3249_Z1__g001163--FGSG_05795..FSPOR_5043","other","N/A",3598271,3599830,-1
"NRRL3249","3249_Z1_len4762658.region003","3249_Z1_len4762658",3,"3249_Z1__g001164--FGSG_05796..FSPOR_5042","3249_Z1__g001164--FGSG_05796..FSPOR_5042","other","N/A",3600251,3601408,-1
"NRRL3249","3249_Z1_len4762658.region003","3249_Z1_len4762658",3,"3249_Z1__g001165--FGSG_05797..FSPOR_5041","3249_Z1__g001165--FGSG_05797..FSPOR_5041","other","N/A",3603788,3605638,1
"NRRL3249","3249_Z1_len4762658.region003","3249_Z1_len4762658",3,"3249_Z1__g001166--FGSG_05798..FSPOR_5040","3249_Z1__g001166--FGSG_05798..FSPOR_5040","other","N/A",3606044,3607657,-1
"NRRL3249","3249_Z1_len4762658.region003","3249_Z1_len4762658",3,"3249_Z1__g001167","3249_Z1__g001167","other","N/A",3608501,3608812,-1
"NRRL3249","3249_Z1_len4762658.region003","3249_Z1_len4762658",3,"3249_Z1__g001168--FGSG_05799..FSPOR_5039","3249_Z1__g001168--FGSG_05799..FSPOR_5039","biosynthetic-additional","N/A",3609727,3610546,-1
"NRRL3249","3249_Z1_len4762658.region003","3249_Z1_len4762658",3,"3249_Z1__g001169--FGSG_05800..FSPOR_5038","3249_Z1__g001169--FGSG_05800..FSPOR_5038","other","N/A",3610989,3613388,-1
"NRRL3249","3249_Z1_len4762658.region003","3249_Z1_len4762658",3,"3249_Z1__g001170--FGSG_05801..FSPOR_5037","3249_Z1__g001170--FGSG_05801..FSPOR_5037","transport","N/A",3614052,3615696,1
"NRRL3249","3249_Z1_len4762658.region004","3249_Z1_len4762658",4,"3249_Z1__g001406--FGSG_06038..FSPOR_9249","3249_Z1__g001406--FGSG_06038..FSPOR_9249","other","N/A",4286876,4287262,-1
"NRRL3249","3249_Z1_len4762658.region004","3249_Z1_len4762658",4,"3249_Z1__g001413--FGSG_06042..FSPOR_9243","3249_Z1__g001413--FGSG_06042..FSPOR_9243","other","N/A",4304985,4305599,1
"NRRL3249","3249_Z1_len4762658.region004","3249_Z1_len4762658",4,"3249_Z1__g001414--FGSG_06043..FSPOR_9242","3249_Z1__g001414--FGSG_06043..FSPOR_9242","other","N/A",4305772,4306690,-1
"NRRL3249","3249_Z1_len4762658.region004","3249_Z1_len4762658",4,"3249_Z1__g001419--FGSG_06046..FSPOR_9239","3249_Z1__g001419--FGSG_06046..FSPOR_9239","other","N/A",4314836,4316881,1
"NRRL3249","3249_Z1_len4762658.region004","3249_Z1_len4762658",4,"3249_Z1__g001421--FGSG_06048..FSPOR_2306","3249_Z1__g001421--FGSG_06048..FSPOR_2306","other","N/A",4322546,4323169,1
"NRRL3249","3249_Z1_len4762658.region004","3249_Z1_len4762658",4,"acl1","3249_Z1__g001408--FGSG_12857..FSPOR_9247","other","N/A",4293994,4296019,1
"NRRL3249","3249_Z1_len4762658.region004","3249_Z1_len4762658",4,"acl2_1","3249_Z1__g001407--FGSG_06039..FSPOR_9248","other","N/A",4288663,4290500,-1
"NRRL3249","3249_Z1_len4762658.region004","3249_Z1_len4762658",4,"EAF3_1","3249_Z1__g001410--FGSG_14036..FSPOR_9245","other","N/A",4297646,4298768,-1
"NRRL3249","3249_Z1_len4762658.region004","3249_Z1_len4762658",4,"EAF3_2","3249_Z1__g001411","other","N/A",4299234,4299757,-1
"NRRL3249","3249_Z1_len4762658.region004","3249_Z1_len4762658",4,"GAS4","3249_Z1__g001405--FGSG_06037..FSPOR_9250","other","N/A",4284974,4286490,1
"NRRL3249","3249_Z1_len4762658.region004","3249_Z1_len4762658",4,"LYS2","3249_Z1__g001412--FGSG_06041..FSPOR_9244","biosynthetic","NRPS-like",4300671,4304491,1
"NRRL3249","3249_Z1_len4762658.region004","3249_Z1_len4762658",4,"MRPL33","3249_Z1__g001409--FGSG_12858..FSPOR_9246","other","N/A",4296918,4297181,1
"NRRL3249","3249_Z1_len4762658.region004","3249_Z1_len4762658",4,"RPN3","3249_Z1__g001416--FGSG_06045..FSPOR_9240","other","N/A",4310965,4312819,1
"NRRL3249","3249_Z1_len4762658.region004","3249_Z1_len4762658",4,"SAS2","3249_Z1__g001420--FGSG_06047..FSPOR_9238","other","N/A",4317598,4319627,1
"NRRL3249","3249_Z1_len4762658.region004","3249_Z1_len4762658",4,"TAF12","3249_Z1__g001415--FGSG_06044..FSPOR_9241","other","N/A",4307774,4309913,1
"NRRL3249","3249_Z10_len1379680.region001","3249_Z10_len1379680",1,"3249_Z10__g008590--FGSG_09383..FSPOR_6270","3249_Z10__g008590--FGSG_09383..FSPOR_6270","biosynthetic-additional","N/A",104098,104837,-1
"NRRL3249","3249_Z10_len1379680.region001","3249_Z10_len1379680",1,"3249_Z10__g008591--FGSG_09382..FSPOR_6271","3249_Z10__g008591--FGSG_09382..FSPOR_6271","biosynthetic-additional","N/A",109536,111036,1
"NRRL3249","3249_Z10_len1379680.region001","3249_Z10_len1379680",1,"3249_Z10__g008594--FGSG_09379..FSPOR_6274","3249_Z10__g008594--FGSG_09379..FSPOR_6274","other","N/A",118603,120789,-1
"NRRL3249","3249_Z10_len1379680.region001","3249_Z10_len1379680",1,"CAJ1","3249_Z10__g008593--FGSG_09380..FSPOR_6273","other","N/A",115808,117547,1
"NRRL3249","3249_Z10_len1379680.region001","3249_Z10_len1379680",1,"ERG9","3249_Z10__g008592--FGSG_09381..FSPOR_6272","biosynthetic","terpene",112146,113691,-1
"NRRL3249","3249_Z10_len1379680.region002","3249_Z10_len1379680",2,"3249_Z10__g008787--FGSG_09191..FSPOR_145","3249_Z10__g008787--FGSG_09191..FSPOR_145","other","N/A",702719,703332,1
"NRRL3249","3249_Z10_len1379680.region002","3249_Z10_len1379680",2,"3249_Z10__g008788","3249_Z10__g008788","other","N/A",703702,704361,-1
"NRRL3249","3249_Z10_len1379680.region002","3249_Z10_len1379680",2,"3249_Z10__g008789","3249_Z10__g008789","other","N/A",704928,705917,-1
"NRRL3249","3249_Z10_len1379680.region002","3249_Z10_len1379680",2,"3249_Z10__g008790--FGSG_09189..FSPOR_146","3249_Z10__g008790--FGSG_09189..FSPOR_146","other","N/A",706406,707618,-1
"NRRL3249","3249_Z10_len1379680.region002","3249_Z10_len1379680",2,"3249_Z10__g008791--FGSG_09188..FSPOR_147","3249_Z10__g008791--FGSG_09188..FSPOR_147","other","N/A",708806,709924,1
"NRRL3249","3249_Z10_len1379680.region002","3249_Z10_len1379680",2,"3249_Z10__g008793--FGSG_09186..FSPOR_149","3249_Z10__g008793--FGSG_09186..FSPOR_149","biosynthetic-additional","N/A",712529,713656,1
"NRRL3249","3249_Z10_len1379680.region002","3249_Z10_len1379680",2,"3249_Z10__g008794--FGSG_09185..FSPOR_150","3249_Z10__g008794--FGSG_09185..FSPOR_150","biosynthetic-additional","N/A",714046,715802,1
"NRRL3249","3249_Z10_len1379680.region002","3249_Z10_len1379680",2,"3249_Z10__g008798--FGSG_09181..FSPOR_155","3249_Z10__g008798--FGSG_09181..FSPOR_155","other","N/A",730102,731778,-1
"NRRL3249","3249_Z10_len1379680.region002","3249_Z10_len1379680",2,"3249_Z10__g008799--FGSG_09180..FSPOR_156","3249_Z10__g008799--FGSG_09180..FSPOR_156","other","N/A",732332,734253,-1
"NRRL3249","3249_Z10_len1379680.region002","3249_Z10_len1379680",2,"3249_Z10__g008800--FGSG_09179..FSPOR_157","3249_Z10__g008800--FGSG_09179..FSPOR_157","other","N/A",734879,735439,-1
"NRRL3249","3249_Z10_len1379680.region002","3249_Z10_len1379680",2,"3249_Z10__g008801--FGSG_09178..FSPOR_158","3249_Z10__g008801--FGSG_09178..FSPOR_158","other","N/A",736239,738754,-1
"NRRL3249","3249_Z10_len1379680.region002","3249_Z10_len1379680",2,"3249_Z10__g008802--FGSG_13525..FSPOR_160","3249_Z10__g008802--FGSG_13525..FSPOR_160","other","N/A",742174,743621,-1
"NRRL3249","3249_Z10_len1379680.region002","3249_Z10_len1379680",2,"3249_Z10__g008803--FSPOR_161","3249_Z10__g008803--FSPOR_161","transport","N/A",745171,746885,1
"NRRL3249","3249_Z10_len1379680.region002","3249_Z10_len1379680",2,"3249_Z10__g008804--FGSG_09169..FSPOR_162","3249_Z10__g008804--FGSG_09169..FSPOR_162","biosynthetic-additional","N/A",747248,748389,1
"NRRL3249","3249_Z10_len1379680.region002","3249_Z10_len1379680",2,"FSR1","3249_Z10__g008797--FGSG_09182..FSPOR_154","biosynthetic","T1PKS",722594,729733,1
"NRRL3249","3249_Z10_len1379680.region002","3249_Z10_len1379680",2,"FSR2","3249_Z10__g008796--FGSG_09183..FSPOR_153","biosynthetic-additional","N/A",720710,721937,-1
"NRRL3249","3249_Z10_len1379680.region002","3249_Z10_len1379680",2,"FSR3","3249_Z10__g008795--FGSG_09184..FSPOR_152","other","N/A",718598,720290,1
"NRRL3249","3249_Z10_len1379680.region002","3249_Z10_len1379680",2,"FSR5","3249_Z10__g008792--FGSG_09187..FSPOR_148","biosynthetic-additional","N/A",710972,711772,1
"NRRL3249","3249_Z11_len1352086.region001","3249_Z11_len1352086",1,"3249_Z11__g009037","3249_Z11__g009037","biosynthetic","T1PKS",6414,14141,-1
"NRRL3249","3249_Z11_len1352086.region001","3249_Z11_len1352086",1,"3249_Z11__g009038","3249_Z11__g009038","biosynthetic-additional","N/A",15361,16371,-1
"NRRL3249","3249_Z11_len1352086.region001","3249_Z11_len1352086",1,"3249_Z11__g009039","3249_Z11__g009039","other","N/A",17422,18228,1
"NRRL3249","3249_Z11_len1352086.region001","3249_Z11_len1352086",1,"3249_Z11__g009040","3249_Z11__g009040","biosynthetic-additional","N/A",18325,19444,-1
"NRRL3249","3249_Z11_len1352086.region001","3249_Z11_len1352086",1,"3249_Z11__g009041","3249_Z11__g009041","biosynthetic-additional","N/A",20042,21763,1
"NRRL3249","3249_Z11_len1352086.region001","3249_Z11_len1352086",1,"3249_Z11__g009042","3249_Z11__g009042","transport","N/A",22618,23139,-1
"NRRL3249","3249_Z11_len1352086.region001","3249_Z11_len1352086",1,"3249_Z11__g009043","3249_Z11__g009043","transport","N/A",23386,27583,-1
"NRRL3249","3249_Z11_len1352086.region001","3249_Z11_len1352086",1,"3249_Z11__g009044","3249_Z11__g009044","other","N/A",28915,29760,1
"NRRL3249","3249_Z11_len1352086.region001","3249_Z11_len1352086",1,"3249_Z11__g009045","3249_Z11__g009045","biosynthetic-additional","N/A",29790,30554,-1
"NRRL3249","3249_Z11_len1352086.region001","3249_Z11_len1352086",1,"3249_Z11__g009046","3249_Z11__g009046","biosynthetic","NRPS",31443,71755,1
"NRRL3249","3249_Z11_len1352086.region001","3249_Z11_len1352086",1,"3249_Z11__g009047","3249_Z11__g009047","biosynthetic-additional","N/A",74163,75518,-1
"NRRL3249","3249_Z11_len1352086.region001","3249_Z11_len1352086",1,"3249_Z11__g009048","3249_Z11__g009048","other","N/A",76325,77587,1
"NRRL3249","3249_Z11_len1352086.region001","3249_Z11_len1352086",1,"3249_Z11__g009049--FSPOR_9115","3249_Z11__g009049--FSPOR_9115","other","N/A",78705,82205,1
"NRRL3249","3249_Z11_len1352086.region001","3249_Z11_len1352086",1,"3249_Z11__g009050","3249_Z11__g009050","other","N/A",83656,84300,-1
"NRRL3249","3249_Z11_len1352086.region002","3249_Z11_len1352086",2,"3249_Z11__g009267","3249_Z11__g009267","other","N/A",763183,764140,1
"NRRL3249","3249_Z11_len1352086.region002","3249_Z11_len1352086",2,"3249_Z11__g009268--FGSG_08172..FSPOR_4190","3249_Z11__g009268--FGSG_08172..FSPOR_4190","other","N/A",766494,766950,1
"NRRL3249","3249_Z11_len1352086.region002","3249_Z11_len1352086",2,"3249_Z11__g009269--FGSG_08173..FSPOR_4191","3249_Z11__g009269--FGSG_08173..FSPOR_4191","other","N/A",767798,769643,1
"NRRL3249","3249_Z11_len1352086.region002","3249_Z11_len1352086",2,"3249_Z11__g009270--FGSG_08174..FSPOR_4192","3249_Z11__g009270--FGSG_08174..FSPOR_4192","other","N/A",770270,771304,-1
"NRRL3249","3249_Z11_len1352086.region002","3249_Z11_len1352086",2,"3249_Z11__g009271--FSPOR_6044","3249_Z11__g009271--FSPOR_6044","biosynthetic-additional","N/A",772343,774024,-1
"NRRL3249","3249_Z11_len1352086.region002","3249_Z11_len1352086",2,"3249_Z11__g009272--FGSG_08175..FSPOR_6045","3249_Z11__g009272--FGSG_08175..FSPOR_6045","other","N/A",776920,778413,1
"NRRL3249","3249_Z11_len1352086.region002","3249_Z11_len1352086",2,"3249_Z11__g009273","3249_Z11__g009273","other","N/A",778803,779219,1
"NRRL3249","3249_Z11_len1352086.region002","3249_Z11_len1352086",2,"3249_Z11__g009274--FGSG_08181..FSPOR_6046","3249_Z11__g009274--FGSG_08181..FSPOR_6046","biosynthetic","terpene",779510,780774,-1
"NRRL3249","3249_Z11_len1352086.region002","3249_Z11_len1352086",2,"3249_Z11__g009275--FGSG_08182..FSPOR_6047","3249_Z11__g009275--FGSG_08182..FSPOR_6047","other","N/A",781998,783779,1
"NRRL3249","3249_Z11_len1352086.region002","3249_Z11_len1352086",2,"3249_Z11__g009276--FGSG_08183..FSPOR_6048","3249_Z11__g009276--FGSG_08183..FSPOR_6048","biosynthetic-additional","N/A",784662,786624,1
"NRRL3249","3249_Z11_len1352086.region002","3249_Z11_len1352086",2,"3249_Z11__g009277--FGSG_08184..FSPOR_6049","3249_Z11__g009277--FGSG_08184..FSPOR_6049","biosynthetic","isocyanide-nrp",787713,791874,1
"NRRL3249","3249_Z11_len1352086.region002","3249_Z11_len1352086",2,"3249_Z11__g009278--FGSG_08185..FSPOR_6050","3249_Z11__g009278--FGSG_08185..FSPOR_6050","biosynthetic","isocyanide-nrp",792846,794307,1
"NRRL3249","3249_Z11_len1352086.region002","3249_Z11_len1352086",2,"3249_Z11__g009279--FGSG_08186..FSPOR_6051","3249_Z11__g009279--FGSG_08186..FSPOR_6051","biosynthetic-additional","N/A",794997,796881,-1
"NRRL3249","3249_Z11_len1352086.region002","3249_Z11_len1352086",2,"3249_Z11__g009280--FGSG_08187..FSPOR_6052","3249_Z11__g009280--FGSG_08187..FSPOR_6052","biosynthetic-additional","N/A",797839,799634,-1
"NRRL3249","3249_Z11_len1352086.region002","3249_Z11_len1352086",2,"3249_Z11__g009282--FGSG_13428..FSPOR_6054","3249_Z11__g009282--FGSG_13428..FSPOR_6054","other","N/A",807287,808726,1
"NRRL3249","3249_Z11_len1352086.region002","3249_Z11_len1352086",2,"3249_Z11__g009283--FSPOR_6055","3249_Z11__g009283--FSPOR_6055","other","N/A",809159,810000,-1
"NRRL3249","3249_Z11_len1352086.region002","3249_Z11_len1352086",2,"3249_Z11__g009284--FGSG_08190..FSPOR_6056","3249_Z11__g009284--FGSG_08190..FSPOR_6056","other","N/A",812527,813520,-1
"NRRL3249","3249_Z11_len1352086.region002","3249_Z11_len1352086",2,"3249_Z11__g009285","3249_Z11__g009285","biosynthetic-additional","N/A",815374,815808,1
"NRRL3249","3249_Z11_len1352086.region002","3249_Z11_len1352086",2,"3249_Z11__g009286--FGSG_08192..FSPOR_6058","3249_Z11__g009286--FGSG_08192..FSPOR_6058","biosynthetic-additional","N/A",815891,817001,-1
"NRRL3249","3249_Z11_len1352086.region002","3249_Z11_len1352086",2,"CCC2_2","3249_Z11__g009281--FGSG_08188..FSPOR_6053","other","N/A",800739,804088,1
"NRRL3249","3249_Z11_len1352086.region003","3249_Z11_len1352086",3,"3249_Z11__g009291","3249_Z11__g009291","other","N/A",827440,828624,1
"NRRL3249","3249_Z11_len1352086.region003","3249_Z11_len1352086",3,"3249_Z11__g009292","3249_Z11__g009292","other","N/A",828737,829809,1
"NRRL3249","3249_Z11_len1352086.region003","3249_Z11_len1352086",3,"3249_Z11__g009293","3249_Z11__g009293","other","N/A",830342,832296,1
"NRRL3249","3249_Z11_len1352086.region003","3249_Z11_len1352086",3,"3249_Z11__g009294--FGSG_08203..FSPOR_6063","3249_Z11__g009294--FGSG_08203..FSPOR_6063","other","N/A",833746,835420,1
"NRRL3249","3249_Z11_len1352086.region003","3249_Z11_len1352086",3,"3249_Z11__g009295--FGSG_08204..FSPOR_6064","3249_Z11__g009295--FGSG_08204..FSPOR_6064","other","N/A",837198,838429,1
"NRRL3249","3249_Z11_len1352086.region003","3249_Z11_len1352086",3,"3249_Z11__g009296--FGSG_08205..FSPOR_6065","3249_Z11__g009296--FGSG_08205..FSPOR_6065","biosynthetic-additional","N/A",838963,840666,-1
"NRRL3249","3249_Z11_len1352086.region003","3249_Z11_len1352086",3,"3249_Z11__g009297--FGSG_08206..FSPOR_6066","3249_Z11__g009297--FGSG_08206..FSPOR_6066","other","N/A",841943,842321,1
"NRRL3249","3249_Z11_len1352086.region003","3249_Z11_len1352086",3,"3249_Z11__g009298--FGSG_08207..FSPOR_6067","3249_Z11__g009298--FGSG_08207..FSPOR_6067","biosynthetic-additional","N/A",842602,844351,-1
"NRRL3249","3249_Z11_len1352086.region003","3249_Z11_len1352086",3,"3249_Z11__g009301--FGSG_08210..FSPOR_6070","3249_Z11__g009301--FGSG_08210..FSPOR_6070","other","N/A",868574,869124,-1
"NRRL3249","3249_Z11_len1352086.region003","3249_Z11_len1352086",3,"3249_Z11__g009302--FSPOR_6071","3249_Z11__g009302--FSPOR_6071","biosynthetic-additional","N/A",871701,873044,-1
"NRRL3249","3249_Z11_len1352086.region003","3249_Z11_len1352086",3,"3249_Z11__g009303--FGSG_13420..FSPOR_6073","3249_Z11__g009303--FGSG_13420..FSPOR_6073","other","N/A",876383,876989,1
"NRRL3249","3249_Z11_len1352086.region003","3249_Z11_len1352086",3,"3249_Z11__g009304--FGSG_08220..FSPOR_6074","3249_Z11__g009304--FGSG_08220..FSPOR_6074","other","N/A",877116,878279,-1
"NRRL3249","3249_Z11_len1352086.region003","3249_Z11_len1352086",3,"3249_Z11__g009305--FSPOR_6075","3249_Z11__g009305--FSPOR_6075","biosynthetic-additional","N/A",878924,879793,1
"NRRL3249","3249_Z11_len1352086.region003","3249_Z11_len1352086",3,"3249_Z11__g009306--FGSG_09087..FSPOR_6076","3249_Z11__g009306--FGSG_09087..FSPOR_6076","other","N/A",880262,880699,1
"NRRL3249","3249_Z11_len1352086.region003","3249_Z11_len1352086",3,"3249_Z11__g009307--FGSG_08221..FSPOR_6077","3249_Z11__g009307--FGSG_08221..FSPOR_6077","biosynthetic-additional","N/A",880919,882726,-1
"NRRL3249","3249_Z11_len1352086.region003","3249_Z11_len1352086",3,"3249_Z11__g009308","3249_Z11__g009308","other","N/A",887985,891205,-1
"NRRL3249","3249_Z11_len1352086.region003","3249_Z11_len1352086",3,"3249_Z11__g009309--FGSG_08224..FSPOR_6080","3249_Z11__g009309--FGSG_08224..FSPOR_6080","other","N/A",891759,892129,1
"NRRL3249","3249_Z11_len1352086.region003","3249_Z11_len1352086",3,"3249_Z11__g009310--FSPOR_6081","3249_Z11__g009310--FSPOR_6081","other","N/A",896218,896589,-1
"NRRL3249","3249_Z11_len1352086.region003","3249_Z11_len1352086",3,"3249_Z11__g009311--FGSG_13418..FSPOR_6082","3249_Z11__g009311--FGSG_13418..FSPOR_6082","other","N/A",898666,900378,1
"NRRL3249","3249_Z11_len1352086.region003","3249_Z11_len1352086",3,"3249_Z11__g009312--FGSG_08227..FSPOR_6083","3249_Z11__g009312--FGSG_08227..FSPOR_6083","biosynthetic","isocyanide",901008,903089,-1
"NRRL3249","3249_Z11_len1352086.region003","3249_Z11_len1352086",3,"3249_Z11__g009313--FGSG_08228..FSPOR_6084","3249_Z11__g009313--FGSG_08228..FSPOR_6084","biosynthetic-additional","N/A",903962,905675,1
"NRRL3249","3249_Z11_len1352086.region003","3249_Z11_len1352086",3,"3249_Z11__g009314","3249_Z11__g009314","other","N/A",907135,907409,1
"NRRL3249","3249_Z11_len1352086.region003","3249_Z11_len1352086",3,"3249_Z11__g009315--FSPOR_6086","3249_Z11__g009315--FSPOR_6086","other","N/A",908925,909781,-1
"NRRL3249","3249_Z11_len1352086.region003","3249_Z11_len1352086",3,"3249_Z11__g009317","3249_Z11__g009317","other","N/A",913869,915158,-1
"NRRL3249","3249_Z11_len1352086.region003","3249_Z11_len1352086",3,"3249_Z11__g009318--FGSG_08230..FSPOR_6088","3249_Z11__g009318--FGSG_08230..FSPOR_6088","other","N/A",918531,920276,1
"NRRL3249","3249_Z11_len1352086.region003","3249_Z11_len1352086",3,"3249_Z11__g009319--FSPOR_6089","3249_Z11__g009319--FSPOR_6089","biosynthetic-additional","N/A",921631,922857,-1
"NRRL3249","3249_Z11_len1352086.region003","3249_Z11_len1352086",3,"CTF1_2","3249_Z11__g009316--FSPOR_6087","other","N/A",910657,912627,-1
"NRRL3249","3249_Z11_len1352086.region003","3249_Z11_len1352086",3,"NRPS7","3249_Z11__g009300--FGSG_08209..FSPOR_6069","biosynthetic","NRPS",854647,867829,1
"NRRL3249","3249_Z11_len1352086.region003","3249_Z11_len1352086",3,"PKS6","3249_Z11__g009299--FGSG_08208..FSPOR_6068","biosynthetic","T1PKS",845498,853261,-1
"NRRL3249","3249_Z11_len1352086.region004","3249_Z11_len1352086",4,"3249_Z11__g009390--FGSG_08313..FSPOR_10989","3249_Z11__g009390--FGSG_08313..FSPOR_10989","other","N/A",1173001,1174738,-1
"NRRL3249","3249_Z11_len1352086.region004","3249_Z11_len1352086",4,"3249_Z11__g009392--FGSG_08315..FSPOR_10991","3249_Z11__g009392--FGSG_08315..FSPOR_10991","other","N/A",1177346,1179949,1
"NRRL3249","3249_Z11_len1352086.region004","3249_Z11_len1352086",4,"3249_Z11__g009393--FGSG_08316..FSPOR_10992","3249_Z11__g009393--FGSG_08316..FSPOR_10992","other","N/A",1181320,1183081,1
"NRRL3249","3249_Z11_len1352086.region004","3249_Z11_len1352086",4,"3249_Z11__g009394--FGSG_08317..FSPOR_10993","3249_Z11__g009394--FGSG_08317..FSPOR_10993","other","N/A",1183447,1184529,-1
"NRRL3249","3249_Z11_len1352086.region004","3249_Z11_len1352086",4,"3249_Z11__g009395--FGSG_08318..FSPOR_10994","3249_Z11__g009395--FGSG_08318..FSPOR_10994","other","N/A",1185223,1186404,1
"NRRL3249","3249_Z11_len1352086.region004","3249_Z11_len1352086",4,"3249_Z11__g009396--FGSG_13394..FSPOR_10995","3249_Z11__g009396--FGSG_13394..FSPOR_10995","biosynthetic","NRPS",1186637,1190382,-1
"NRRL3249","3249_Z11_len1352086.region004","3249_Z11_len1352086",4,"3249_Z11__g009397--FGSG_08320..FSPOR_10996","3249_Z11__g009397--FGSG_08320..FSPOR_10996","biosynthetic-additional","N/A",1193122,1194747,1
"NRRL3249","3249_Z11_len1352086.region004","3249_Z11_len1352086",4,"3249_Z11__g009398--FGSG_08323..FSPOR_10998","3249_Z11__g009398--FGSG_08323..FSPOR_10998","other","N/A",1201816,1202364,1
"NRRL3249","3249_Z11_len1352086.region004","3249_Z11_len1352086",4,"3249_Z11__g009399--FGSG_08324..FSPOR_10999","3249_Z11__g009399--FGSG_08324..FSPOR_10999","other","N/A",1203790,1204803,1
"NRRL3249","3249_Z11_len1352086.region004","3249_Z11_len1352086",4,"UBC6","3249_Z11__g009391--FGSG_08314..FSPOR_10990","other","N/A",1175259,1176168,1
"NRRL3249","3249_Z12_len1307721.region001","3249_Z12_len1307721",1,"3249_Z12__g009511--FGSG_06468..FSPOR_384","3249_Z12__g009511--FGSG_06468..FSPOR_384","transport","N/A",168609,170278,-1
"NRRL3249","3249_Z12_len1307721.region001","3249_Z12_len1307721",1,"3249_Z12__g009512--FGSG_06466..FSPOR_385","3249_Z12__g009512--FGSG_06466..FSPOR_385","other","N/A",176233,177006,1
"NRRL3249","3249_Z12_len1307721.region001","3249_Z12_len1307721",1,"3249_Z12__g009513--FGSG_06465..FSPOR_386","3249_Z12__g009513--FGSG_06465..FSPOR_386","biosynthetic-additional","N/A",177194,178286,-1
"NRRL3249","3249_Z12_len1307721.region001","3249_Z12_len1307721",1,"3249_Z12__g009514--FGSG_06464..FSPOR_387","3249_Z12__g009514--FGSG_06464..FSPOR_387","transport","N/A",182133,183741,1
"NRRL3249","3249_Z12_len1307721.region001","3249_Z12_len1307721",1,"3249_Z12__g009515--FGSG_06463..FSPOR_388","3249_Z12__g009515--FGSG_06463..FSPOR_388","other","N/A",184619,186657,1
"NRRL3249","3249_Z12_len1307721.region001","3249_Z12_len1307721",1,"3249_Z12__g009516--FGSG_06462..FSPOR_389","3249_Z12__g009516--FGSG_06462..FSPOR_389","biosynthetic","NRPS-like",187083,192125,-1
"NRRL3249","3249_Z12_len1307721.region001","3249_Z12_len1307721",1,"3249_Z12__g009517--FGSG_06480..FSPOR_401","3249_Z12__g009517--FGSG_06480..FSPOR_401","biosynthetic-additional","N/A",195754,196818,-1
"NRRL3249","3249_Z12_len1307721.region001","3249_Z12_len1307721",1,"3249_Z12__g009518--FGSG_12927..FSPOR_400","3249_Z12__g009518--FGSG_12927..FSPOR_400","other","N/A",198550,199757,-1
"NRRL3249","3249_Z12_len1307721.region001","3249_Z12_len1307721",1,"3249_Z12__g009519--FGSG_06482..FSPOR_399","3249_Z12__g009519--FGSG_06482..FSPOR_399","other","N/A",200703,201803,-1
"NRRL3249","3249_Z12_len1307721.region001","3249_Z12_len1307721",1,"3249_Z12__g009520--FGSG_06483..FSPOR_398","3249_Z12__g009520--FGSG_06483..FSPOR_398","other","N/A",204710,205270,-1
"NRRL3249","3249_Z12_len1307721.region001","3249_Z12_len1307721",1,"3249_Z12__g009521--FGSG_06484..FSPOR_397","3249_Z12__g009521--FGSG_06484..FSPOR_397","transport","N/A",206912,208393,-1
"NRRL3249","3249_Z12_len1307721.region001","3249_Z12_len1307721",1,"3249_Z12__g009522--FSPOR_396","3249_Z12__g009522--FSPOR_396","other","N/A",209445,210453,1
"NRRL3249","3249_Z12_len1307721.region001","3249_Z12_len1307721",1,"3249_Z12__g009523--FGSG_11457..FSPOR_395","3249_Z12__g009523--FGSG_11457..FSPOR_395","other","N/A",210907,211292,-1
"NRRL3249","3249_Z12_len1307721.region002","3249_Z12_len1307721",2,"3249_Z12__g009550--FGSG_06501..FSPOR_3294","3249_Z12__g009550--FGSG_06501..FSPOR_3294","other","N/A",305047,306663,-1
"NRRL3249","3249_Z12_len1307721.region002","3249_Z12_len1307721",2,"3249_Z12__g009552--FGSG_06503..FSPOR_3292","3249_Z12__g009552--FGSG_06503..FSPOR_3292","other","N/A",311073,313734,-1
"NRRL3249","3249_Z12_len1307721.region002","3249_Z12_len1307721",2,"3249_Z12__g009553--FGSG_06504..FSPOR_3291","3249_Z12__g009553--FGSG_06504..FSPOR_3291","other","N/A",314875,319088,1
"NRRL3249","3249_Z12_len1307721.region002","3249_Z12_len1307721",2,"3249_Z12__g009554--FGSG_06505..FSPOR_3290","3249_Z12__g009554--FGSG_06505..FSPOR_3290","other","N/A",319606,320436,-1
"NRRL3249","3249_Z12_len1307721.region002","3249_Z12_len1307721",2,"3249_Z12__g009555--FGSG_06506..FSPOR_3289","3249_Z12__g009555--FGSG_06506..FSPOR_3289","other","N/A",321841,322773,-1
"NRRL3249","3249_Z12_len1307721.region002","3249_Z12_len1307721",2,"3249_Z12__g009556--FGSG_06507..FSPOR_3288","3249_Z12__g009556--FGSG_06507..FSPOR_3288","biosynthetic","NRPS-like",324706,328554,-1
"NRRL3249","3249_Z12_len1307721.region002","3249_Z12_len1307721",2,"3249_Z12__g009560--FGSG_06511..FSPOR_3284","3249_Z12__g009560--FGSG_06511..FSPOR_3284","other","N/A",343256,346203,-1
"NRRL3249","3249_Z12_len1307721.region002","3249_Z12_len1307721",2,"ATG17","3249_Z12__g009559--FGSG_06510..FSPOR_3285","other","N/A",340810,342430,-1
"NRRL3249","3249_Z12_len1307721.region002","3249_Z12_len1307721",2,"LYP1_1","3249_Z12__g009557--FGSG_06508..FSPOR_3287","biosynthetic-additional","N/A",331825,333372,-1
"NRRL3249","3249_Z12_len1307721.region002","3249_Z12_len1307721",2,"PNS1","3249_Z12__g009558--FGSG_06509..FSPOR_3286","other","N/A",338635,340283,1
"NRRL3249","3249_Z12_len1307721.region002","3249_Z12_len1307721",2,"rio1","3249_Z12__g009551--FGSG_06502..FSPOR_3293","other","N/A",308515,310243,1
"NRRL3249","3249_Z12_len1307721.region003","3249_Z12_len1307721",3,"3249_Z12__g009674--FGSG_12950..FSPOR_631","3249_Z12__g009674--FGSG_12950..FSPOR_631","other","N/A",679230,680315,-1
"NRRL3249","3249_Z12_len1307721.region003","3249_Z12_len1307721",3,"3249_Z12__g009677--FGSG_06629..FSPOR_634","3249_Z12__g009677--FGSG_06629..FSPOR_634","other","N/A",686236,686930,-1
"NRRL3249","3249_Z12_len1307721.region003","3249_Z12_len1307721",3,"3249_Z12__g009679--FGSG_06630..FSPOR_636","3249_Z12__g009679--FGSG_06630..FSPOR_636","other","N/A",692603,695023,1
"NRRL3249","3249_Z12_len1307721.region003","3249_Z12_len1307721",3,"3249_Z12__g009681--FGSG_06631..FSPOR_637","3249_Z12__g009681--FGSG_06631..FSPOR_637","biosynthetic","betalactone",695660,701471,-1
"NRRL3249","3249_Z12_len1307721.region003","3249_Z12_len1307721",3,"3249_Z12__g009682--FGSG_06632..FSPOR_638","3249_Z12__g009682--FGSG_06632..FSPOR_638","other","N/A",703393,705687,1
"NRRL3249","3249_Z12_len1307721.region003","3249_Z12_len1307721",3,"3249_Z12__g009684--FGSG_06634..FSPOR_640","3249_Z12__g009684--FGSG_06634..FSPOR_640","other","N/A",709920,710783,-1
"NRRL3249","3249_Z12_len1307721.region003","3249_Z12_len1307721",3,"BIM1","3249_Z12__g009675--FGSG_06627..FSPOR_632","other","N/A",681744,682787,-1
"NRRL3249","3249_Z12_len1307721.region003","3249_Z12_len1307721",3,"DRS1","3249_Z12__g009676--FGSG_06628..FSPOR_633","other","N/A",683386,685822,1
"NRRL3249","3249_Z12_len1307721.region003","3249_Z12_len1307721",3,"LEU4","3249_Z12__g009678--FGSG_12952..FSPOR_635","biosynthetic","betalactone",688993,690948,-1
"NRRL3249","3249_Z12_len1307721.region003","3249_Z12_len1307721",3,"PDE1","3249_Z12__g009683--FGSG_06633..FSPOR_639","other","N/A",707824,709606,1
"NRRL3249","3249_Z14_len1152104.region001","3249_Z14_len1152104",1,"3249_Z14__g010277--FSPOR_5252","3249_Z14__g010277--FSPOR_5252","other","N/A",345198,346673,-1
"NRRL3249","3249_Z14_len1152104.region001","3249_Z14_len1152104",1,"3249_Z14__g010278--FSPOR_5253","3249_Z14__g010278--FSPOR_5253","biosynthetic-additional","N/A",348258,350008,-1
"NRRL3249","3249_Z14_len1152104.region001","3249_Z14_len1152104",1,"3249_Z14__g010279--FGSG_04704..FSPOR_5254","3249_Z14__g010279--FGSG_04704..FSPOR_5254","other","N/A",351828,352636,-1
"NRRL3249","3249_Z14_len1152104.region001","3249_Z14_len1152104",1,"3249_Z14__g010280","3249_Z14__g010280","other","N/A",354550,355813,-1
"NRRL3249","3249_Z14_len1152104.region001","3249_Z14_len1152104",1,"3249_Z14__g010281--FGSG_08009..FSPOR_5255","3249_Z14__g010281--FGSG_08009..FSPOR_5255","other","N/A",356745,358203,-1
"NRRL3249","3249_Z14_len1152104.region001","3249_Z14_len1152104",1,"3249_Z14__g010282--FGSG_13458..FSPOR_5256","3249_Z14__g010282--FGSG_13458..FSPOR_5256","other","N/A",359168,360830,1
"NRRL3249","3249_Z14_len1152104.region001","3249_Z14_len1152104",1,"3249_Z14__g010286--FSPOR_5260","3249_Z14__g010286--FSPOR_5260","biosynthetic-additional","N/A",382561,383313,1
"NRRL3249","3249_Z14_len1152104.region001","3249_Z14_len1152104",1,"AMD2","3249_Z14__g010283--FSPOR_5257","biosynthetic-additional","N/A",361775,363786,1
"NRRL3249","3249_Z14_len1152104.region001","3249_Z14_len1152104",1,"APF1","3249_Z14__g010284--FSPOR_5258","biosynthetic","NRPS",363986,379420,-1
"NRRL3249","3249_Z14_len1152104.region001","3249_Z14_len1152104",1,"APF11","3249_Z14__g010285--FSPOR_5259","transport","N/A",380127,382110,1
"NRRL3249","3249_Z14_len1152104.region001","3249_Z14_len1152104",1,"APF12","3249_Z14__g010291--FSPOR_5264","other","N/A",392662,394767,-1
"NRRL3249","3249_Z14_len1152104.region001","3249_Z14_len1152104",1,"APF6","3249_Z14__g010290--FSPOR_5263","biosynthetic-additional","N/A",390585,391811,-1
"NRRL3249","3249_Z14_len1152104.region001","3249_Z14_len1152104",1,"APF7","3249_Z14__g010289--FSPOR_5262","biosynthetic-additional","N/A",389339,390389,1
"NRRL3249","3249_Z14_len1152104.region001","3249_Z14_len1152104",1,"APF8","3249_Z14__g010288","other","N/A",387101,387548,-1
"NRRL3249","3249_Z14_len1152104.region001","3249_Z14_len1152104",1,"APF9","3249_Z14__g010287--FSPOR_5261","biosynthetic-additional","N/A",384111,385984,-1
"NRRL3249","3249_Z14_len1152104.region002","3249_Z14_len1152104",2,"3249_Z14__g010342--FSPOR_6469","3249_Z14__g010342--FSPOR_6469","other","N/A",543119,543840,-1
"NRRL3249","3249_Z14_len1152104.region002","3249_Z14_len1152104",2,"3249_Z14__g010343--FGSG_10700..FSPOR_6468","3249_Z14__g010343--FGSG_10700..FSPOR_6468","other","N/A",545700,547681,-1
"NRRL3249","3249_Z14_len1152104.region002","3249_Z14_len1152104",2,"3249_Z14__g010344--FGSG_13809..FSPOR_6467","3249_Z14__g010344--FGSG_13809..FSPOR_6467","other","N/A",548981,551011,1
"NRRL3249","3249_Z14_len1152104.region002","3249_Z14_len1152104",2,"3249_Z14__g010345--FGSG_10702..FSPOR_6465","3249_Z14__g010345--FGSG_10702..FSPOR_6465","biosynthetic","NRPS-like",557744,560950,1
"NRRL3249","3249_Z14_len1152104.region002","3249_Z14_len1152104",2,"3249_Z14__g010346","3249_Z14__g010346","other","N/A",563794,565293,-1
"NRRL3249","3249_Z14_len1152104.region002","3249_Z14_len1152104",2,"3249_Z14__g010347","3249_Z14__g010347","other","N/A",567188,567727,-1
"NRRL3249","3249_Z14_len1152104.region002","3249_Z14_len1152104",2,"3249_Z14__g010348","3249_Z14__g010348","other","N/A",569827,570858,1
"NRRL3249","3249_Z14_len1152104.region002","3249_Z14_len1152104",2,"3249_Z14__g010349","3249_Z14__g010349","other","N/A",571441,572526,1
"NRRL3249","3249_Z14_len1152104.region002","3249_Z14_len1152104",2,"3249_Z14__g010350","3249_Z14__g010350","other","N/A",573156,573589,-1
"NRRL3249","3249_Z14_len1152104.region002","3249_Z14_len1152104",2,"3249_Z14__g010351--FGSG_11645..FSPOR_6460","3249_Z14__g010351--FGSG_11645..FSPOR_6460","other","N/A",575245,577281,1
"NRRL3249","3249_Z14_len1152104.region002","3249_Z14_len1152104",2,"3249_Z14__g010352--FSPOR_6459","3249_Z14__g010352--FSPOR_6459","biosynthetic-additional","N/A",578354,579483,-1
"NRRL3249","3249_Z14_len1152104.region003","3249_Z14_len1152104",3,"3249_Z14__g010471--FSPOR_8551","3249_Z14__g010471--FSPOR_8551","biosynthetic-additional","N/A",1052220,1052903,1
"NRRL3249","3249_Z14_len1152104.region003","3249_Z14_len1152104",3,"3249_Z14__g010472--FGSG_10332..FSPOR_8552","3249_Z14__g010472--FGSG_10332..FSPOR_8552","other","N/A",1053042,1053896,-1
"NRRL3249","3249_Z14_len1152104.region003","3249_Z14_len1152104",3,"3249_Z14__g010473--FGSG_10331..FSPOR_8553","3249_Z14__g010473--FGSG_10331..FSPOR_8553","biosynthetic-additional","N/A",1054771,1055911,-1
"NRRL3249","3249_Z14_len1152104.region003","3249_Z14_len1152104",3,"3249_Z14__g010474--FGSG_10330..FSPOR_8554","3249_Z14__g010474--FGSG_10330..FSPOR_8554","other","N/A",1056638,1057983,1
"NRRL3249","3249_Z14_len1152104.region003","3249_Z14_len1152104",3,"3249_Z14__g010475--FGSG_13740..FSPOR_8555","3249_Z14__g010475--FGSG_13740..FSPOR_8555","biosynthetic-additional","N/A",1058823,1059783,1
"NRRL3249","3249_Z14_len1152104.region003","3249_Z14_len1152104",3,"3249_Z14__g010476--FGSG_13739..FSPOR_8556","3249_Z14__g010476--FGSG_13739..FSPOR_8556","biosynthetic-additional","N/A",1061962,1063068,1
"NRRL3249","3249_Z14_len1152104.region003","3249_Z14_len1152104",3,"3249_Z14__g010477--FGSG_09099..FSPOR_8557","3249_Z14__g010477--FGSG_09099..FSPOR_8557","other","N/A",1063636,1065259,-1
"NRRL3249","3249_Z14_len1152104.region003","3249_Z14_len1152104",3,"3249_Z14__g010478--FSPOR_8559","3249_Z14__g010478--FSPOR_8559","biosynthetic-additional","N/A",1067479,1068509,-1
"NRRL3249","3249_Z14_len1152104.region003","3249_Z14_len1152104",3,"3249_Z14__g010479--FSPOR_8560","3249_Z14__g010479--FSPOR_8560","transport","N/A",1069646,1071279,-1
"NRRL3249","3249_Z14_len1152104.region003","3249_Z14_len1152104",3,"3249_Z14__g010480--FSPOR_8561","3249_Z14__g010480--FSPOR_8561","biosynthetic","NRPS-like",1072012,1075768,1
"NRRL3249","3249_Z14_len1152104.region003","3249_Z14_len1152104",3,"3249_Z14__g010481--FSPOR_8562","3249_Z14__g010481--FSPOR_8562","other","N/A",1077004,1078428,-1
"NRRL3249","3249_Z14_len1152104.region003","3249_Z14_len1152104",3,"3249_Z14__g010482--FSPOR_8563","3249_Z14__g010482--FSPOR_8563","other","N/A",1079695,1080405,-1
"NRRL3249","3249_Z14_len1152104.region003","3249_Z14_len1152104",3,"3249_Z14__g010483--FSPOR_8565","3249_Z14__g010483--FSPOR_8565","other","N/A",1083162,1083653,1
"NRRL3249","3249_Z14_len1152104.region003","3249_Z14_len1152104",3,"3249_Z14__g010484--FSPOR_8566","3249_Z14__g010484--FSPOR_8566","other","N/A",1084593,1085366,1
"NRRL3249","3249_Z14_len1152104.region003","3249_Z14_len1152104",3,"3249_Z14__g010485--FSPOR_8567","3249_Z14__g010485--FSPOR_8567","other","N/A",1086352,1086793,-1
"NRRL3249","3249_Z14_len1152104.region003","3249_Z14_len1152104",3,"3249_Z14__g010486--FSPOR_8568","3249_Z14__g010486--FSPOR_8568","other","N/A",1089004,1089426,-1
"NRRL3249","3249_Z14_len1152104.region003","3249_Z14_len1152104",3,"3249_Z14__g010487--FSPOR_8569","3249_Z14__g010487--FSPOR_8569","other","N/A",1092605,1093716,1
"NRRL3249","3249_Z15_len981733.region001","3249_Z15_len981733",1,"3249_Z15__g010630--FGSG_03250..FSPOR_5880","3249_Z15__g010630--FGSG_03250..FSPOR_5880","other","N/A",357204,358627,1
"NRRL3249","3249_Z15_len981733.region001","3249_Z15_len981733",1,"3249_Z15__g010631--FGSG_03251..FSPOR_5881","3249_Z15__g010631--FGSG_03251..FSPOR_5881","other","N/A",359133,360134,-1
"NRRL3249","3249_Z15_len981733.region001","3249_Z15_len981733",1,"3249_Z15__g010632--FGSG_03252..FSPOR_5882","3249_Z15__g010632--FGSG_03252..FSPOR_5882","other","N/A",363290,367297,1
"NRRL3249","3249_Z15_len981733.region001","3249_Z15_len981733",1,"3249_Z15__g010633--FGSG_03255..FSPOR_5883","3249_Z15__g010633--FGSG_03255..FSPOR_5883","biosynthetic-additional","N/A",367651,368694,-1
"NRRL3249","3249_Z15_len981733.region001","3249_Z15_len981733",1,"3249_Z15__g010634--FGSG_03256..FSPOR_5884","3249_Z15__g010634--FGSG_03256..FSPOR_5884","biosynthetic-additional","N/A",369527,370431,-1
"NRRL3249","3249_Z15_len981733.region001","3249_Z15_len981733",1,"3249_Z15__g010635--FGSG_03257..FSPOR_5885","3249_Z15__g010635--FGSG_03257..FSPOR_5885","biosynthetic","NRPS-like",371168,374100,1
"NRRL3249","3249_Z15_len981733.region001","3249_Z15_len981733",1,"3249_Z15__g010636--FGSG_03258..FSPOR_5886","3249_Z15__g010636--FGSG_03258..FSPOR_5886","biosynthetic-additional","N/A",374496,375522,1
"NRRL3249","3249_Z15_len981733.region001","3249_Z15_len981733",1,"3249_Z15__g010637--FGSG_03259..FSPOR_5887","3249_Z15__g010637--FGSG_03259..FSPOR_5887","biosynthetic-additional","N/A",376244,377584,1
"NRRL3249","3249_Z15_len981733.region001","3249_Z15_len981733",1,"3249_Z15__g010638--FGSG_03260..FSPOR_5888","3249_Z15__g010638--FGSG_03260..FSPOR_5888","biosynthetic-additional","N/A",377936,379617,1
"NRRL3249","3249_Z15_len981733.region001","3249_Z15_len981733",1,"3249_Z15__g010639--FGSG_03261..FSPOR_5889","3249_Z15__g010639--FGSG_03261..FSPOR_5889","other","N/A",379841,381326,-1
"NRRL3249","3249_Z15_len981733.region001","3249_Z15_len981733",1,"3249_Z15__g010640--FGSG_03262..FSPOR_5890","3249_Z15__g010640--FGSG_03262..FSPOR_5890","biosynthetic-additional","N/A",382878,383927,1
"NRRL3249","3249_Z15_len981733.region001","3249_Z15_len981733",1,"3249_Z15__g010641--FGSG_03263..FSPOR_5891","3249_Z15__g010641--FGSG_03263..FSPOR_5891","other","N/A",384477,386030,1
"NRRL3249","3249_Z15_len981733.region001","3249_Z15_len981733",1,"3249_Z15__g010642--FGSG_03264..FSPOR_5892","3249_Z15__g010642--FGSG_03264..FSPOR_5892","biosynthetic-additional","N/A",387852,389009,1
"NRRL3249","3249_Z15_len981733.region001","3249_Z15_len981733",1,"3249_Z15__g010643--FGSG_03265..FSPOR_5893","3249_Z15__g010643--FGSG_03265..FSPOR_5893","other","N/A",391311,392581,1
"NRRL3249","3249_Z15_len981733.region001","3249_Z15_len981733",1,"GUT2","3249_Z15__g010629--FGSG_03249..FSPOR_5879","biosynthetic-additional","N/A",353089,355199,1
"NRRL3249","3249_Z15_len981733.region002","3249_Z15_len981733",2,"3249_Z15__g010710--FGSG_03330..FSPOR_5956","3249_Z15__g010710--FGSG_03330..FSPOR_5956","transport","N/A",571601,573149,-1
"NRRL3249","3249_Z15_len981733.region002","3249_Z15_len981733",2,"3249_Z15__g010712--FGSG_03332..FSPOR_9266","3249_Z15__g010712--FGSG_03332..FSPOR_9266","other","N/A",575078,576482,1
"NRRL3249","3249_Z15_len981733.region002","3249_Z15_len981733",2,"3249_Z15__g010713--FGSG_03333..FSPOR_9267","3249_Z15__g010713--FGSG_03333..FSPOR_9267","other","N/A",577272,578366,1
"NRRL3249","3249_Z15_len981733.region002","3249_Z15_len981733",2,"3249_Z15__g010714--FGSG_03334..FSPOR_11523","3249_Z15__g010714--FGSG_03334..FSPOR_11523","other","N/A",578655,579195,-1
"NRRL3249","3249_Z15_len981733.region002","3249_Z15_len981733",2,"3249_Z15__g010715--FGSG_03337..FSPOR_11522","3249_Z15__g010715--FGSG_03337..FSPOR_11522","other","N/A",582339,583418,1
"NRRL3249","3249_Z15_len981733.region002","3249_Z15_len981733",2,"3249_Z15__g010716--FGSG_03338..FSPOR_3727","3249_Z15__g010716--FGSG_03338..FSPOR_3727","other","N/A",584844,585352,1
"NRRL3249","3249_Z15_len981733.region002","3249_Z15_len981733",2,"3249_Z15__g010717--FGSG_03339..FSPOR_3726","3249_Z15__g010717--FGSG_03339..FSPOR_3726","other","N/A",587677,588176,1
"NRRL3249","3249_Z15_len981733.region002","3249_Z15_len981733",2,"3249_Z15__g010719--FGSG_03342..FSPOR_3723","3249_Z15__g010719--FGSG_03342..FSPOR_3723","biosynthetic-additional","N/A",603074,604039,1
"NRRL3249","3249_Z15_len981733.region002","3249_Z15_len981733",2,"3249_Z15__g010720--FGSG_03343..FSPOR_3722","3249_Z15__g010720--FGSG_03343..FSPOR_3722","other","N/A",604658,608037,1
"NRRL3249","3249_Z15_len981733.region002","3249_Z15_len981733",2,"3249_Z15__g010721--FGSG_03344..FSPOR_3721","3249_Z15__g010721--FGSG_03344..FSPOR_3721","other","N/A",608891,610160,1
"NRRL3249","3249_Z15_len981733.region002","3249_Z15_len981733",2,"3249_Z15__g010722--FGSG_03345..FSPOR_3720","3249_Z15__g010722--FGSG_03345..FSPOR_3720","transport","N/A",610389,612268,-1
"NRRL3249","3249_Z15_len981733.region002","3249_Z15_len981733",2,"3249_Z15__g010723--FGSG_03346..FSPOR_3719","3249_Z15__g010723--FGSG_03346..FSPOR_3719","biosynthetic-additional","N/A",613102,614892,1
"NRRL3249","3249_Z15_len981733.region002","3249_Z15_len981733",2,"GPY1","3249_Z15__g010718--FGSG_03340..FSPOR_3725","biosynthetic","T1PKS",590594,599087,1
"NRRL3249","3249_Z17_len805405.region001","3249_Z17_len805405",1,"3249_Z17__g011248--FGSG_10101..FSPOR_2740","3249_Z17__g011248--FGSG_10101..FSPOR_2740","other","N/A",457182,458442,1
"NRRL3249","3249_Z17_len805405.region001","3249_Z17_len805405",1,"3249_Z17__g011249--FGSG_10100..FSPOR_2741","3249_Z17__g011249--FGSG_10100..FSPOR_2741","other","N/A",458757,459740,-1
"NRRL3249","3249_Z17_len805405.region001","3249_Z17_len805405",1,"3249_Z17__g011250","3249_Z17__g011250","other","N/A",460977,461760,-1
"NRRL3249","3249_Z17_len805405.region001","3249_Z17_len805405",1,"3249_Z17__g011251--FGSG_10098..FSPOR_2742","3249_Z17__g011251--FGSG_10098..FSPOR_2742","transport","N/A",461958,463727,-1
"NRRL3249","3249_Z17_len805405.region001","3249_Z17_len805405",1,"BTS1","3249_Z17__g011252--FGSG_10097..FSPOR_2743","biosynthetic","terpene",465930,467180,1
"NRRL3249","3249_Z17_len805405.region001","3249_Z17_len805405",1,"PEX29","3249_Z17__g011253--FGSG_10096..FSPOR_2744","other","N/A",467578,469142,-1
"NRRL3249","3249_Z17_len805405.region001","3249_Z17_len805405",1,"POM1","3249_Z17__g011254--FGSG_10095..FSPOR_2745","regulatory","N/A",472495,476377,1
"NRRL3249","3249_Z19_len557454.region001","3249_Z19_len557454",1,"3249_Z19__g011558--FGSG_08374..FSPOR_3531","3249_Z19__g011558--FGSG_08374..FSPOR_3531","other","N/A",9916,10674,1
"NRRL3249","3249_Z19_len557454.region001","3249_Z19_len557454",1,"3249_Z19__g011560--FSPOR_3530","3249_Z19__g011560--FSPOR_3530","other","N/A",11649,12062,1
"NRRL3249","3249_Z19_len557454.region001","3249_Z19_len557454",1,"3249_Z19__g011563--FGSG_08376..FSPOR_3528","3249_Z19__g011563--FGSG_08376..FSPOR_3528","other","N/A",19865,21325,1
"NRRL3249","3249_Z19_len557454.region001","3249_Z19_len557454",1,"3249_Z19__g011564--FGSG_08377..FSPOR_3527","3249_Z19__g011564--FGSG_08377..FSPOR_3527","biosynthetic-additional","N/A",21395,22993,-1
"NRRL3249","3249_Z19_len557454.region001","3249_Z19_len557454",1,"3249_Z19__g011565--FGSG_08378..FSPOR_3526","3249_Z19__g011565--FGSG_08378..FSPOR_3526","biosynthetic","T3PKS",24325,25803,1
"NRRL3249","3249_Z19_len557454.region001","3249_Z19_len557454",1,"3249_Z19__g011566--FGSG_08380..FSPOR_3525","3249_Z19__g011566--FGSG_08380..FSPOR_3525","other","N/A",29269,32170,1
"NRRL3249","3249_Z19_len557454.region001","3249_Z19_len557454",1,"3249_Z19__g011568--FGSG_08382..FSPOR_3522","3249_Z19__g011568--FGSG_08382..FSPOR_3522","other","N/A",35159,36260,1
"NRRL3249","3249_Z19_len557454.region001","3249_Z19_len557454",1,"3249_Z19__g011569--FGSG_08383..FSPOR_3521","3249_Z19__g011569--FGSG_08383..FSPOR_3521","other","N/A",36620,37575,-1
"NRRL3249","3249_Z19_len557454.region001","3249_Z19_len557454",1,"3249_Z19__g011570--FGSG_08384..FSPOR_3520","3249_Z19__g011570--FGSG_08384..FSPOR_3520","other","N/A",39725,41506,1
"NRRL3249","3249_Z19_len557454.region001","3249_Z19_len557454",1,"3249_Z19__g011571--FGSG_08385..FSPOR_3519","3249_Z19__g011571--FGSG_08385..FSPOR_3519","other","N/A",41844,43967,-1
"NRRL3249","3249_Z19_len557454.region001","3249_Z19_len557454",1,"BFR2","3249_Z19__g011567--FGSG_08381..FSPOR_3523","other","N/A",33098,34774,-1
"NRRL3249","3249_Z19_len557454.region001","3249_Z19_len557454",1,"CYC3","3249_Z19__g011572--FGSG_08386..FSPOR_3518","other","N/A",44635,45698,1
"NRRL3249","3249_Z19_len557454.region001","3249_Z19_len557454",1,"MIC33_2","3249_Z19__g011562--FGSG_08375..FSPOR_3529","other","N/A",13691,15138,-1
"NRRL3249","3249_Z2_len3401109.region001","3249_Z2_len3401109",1,"3249_Z2__g001642--FGSG_00031..FSPOR_8893","3249_Z2__g001642--FGSG_00031..FSPOR_8893","other","N/A",264245,268074,1
"NRRL3249","3249_Z2_len3401109.region001","3249_Z2_len3401109",1,"3249_Z2__g001643","3249_Z2__g001643","other","N/A",270225,271025,-1
"NRRL3249","3249_Z2_len3401109.region001","3249_Z2_len3401109",1,"3249_Z2__g001644","3249_Z2__g001644","biosynthetic-additional","N/A",275812,276888,-1
"NRRL3249","3249_Z2_len3401109.region001","3249_Z2_len3401109",1,"3249_Z2__g001645--FSPOR_8888","3249_Z2__g001645--FSPOR_8888","other","N/A",281498,282076,1
"NRRL3249","3249_Z2_len3401109.region001","3249_Z2_len3401109",1,"3249_Z2__g001646--FSPOR_8887","3249_Z2__g001646--FSPOR_8887","biosynthetic","isocyanide",282710,284875,-1
"NRRL3249","3249_Z2_len3401109.region001","3249_Z2_len3401109",1,"3249_Z2__g001647--FSPOR_8886","3249_Z2__g001647--FSPOR_8886","biosynthetic-additional","N/A",287610,290087,1
"NRRL3249","3249_Z2_len3401109.region001","3249_Z2_len3401109",1,"3249_Z2__g001648--FSPOR_8885","3249_Z2__g001648--FSPOR_8885","biosynthetic-additional","N/A",291818,292896,1
"NRRL3249","3249_Z2_len3401109.region001","3249_Z2_len3401109",1,"3249_Z2__g001649--FSPOR_8884","3249_Z2__g001649--FSPOR_8884","transport","N/A",293001,294553,-1
"NRRL3249","3249_Z2_len3401109.region001","3249_Z2_len3401109",1,"3249_Z2__g001650--FSPOR_8882","3249_Z2__g001650--FSPOR_8882","biosynthetic-additional","N/A",299416,300585,1
"NRRL3249","3249_Z2_len3401109.region001","3249_Z2_len3401109",1,"3249_Z2__g001651--FSPOR_6970","3249_Z2__g001651--FSPOR_6970","other","N/A",301315,303894,-1
"NRRL3249","3249_Z2_len3401109.region002","3249_Z2_len3401109",2,"3249_Z2__g002010--FGSG_00450..FSPOR_10182","3249_Z2__g002010--FGSG_00450..FSPOR_10182","other","N/A",1451962,1452882,1
"NRRL3249","3249_Z2_len3401109.region002","3249_Z2_len3401109",2,"3249_Z2__g002011--FGSG_00451..FSPOR_10181","3249_Z2__g002011--FGSG_00451..FSPOR_10181","biosynthetic","terpene",1454487,1455422,1
"NRRL3249","3249_Z2_len3401109.region002","3249_Z2_len3401109",2,"3249_Z2__g002012--FGSG_00452..FSPOR_10180","3249_Z2__g002012--FGSG_00452..FSPOR_10180","biosynthetic-additional","N/A",1455545,1456291,-1
"NRRL3249","3249_Z2_len3401109.region002","3249_Z2_len3401109",2,"3249_Z2__g002013--FGSG_00453..FSPOR_10179","3249_Z2__g002013--FGSG_00453..FSPOR_10179","other","N/A",1457797,1458496,1
"NRRL3249","3249_Z2_len3401109.region002","3249_Z2_len3401109",2,"3249_Z2__g002014--FGSG_00454..FSPOR_10178","3249_Z2__g002014--FGSG_00454..FSPOR_10178","biosynthetic-additional","N/A",1459024,1460450,-1
"NRRL3249","3249_Z2_len3401109.region002","3249_Z2_len3401109",2,"3249_Z2__g002015--FGSG_00455..FSPOR_10177","3249_Z2__g002015--FGSG_00455..FSPOR_10177","other","N/A",1461330,1462346,-1
"NRRL3249","3249_Z2_len3401109.region002","3249_Z2_len3401109",2,"PWP1","3249_Z2__g002009--FGSG_00449..FSPOR_10183","other","N/A",1447083,1448769,1
"NRRL3249","3249_Z22_len148083.region001","3249_Z22_len148083",1,"TRI10","3249_Z22__g012070--FGSG_03538..FSPOR_6148","other","N/A",143012,143997,1
"NRRL3249","3249_Z22_len148083.region001","3249_Z22_len148083",1,"TRI11","3249_Z22__g012071","biosynthetic-additional","N/A",145846,147567,-1
"NRRL3249","3249_Z22_len148083.region001","3249_Z22_len148083",1,"TRI3","3249_Z22__g012067--FGSG_03534..FSPOR_6145","other","N/A",132493,134275,1
"NRRL3249","3249_Z22_len148083.region001","3249_Z22_len148083",1,"TRI4","3249_Z22__g012068--FGSG_03535..FSPOR_6146","biosynthetic-additional","N/A",135036,136778,-1
"NRRL3249","3249_Z22_len148083.region001","3249_Z22_len148083",1,"TRI5","3249_Z22__g012069--FGSG_03537..FSPOR_6147","biosynthetic","terpene",140857,142041,1
"NRRL3249","3249_Z3_len3137824.region001","3249_Z3_len3137824",1,"3249_Z3__g002887--FGSG_07670..FSPOR_1778","3249_Z3__g002887--FGSG_07670..FSPOR_1778","other","N/A",856828,857662,-1
"NRRL3249","3249_Z3_len3137824.region001","3249_Z3_len3137824",1,"3249_Z3__g002888--FGSG_07671..FSPOR_1777","3249_Z3__g002888--FGSG_07671..FSPOR_1777","biosynthetic-additional","N/A",858187,859566,-1
"NRRL3249","3249_Z3_len3137824.region001","3249_Z3_len3137824",1,"3249_Z3__g002889--FGSG_07672..FSPOR_1776","3249_Z3__g002889--FGSG_07672..FSPOR_1776","other","N/A",863522,864806,-1
"NRRL3249","3249_Z3_len3137824.region001","3249_Z3_len3137824",1,"3249_Z3__g002890--FGSG_07673..FSPOR_1775","3249_Z3__g002890--FGSG_07673..FSPOR_1775","biosynthetic","terpene",865806,866828,1
"NRRL3249","3249_Z3_len3137824.region001","3249_Z3_len3137824",1,"3249_Z3__g002891","3249_Z3__g002891","other","N/A",867979,868769,1
"NRRL3249","3249_Z3_len3137824.region001","3249_Z3_len3137824",1,"3249_Z3__g002892--FGSG_13181..FSPOR_1773","3249_Z3__g002892--FGSG_13181..FSPOR_1773","other","N/A",870112,870705,1
"NRRL3249","3249_Z3_len3137824.region001","3249_Z3_len3137824",1,"3249_Z3__g002893--FGSG_13182..FSPOR_1772","3249_Z3__g002893--FGSG_13182..FSPOR_1772","other","N/A",870936,871514,-1
"NRRL3249","3249_Z3_len3137824.region001","3249_Z3_len3137824",1,"3249_Z3__g002894--FSPOR_1771","3249_Z3__g002894--FSPOR_1771","other","N/A",872127,872639,-1
"NRRL3249","3249_Z3_len3137824.region001","3249_Z3_len3137824",1,"3249_Z3__g002895--FGSG_07676..FSPOR_1770","3249_Z3__g002895--FGSG_07676..FSPOR_1770","other","N/A",873344,873781,1
"NRRL3249","3249_Z3_len3137824.region001","3249_Z3_len3137824",1,"3249_Z3__g002896--FGSG_13184..FSPOR_1769","3249_Z3__g002896--FGSG_13184..FSPOR_1769","other","N/A",874095,875078,-1
"NRRL3249","3249_Z3_len3137824.region002","3249_Z3_len3137824",2,"3249_Z3__g002947--FSPOR_1720","3249_Z3__g002947--FSPOR_1720","other","N/A",998234,998597,1
"NRRL3249","3249_Z3_len3137824.region002","3249_Z3_len3137824",2,"3249_Z3__g002948--FGSG_13202..FSPOR_1719","3249_Z3__g002948--FGSG_13202..FSPOR_1719","biosynthetic-additional","N/A",1000992,1001966,1
"NRRL3249","3249_Z3_len3137824.region002","3249_Z3_len3137824",2,"3249_Z3__g002949--FGSG_07728..FSPOR_1718","3249_Z3__g002949--FGSG_07728..FSPOR_1718","other","N/A",1002531,1003239,1
"NRRL3249","3249_Z3_len3137824.region002","3249_Z3_len3137824",2,"3249_Z3__g002950--FGSG_07756..FSPOR_1717","3249_Z3__g002950--FGSG_07756..FSPOR_1717","other","N/A",1007472,1009088,1
"NRRL3249","3249_Z3_len3137824.region002","3249_Z3_len3137824",2,"3249_Z3__g002951--FGSG_07757..FSPOR_1716","3249_Z3__g002951--FGSG_07757..FSPOR_1716","other","N/A",1009262,1010590,-1
"NRRL3249","3249_Z3_len3137824.region002","3249_Z3_len3137824",2,"3249_Z3__g002954--FGSG_07758..FSPOR_1713","3249_Z3__g002954--FGSG_07758..FSPOR_1713","biosynthetic-additional","N/A",1027462,1028580,1
"NRRL3249","3249_Z3_len3137824.region002","3249_Z3_len3137824",2,"3249_Z3__g002955","3249_Z3__g002955","other","N/A",1029848,1033421,1
"NRRL3249","3249_Z3_len3137824.region002","3249_Z3_len3137824",2,"3249_Z3__g002956","3249_Z3__g002956","other","N/A",1034334,1034774,1
"NRRL3249","3249_Z3_len3137824.region002","3249_Z3_len3137824",2,"3249_Z3__g002957--FGSG_07760..FSPOR_1711","3249_Z3__g002957--FGSG_07760..FSPOR_1711","other","N/A",1037270,1038056,-1
"NRRL3249","3249_Z3_len3137824.region002","3249_Z3_len3137824",2,"3249_Z3__g002958--FSPOR_1710","3249_Z3__g002958--FSPOR_1710","other","N/A",1038877,1039629,1
"NRRL3249","3249_Z3_len3137824.region002","3249_Z3_len3137824",2,"3249_Z3__g002959--FGSG_02302..FSPOR_1709","3249_Z3__g002959--FGSG_02302..FSPOR_1709","other","N/A",1040132,1041280,-1
"NRRL3249","3249_Z3_len3137824.region002","3249_Z3_len3137824",2,"3249_Z3__g002960--FSPOR_1708","3249_Z3__g002960--FSPOR_1708","biosynthetic-additional","N/A",1042886,1045195,1
"NRRL3249","3249_Z3_len3137824.region002","3249_Z3_len3137824",2,"BEA1","3249_Z3__g002953--FSPOR_1714","biosynthetic","NRPS",1017497,1026892,1
"NRRL3249","3249_Z3_len3137824.region002","3249_Z3_len3137824",2,"PAN5_1","3249_Z3__g002952--FSPOR_1715","other","N/A",1014486,1015835,-1
"NRRL3249","3249_Z3_len3137824.region003","3249_Z3_len3137824",3,"3249_Z3__g002994--FGSG_07790..FSPOR_1677","3249_Z3__g002994--FGSG_07790..FSPOR_1677","other","N/A",1120387,1121284,1
"NRRL3249","3249_Z3_len3137824.region003","3249_Z3_len3137824",3,"3249_Z3__g002995--FGSG_07791..FSPOR_1676","3249_Z3__g002995--FGSG_07791..FSPOR_1676","other","N/A",1123066,1123710,1
"NRRL3249","3249_Z3_len3137824.region003","3249_Z3_len3137824",3,"3249_Z3__g002996--FGSG_10445..FSPOR_1675","3249_Z3__g002996--FGSG_10445..FSPOR_1675","biosynthetic-additional","N/A",1124758,1125441,1
"NRRL3249","3249_Z3_len3137824.region003","3249_Z3_len3137824",3,"3249_Z3__g002997--FGSG_07792..FSPOR_1674","3249_Z3__g002997--FGSG_07792..FSPOR_1674","other","N/A",1127464,1128581,-1
"NRRL3249","3249_Z3_len3137824.region003","3249_Z3_len3137824",3,"3249_Z3__g002998--FGSG_07793..FSPOR_1673","3249_Z3__g002998--FGSG_07793..FSPOR_1673","biosynthetic-additional","N/A",1130462,1131517,1
"NRRL3249","3249_Z3_len3137824.region003","3249_Z3_len3137824",3,"3249_Z3__g002999--FGSG_07794..FSPOR_1672","3249_Z3__g002999--FGSG_07794..FSPOR_1672","other","N/A",1133689,1134857,1
"NRRL3249","3249_Z3_len3137824.region003","3249_Z3_len3137824",3,"3249_Z3__g003000--FGSG_07797..FSPOR_1670","3249_Z3__g003000--FGSG_07797..FSPOR_1670","biosynthetic-additional","N/A",1136789,1138093,-1
"NRRL3249","3249_Z3_len3137824.region003","3249_Z3_len3137824",3,"3249_Z3__g003001--FSPOR_1669","3249_Z3__g003001--FSPOR_1669","other","N/A",1138793,1139382,-1
"NRRL3249","3249_Z3_len3137824.region003","3249_Z3_len3137824",3,"3249_Z3__g003011--FGSG_13224..FSPOR_1659","3249_Z3__g003011--FGSG_13224..FSPOR_1659","biosynthetic-additional","N/A",1168149,1170581,1
"NRRL3249","3249_Z3_len3137824.region003","3249_Z3_len3137824",3,"FUS1","3249_Z3__g003002--FGSG_07798..FSPOR_1668","biosynthetic","NRPS;T1PKS",1140192,1152037,-1
"NRRL3249","3249_Z3_len3137824.region003","3249_Z3_len3137824",3,"FUS2","3249_Z3__g003003--FGSG_13222..FSPOR_1667","biosynthetic-additional","N/A",1152633,1153892,1
"NRRL3249","3249_Z3_len3137824.region003","3249_Z3_len3137824",3,"FUS3","3249_Z3__g003004--FGSG_13223..FSPOR_1666","biosynthetic-additional","N/A",1154737,1155458,1
"NRRL3249","3249_Z3_len3137824.region003","3249_Z3_len3137824",3,"FUS4","3249_Z3__g003005--FGSG_07800..FSPOR_1665","other","N/A",1155660,1156973,-1
"NRRL3249","3249_Z3_len3137824.region003","3249_Z3_len3137824",3,"FUS5","3249_Z3__g003006--FGSG_07801..FSPOR_1664","other","N/A",1157808,1158509,1
"NRRL3249","3249_Z3_len3137824.region003","3249_Z3_len3137824",3,"FUS6","3249_Z3__g003007--FGSG_07802..FSPOR_1663","transport","N/A",1160123,1161802,1
"NRRL3249","3249_Z3_len3137824.region003","3249_Z3_len3137824",3,"FUS7","3249_Z3__g003008--FGSG_07803..FSPOR_1662","biosynthetic-additional","N/A",1162142,1163983,1
"NRRL3249","3249_Z3_len3137824.region003","3249_Z3_len3137824",3,"FUS8","3249_Z3__g003009--FGSG_07804..FSPOR_1661","biosynthetic-additional","N/A",1164660,1166318,1
"NRRL3249","3249_Z3_len3137824.region003","3249_Z3_len3137824",3,"FUS9","3249_Z3__g003010--FGSG_07805..FSPOR_1660","other","N/A",1166719,1167834,1
"NRRL3249","3249_Z3_len3137824.region004","3249_Z3_len3137824",4,"3249_Z3__g003606--FGSG_07072..FSPOR_9618","3249_Z3__g003606--FGSG_07072..FSPOR_9618","other","N/A",3023738,3024308,1
"NRRL3249","3249_Z3_len3137824.region004","3249_Z3_len3137824",4,"3249_Z3__g003607--FGSG_07071..FSPOR_9617","3249_Z3__g003607--FGSG_07071..FSPOR_9617","other","N/A",3026727,3028103,1
"NRRL3249","3249_Z3_len3137824.region004","3249_Z3_len3137824",4,"3249_Z3__g003608--FGSG_07070..FSPOR_9616","3249_Z3__g003608--FGSG_07070..FSPOR_9616","other","N/A",3028877,3030113,-1
"NRRL3249","3249_Z3_len3137824.region004","3249_Z3_len3137824",4,"3249_Z3__g003609--FGSG_07069..FSPOR_9615","3249_Z3__g003609--FGSG_07069..FSPOR_9615","other","N/A",3030896,3031850,1
"NRRL3249","3249_Z3_len3137824.region004","3249_Z3_len3137824",4,"3249_Z3__g003610--FGSG_07068..FSPOR_9614","3249_Z3__g003610--FGSG_07068..FSPOR_9614","other","N/A",3033302,3035831,-1
"NRRL3249","3249_Z3_len3137824.region004","3249_Z3_len3137824",4,"3249_Z3__g003612--FGSG_07066..FSPOR_9612","3249_Z3__g003612--FGSG_07066..FSPOR_9612","biosynthetic","fungal-RiPP-like",3051862,3052802,1
"NRRL3249","3249_Z3_len3137824.region004","3249_Z3_len3137824",4,"3249_Z3__g003613--FGSG_07065..FSPOR_9611","3249_Z3__g003613--FGSG_07065..FSPOR_9611","other","N/A",3053842,3055128,1
"NRRL3249","3249_Z3_len3137824.region004","3249_Z3_len3137824",4,"3249_Z3__g003614--FGSG_07064..FSPOR_9610","3249_Z3__g003614--FGSG_07064..FSPOR_9610","other","N/A",3055924,3059686,-1
"NRRL3249","3249_Z3_len3137824.region004","3249_Z3_len3137824",4,"3249_Z3__g003615","3249_Z3__g003615","other","N/A",3064966,3065474,1
"NRRL3249","3249_Z3_len3137824.region004","3249_Z3_len3137824",4,"3249_Z3__g003616--FGSG_07063..FSPOR_9609","3249_Z3__g003616--FGSG_07063..FSPOR_9609","other","N/A",3065534,3066457,-1
"NRRL3249","3249_Z3_len3137824.region004","3249_Z3_len3137824",4,"3249_Z3__g003618--FGSG_07061..FSPOR_9607","3249_Z3__g003618--FGSG_07061..FSPOR_9607","other","N/A",3070958,3072292,1
"NRRL3249","3249_Z3_len3137824.region004","3249_Z3_len3137824",4,"3249_Z3__g003622--FGSG_07057..FSPOR_9603","3249_Z3__g003622--FGSG_07057..FSPOR_9603","other","N/A",3076885,3077731,-1
"NRRL3249","3249_Z3_len3137824.region004","3249_Z3_len3137824",4,"3249_Z3__g003623--FGSG_07056..FSPOR_9602","3249_Z3__g003623--FGSG_07056..FSPOR_9602","other","N/A",3078974,3080392,1
"NRRL3249","3249_Z3_len3137824.region004","3249_Z3_len3137824",4,"BNA1","3249_Z3__g003621--FGSG_07058..FSPOR_9604","other","N/A",3076125,3076813,1
"NRRL3249","3249_Z3_len3137824.region004","3249_Z3_len3137824",4,"CTR2","3249_Z3__g003620--FGSG_07059..FSPOR_9605","other","N/A",3074806,3075457,-1
"NRRL3249","3249_Z3_len3137824.region004","3249_Z3_len3137824",4,"ERD1","3249_Z3__g003617--FGSG_07062..FSPOR_9608","other","N/A",3068304,3069576,1
"NRRL3249","3249_Z3_len3137824.region004","3249_Z3_len3137824",4,"PCD1","3249_Z3__g003619--FGSG_07060..FSPOR_9606","other","N/A",3072916,3074223,1
"NRRL3249","3249_Z3_len3137824.region004","3249_Z3_len3137824",4,"UME6","3249_Z3__g003611--FGSG_07067..FSPOR_9613","other","N/A",3046922,3048986,1
"NRRL3249","3249_Z4_len3064622.region001","3249_Z4_len3064622",1,"3249_Z4__g003758--FGSG_11405..FSPOR_8227","3249_Z4__g003758--FGSG_11405..FSPOR_8227","biosynthetic-additional","N/A",358082,359380,-1
"NRRL3249","3249_Z4_len3064622.region001","3249_Z4_len3064622",1,"3249_Z4__g003759--FGSG_13967..FSPOR_8226","3249_Z4__g003759--FGSG_13967..FSPOR_8226","other","N/A",362082,362468,1
"NRRL3249","3249_Z4_len3064622.region001","3249_Z4_len3064622",1,"3249_Z4__g003760--FGSG_11401..FSPOR_8225","3249_Z4__g003760--FGSG_11401..FSPOR_8225","other","N/A",363800,364393,-1
"NRRL3249","3249_Z4_len3064622.region001","3249_Z4_len3064622",1,"3249_Z4__g003762--FGSG_11400..FSPOR_8224","3249_Z4__g003762--FGSG_11400..FSPOR_8224","biosynthetic-additional","N/A",365986,367071,1
"NRRL3249","3249_Z4_len3064622.region001","3249_Z4_len3064622",1,"3249_Z4__g003769--FGSG_11393..FSPOR_8217","3249_Z4__g003769--FGSG_11393..FSPOR_8217","other","N/A",385965,386621,-1
"NRRL3249","3249_Z4_len3064622.region001","3249_Z4_len3064622",1,"3249_Z4__g003771--FGSG_11391..FSPOR_8216","3249_Z4__g003771--FGSG_11391..FSPOR_8216","other","N/A",387936,390254,-1
"NRRL3249","3249_Z4_len3064622.region001","3249_Z4_len3064622",1,"3249_Z4__g003772--FGSG_13971..FSPOR_8215","3249_Z4__g003772--FGSG_13971..FSPOR_8215","transport","N/A",392696,393907,1
"NRRL3249","3249_Z4_len3064622.region001","3249_Z4_len3064622",1,"3249_Z4__g003775--FGSG_11389..FSPOR_11717","3249_Z4__g003775--FGSG_11389..FSPOR_11717","biosynthetic-additional","N/A",397941,399691,-1
"NRRL3249","3249_Z4_len3064622.region001","3249_Z4_len3064622",1,"3249_Z4__g003776","3249_Z4__g003776","other","N/A",400628,401502,1
"NRRL3249","3249_Z4_len3064622.region001","3249_Z4_len3064622",1,"3249_Z4__g003777--FGSG_11388..FSPOR_11718","3249_Z4__g003777--FGSG_11388..FSPOR_11718","biosynthetic-additional","N/A",402714,403997,1
"NRRL3249","3249_Z4_len3064622.region001","3249_Z4_len3064622",1,"CHRY1","3249_Z4__g003767--FGSG_11395..FSPOR_8219","biosynthetic","NRPS",377298,384568,1
"NRRL3249","3249_Z4_len3064622.region001","3249_Z4_len3064622",1,"CHRY2","3249_Z4__g003766--FGSG_11396..FSPOR_8220","biosynthetic-additional","N/A",373424,375710,-1
"NRRL3249","3249_Z4_len3064622.region001","3249_Z4_len3064622",1,"CHRY3","3249_Z4__g003765--FGSG_11397..FSPOR_8221","other","N/A",372014,373198,1
"NRRL3249","3249_Z4_len3064622.region001","3249_Z4_len3064622",1,"CHRY4","3249_Z4__g003764--FGSG_11398..FSPOR_8222","biosynthetic-additional","N/A",370520,371305,-1
"NRRL3249","3249_Z4_len3064622.region001","3249_Z4_len3064622",1,"CHRY5","3249_Z4__g003763--FGSG_11399..FSPOR_8223","biosynthetic-additional","N/A",368248,370032,1
"NRRL3249","3249_Z4_len3064622.region001","3249_Z4_len3064622",1,"CHRY6","3249_Z4__g003768--FGSG_11394..FSPOR_8218","other","N/A",384869,385689,1
"NRRL3249","3249_Z4_len3064622.region002","3249_Z4_len3064622",2,"3249_Z4__g003853--FGSG_11316..FSPOR_9120","3249_Z4__g003853--FGSG_11316..FSPOR_9120","biosynthetic-additional","N/A",593805,595055,1
"NRRL3249","3249_Z4_len3064622.region002","3249_Z4_len3064622",2,"3249_Z4__g003855--FGSG_11326..FSPOR_9121","3249_Z4__g003855--FGSG_11326..FSPOR_9121","other","N/A",600110,601911,-1
"NRRL3249","3249_Z4_len3064622.region002","3249_Z4_len3064622",2,"3249_Z4__g003857--FGSG_11327..FSPOR_9122","3249_Z4__g003857--FGSG_11327..FSPOR_9122","biosynthetic","terpene",603270,604939,-1
"NRRL3249","3249_Z4_len3064622.region002","3249_Z4_len3064622",2,"3249_Z4__g003858--FGSG_11328..FSPOR_9123","3249_Z4__g003858--FGSG_11328..FSPOR_9123","other","N/A",606320,607366,1
"NRRL3249","3249_Z4_len3064622.region002","3249_Z4_len3064622",2,"3249_Z4__g003859--FGSG_11329..FSPOR_9124","3249_Z4__g003859--FGSG_11329..FSPOR_9124","other","N/A",611665,612201,1
"NRRL3249","3249_Z4_len3064622.region002","3249_Z4_len3064622",2,"ats1_1","3249_Z4__g003854","other","N/A",595280,595836,1
"NRRL3249","3249_Z4_len3064622.region003","3249_Z4_len3064622",3,"3249_Z4__g004115--FGSG_11056..FSPOR_4647","3249_Z4__g004115--FGSG_11056..FSPOR_4647","other","N/A",1221633,1222808,1
"NRRL3249","3249_Z4_len3064622.region003","3249_Z4_len3064622",3,"3249_Z4__g004116--FGSG_11055..FSPOR_4646","3249_Z4__g004116--FGSG_11055..FSPOR_4646","other","N/A",1223070,1224749,1
"NRRL3249","3249_Z4_len3064622.region003","3249_Z4_len3064622",3,"3249_Z4__g004118--FGSG_11022..FSPOR_4644","3249_Z4__g004118--FGSG_11022..FSPOR_4644","biosynthetic-additional","N/A",1228079,1229213,-1
"NRRL3249","3249_Z4_len3064622.region003","3249_Z4_len3064622",3,"3249_Z4__g004119--FGSG_11023..FSPOR_4643","3249_Z4__g004119--FGSG_11023..FSPOR_4643","other","N/A",1229664,1230327,1
"NRRL3249","3249_Z4_len3064622.region003","3249_Z4_len3064622",3,"3249_Z4__g004121","3249_Z4__g004121","biosynthetic-additional","N/A",1231166,1231637,-1
"NRRL3249","3249_Z4_len3064622.region003","3249_Z4_len3064622",3,"3249_Z4__g004122--FGSG_11024..FSPOR_4642","3249_Z4__g004122--FGSG_11024..FSPOR_4642","biosynthetic-additional","N/A",1231725,1232822,-1
"NRRL3249","3249_Z4_len3064622.region003","3249_Z4_len3064622",3,"3249_Z4__g004123","3249_Z4__g004123","other","N/A",1233987,1234970,1
"NRRL3249","3249_Z4_len3064622.region003","3249_Z4_len3064622",3,"3249_Z4__g004124--FSPOR_4641","3249_Z4__g004124--FSPOR_4641","other","N/A",1235509,1237189,1
"NRRL3249","3249_Z4_len3064622.region003","3249_Z4_len3064622",3,"3249_Z4__g004127--FGSG_11026..FSPOR_4638","3249_Z4__g004127--FGSG_11026..FSPOR_4638","biosynthetic","NRPS",1240870,1255184,-1
"NRRL3249","3249_Z4_len3064622.region003","3249_Z4_len3064622",3,"3249_Z4__g004128--FGSG_11027..FSPOR_4637","3249_Z4__g004128--FGSG_11027..FSPOR_4637","biosynthetic-additional","N/A",1255822,1257105,-1
"NRRL3249","3249_Z4_len3064622.region003","3249_Z4_len3064622",3,"3249_Z4__g004129--FGSG_11028..FSPOR_4636","3249_Z4__g004129--FGSG_11028..FSPOR_4636","transport","N/A",1258078,1262277,1
"NRRL3249","3249_Z4_len3064622.region003","3249_Z4_len3064622",3,"3249_Z4__g004130--FGSG_11029..FSPOR_4635","3249_Z4__g004130--FGSG_11029..FSPOR_4635","transport","N/A",1263499,1265418,1
"NRRL3249","3249_Z4_len3064622.region003","3249_Z4_len3064622",3,"3249_Z4__g004131--FGSG_11030..FSPOR_4634","3249_Z4__g004131--FGSG_11030..FSPOR_4634","other","N/A",1267491,1268303,1
"NRRL3249","3249_Z4_len3064622.region003","3249_Z4_len3064622",3,"3249_Z4__g004132--FGSG_11031..FSPOR_4633","3249_Z4__g004132--FGSG_11031..FSPOR_4633","other","N/A",1270673,1271305,1
"NRRL3249","3249_Z4_len3064622.region003","3249_Z4_len3064622",3,"3249_Z4__g004133--FGSG_13866..FSPOR_4632","3249_Z4__g004133--FGSG_13866..FSPOR_4632","transport","N/A",1272041,1273695,-1
"NRRL3249","3249_Z4_len3064622.region003","3249_Z4_len3064622",3,"LYS1_1","3249_Z4__g004117--FGSG_11054..FSPOR_4645","biosynthetic-additional","N/A",1226382,1227710,1
"NRRL3249","3249_Z4_len3064622.region003","3249_Z4_len3064622",3,"TRI15","3249_Z4__g004125--FGSG_11025..FSPOR_4639","other","N/A",1238285,1239241,-1
"NRRL3249","3249_Z4_len3064622.region004","3249_Z4_len3064622",4,"3249_Z4__g004165--FGSG_11000..FSPOR_4599","3249_Z4__g004165--FGSG_11000..FSPOR_4599","other","N/A",1346191,1346814,-1
"NRRL3249","3249_Z4_len3064622.region004","3249_Z4_len3064622",4,"3249_Z4__g004166--FGSG_10999..FSPOR_4598","3249_Z4__g004166--FGSG_10999..FSPOR_4598","other","N/A",1347487,1348292,-1
"NRRL3249","3249_Z4_len3064622.region004","3249_Z4_len3064622",4,"3249_Z4__g004167--FGSG_10998..FSPOR_4597","3249_Z4__g004167--FGSG_10998..FSPOR_4597","biosynthetic-additional","N/A",1350206,1351799,-1
"NRRL3249","3249_Z4_len3064622.region004","3249_Z4_len3064622",4,"3249_Z4__g004168--FGSG_10996..FSPOR_4596","3249_Z4__g004168--FGSG_10996..FSPOR_4596","other","N/A",1353478,1355504,1
"NRRL3249","3249_Z4_len3064622.region004","3249_Z4_len3064622",4,"3249_Z4__g004169--FSPOR_4595","3249_Z4__g004169--FSPOR_4595","other","N/A",1355739,1356851,-1
"NRRL3249","3249_Z4_len3064622.region004","3249_Z4_len3064622",4,"3249_Z4__g004170--FGSG_10460..FSPOR_4593","3249_Z4__g004170--FGSG_10460..FSPOR_4593","biosynthetic-additional","N/A",1361428,1362543,-1
"NRRL3249","3249_Z4_len3064622.region004","3249_Z4_len3064622",4,"3249_Z4__g004171--FSPOR_4592","3249_Z4__g004171--FSPOR_4592","biosynthetic","NRPS;T1PKS",1363817,1375750,1
"NRRL3249","3249_Z4_len3064622.region004","3249_Z4_len3064622",4,"3249_Z4__g004172--FSPOR_4591","3249_Z4__g004172--FSPOR_4591","biosynthetic-additional","N/A",1376487,1377753,-1
"NRRL3249","3249_Z4_len3064622.region004","3249_Z4_len3064622",4,"3249_Z4__g004173--FSPOR_4590","3249_Z4__g004173--FSPOR_4590","biosynthetic-additional","N/A",1378591,1379565,-1
"NRRL3249","3249_Z4_len3064622.region004","3249_Z4_len3064622",4,"3249_Z4__g004174--FSPOR_4589","3249_Z4__g004174--FSPOR_4589","biosynthetic-additional","N/A",1380039,1381669,1
"NRRL3249","3249_Z4_len3064622.region004","3249_Z4_len3064622",4,"3249_Z4__g004175--FGSG_10983..FSPOR_4588","3249_Z4__g004175--FGSG_10983..FSPOR_4588","other","N/A",1381824,1383266,-1
"NRRL3249","3249_Z4_len3064622.region004","3249_Z4_len3064622",4,"3249_Z4__g004177--FGSG_13880..FSPOR_4586","3249_Z4__g004177--FGSG_13880..FSPOR_4586","biosynthetic-additional","N/A",1388102,1389073,-1
"NRRL3249","3249_Z4_len3064622.region004","3249_Z4_len3064622",4,"3249_Z4__g004178--FGSG_13881..FSPOR_4585","3249_Z4__g004178--FGSG_13881..FSPOR_4585","other","N/A",1389341,1390954,-1
"NRRL3249","3249_Z4_len3064622.region004","3249_Z4_len3064622",4,"3249_Z4__g004179","3249_Z4__g004179","other","N/A",1391228,1392885,-1
"NRRL3249","3249_Z4_len3064622.region004","3249_Z4_len3064622",4,"dpp4","3249_Z4__g004176--FGSG_10982..FSPOR_4587","biosynthetic-additional","N/A",1385236,1387578,-1
"NRRL3249","3249_Z4_len3064622.region004","3249_Z4_len3064622",4,"GUK1_2","3249_Z4__g004164--FSPOR_4600","other","N/A",1345204,1345855,1
"NRRL3249","3249_Z5_len3063904.region001","3249_Z5_len3063904",1,"3249_Z5__g004727--FGSG_11311..FSPOR_1129","3249_Z5__g004727--FGSG_11311..FSPOR_1129","biosynthetic-additional","N/A",81296,82138,-1
"NRRL3249","3249_Z5_len3063904.region001","3249_Z5_len3063904",1,"3249_Z5__g004728--FGSG_03725..FSPOR_1130","3249_Z5__g004728--FGSG_03725..FSPOR_1130","transport","N/A",82975,84783,-1
"NRRL3249","3249_Z5_len3063904.region001","3249_Z5_len3063904",1,"3249_Z5__g004730--FGSG_03726..FSPOR_1131","3249_Z5__g004730--FGSG_03726..FSPOR_1131","transport","N/A",86690,88375,-1
"NRRL3249","3249_Z5_len3063904.region001","3249_Z5_len3063904",1,"3249_Z5__g004731--FGSG_03727..FSPOR_1133","3249_Z5__g004731--FGSG_03727..FSPOR_1133","other","N/A",90033,91599,1
"NRRL3249","3249_Z5_len3063904.region001","3249_Z5_len3063904",1,"3249_Z5__g004732--FGSG_03728..FSPOR_1134","3249_Z5__g004732--FGSG_03728..FSPOR_1134","biosynthetic-additional","N/A",92668,93770,1
"NRRL3249","3249_Z5_len3063904.region001","3249_Z5_len3063904",1,"3249_Z5__g004733--FGSG_03729..FSPOR_1135","3249_Z5__g004733--FGSG_03729..FSPOR_1135","biosynthetic-additional","N/A",94587,95881,1
"NRRL3249","3249_Z5_len3063904.region001","3249_Z5_len3063904",1,"3249_Z5__g004734--FGSG_03730..FSPOR_1136","3249_Z5__g004734--FGSG_03730..FSPOR_1136","other","N/A",96279,98167,-1
"NRRL3249","3249_Z5_len3063904.region001","3249_Z5_len3063904",1,"3249_Z5__g004735--FGSG_03731..FSPOR_1137","3249_Z5__g004735--FGSG_03731..FSPOR_1137","biosynthetic-additional","N/A",99045,100139,1
"NRRL3249","3249_Z5_len3063904.region001","3249_Z5_len3063904",1,"3249_Z5__g004736--FGSG_03732..FSPOR_1138","3249_Z5__g004736--FGSG_03732..FSPOR_1138","other","N/A",100959,102886,1
"NRRL3249","3249_Z5_len3063904.region001","3249_Z5_len3063904",1,"3249_Z5__g004737--FGSG_03734..FSPOR_1139","3249_Z5__g004737--FGSG_03734..FSPOR_1139","other","N/A",103188,103866,-1
"NRRL3249","3249_Z5_len3063904.region001","3249_Z5_len3063904",1,"3249_Z5__g004739--FGSG_03736..FSPOR_1142","3249_Z5__g004739--FGSG_03736..FSPOR_1142","biosynthetic","isocyanide-nrp",112921,116708,1
"NRRL3249","3249_Z5_len3063904.region001","3249_Z5_len3063904",1,"3249_Z5__g004740--FGSG_03737..FSPOR_1143","3249_Z5__g004740--FGSG_03737..FSPOR_1143","transport","N/A",117813,119567,1
"NRRL3249","3249_Z5_len3063904.region001","3249_Z5_len3063904",1,"3249_Z5__g004741--FGSG_03738..FSPOR_1144","3249_Z5__g004741--FGSG_03738..FSPOR_1144","biosynthetic-additional","N/A",119889,120962,-1
"NRRL3249","3249_Z5_len3063904.region001","3249_Z5_len3063904",1,"3249_Z5__g004743--FGSG_12390..FSPOR_1146","3249_Z5__g004743--FGSG_12390..FSPOR_1146","other","N/A",124027,126243,1
"NRRL3249","3249_Z5_len3063904.region001","3249_Z5_len3063904",1,"3249_Z5__g004744--FGSG_12389..FSPOR_1147","3249_Z5__g004744--FGSG_12389..FSPOR_1147","other","N/A",126736,128175,1
"NRRL3249","3249_Z5_len3063904.region001","3249_Z5_len3063904",1,"3249_Z5__g004745--FGSG_03742..FSPOR_1148","3249_Z5__g004745--FGSG_03742..FSPOR_1148","other","N/A",128590,131157,-1
"NRRL3249","3249_Z5_len3063904.region001","3249_Z5_len3063904",1,"3249_Z5__g004746--FGSG_03741..FSPOR_1149","3249_Z5__g004746--FGSG_03741..FSPOR_1149","biosynthetic-additional","N/A",132465,134275,-1
"NRRL3249","3249_Z5_len3063904.region001","3249_Z5_len3063904",1,"3249_Z5__g004748--FGSG_03743..FSPOR_1150","3249_Z5__g004748--FGSG_03743..FSPOR_1150","other","N/A",137027,137991,1
"NRRL3249","3249_Z5_len3063904.region001","3249_Z5_len3063904",1,"3249_Z5__g004749--FGSG_03744..FSPOR_1151","3249_Z5__g004749--FGSG_03744..FSPOR_1151","transport","N/A",138428,140374,-1
"NRRL3249","3249_Z5_len3063904.region001","3249_Z5_len3063904",1,"3249_Z5__g004750--FGSG_03745..FSPOR_1152","3249_Z5__g004750--FGSG_03745..FSPOR_1152","biosynthetic-additional","N/A",142441,143727,-1
"NRRL3249","3249_Z5_len3063904.region001","3249_Z5_len3063904",1,"3249_Z5__g004751--FGSG_03746..FSPOR_1153","3249_Z5__g004751--FGSG_03746..FSPOR_1153","biosynthetic-additional","N/A",146294,147169,1
"NRRL3249","3249_Z5_len3063904.region001","3249_Z5_len3063904",1,"3249_Z5__g004753--FGSG_03748..FSPOR_1155","3249_Z5__g004753--FGSG_03748..FSPOR_1155","other","N/A",154938,155751,-1
"NRRL3249","3249_Z5_len3063904.region001","3249_Z5_len3063904",1,"3249_Z5__g004754--FSPOR_1156","3249_Z5__g004754--FSPOR_1156","other","N/A",156939,157230,-1
"NRRL3249","3249_Z5_len3063904.region001","3249_Z5_len3063904",1,"3249_Z5__g004755--FGSG_12386..FSPOR_1157","3249_Z5__g004755--FGSG_12386..FSPOR_1157","biosynthetic-additional","N/A",161015,162154,1
"NRRL3249","3249_Z5_len3063904.region001","3249_Z5_len3063904",1,"3249_Z5__g004756--FGSG_03752..FSPOR_1158","3249_Z5__g004756--FGSG_03752..FSPOR_1158","other","N/A",162315,163443,-1
"NRRL3249","3249_Z5_len3063904.region001","3249_Z5_len3063904",1,"3249_Z5__g004757--FGSG_03751..FSPOR_1159","3249_Z5__g004757--FGSG_03751..FSPOR_1159","other","N/A",164621,166542,1
"NRRL3249","3249_Z5_len3063904.region001","3249_Z5_len3063904",1,"3249_Z5__g004758--FGSG_03750..FSPOR_1160","3249_Z5__g004758--FGSG_03750..FSPOR_1160","other","N/A",166906,167718,-1
"NRRL3249","3249_Z5_len3063904.region001","3249_Z5_len3063904",1,"3249_Z5__g004759","3249_Z5__g004759","other","N/A",168875,169638,-1
"NRRL3249","3249_Z5_len3063904.region001","3249_Z5_len3063904",1,"3249_Z5__g004760--FGSG_03749..FSPOR_1162","3249_Z5__g004760--FGSG_03749..FSPOR_1162","other","N/A",171518,173024,-1
"NRRL3249","3249_Z5_len3063904.region001","3249_Z5_len3063904",1,"ATF1_4","3249_Z5__g004742--FGSG_03739..FSPOR_1145","other","N/A",121700,123148,1
"NRRL3249","3249_Z5_len3063904.region001","3249_Z5_len3063904",1,"CDR1_2","3249_Z5__g004738--FGSG_03735..FSPOR_1141","biosynthetic","isocyanide-nrp",104186,111142,-1
"NRRL3249","3249_Z5_len3063904.region001","3249_Z5_len3063904",1,"NPS6","3249_Z5__g004752--FGSG_03747..FSPOR_1154","biosynthetic","NRPS",148541,154806,1
"NRRL3249","3249_Z6_len3034431.region001","3249_Z6_len3034431",1,"3249_Z6__g006214--FGSG_02333..FSPOR_6903","3249_Z6__g006214--FGSG_02333..FSPOR_6903","other","N/A",1488113,1489342,1
"NRRL3249","3249_Z6_len3034431.region001","3249_Z6_len3034431",1,"3249_Z6__g006215--FGSG_02332..FSPOR_6902","3249_Z6__g006215--FGSG_02332..FSPOR_6902","other","N/A",1490311,1491324,-1
"NRRL3249","3249_Z6_len3034431.region001","3249_Z6_len3034431",1,"3249_Z6__g006216--FGSG_02331..FSPOR_6901","3249_Z6__g006216--FGSG_02331..FSPOR_6901","transport","N/A",1492832,1494178,1
"NRRL3249","3249_Z6_len3034431.region001","3249_Z6_len3034431",1,"3249_Z6__g006218--FGSG_02329..FSPOR_6899","3249_Z6__g006218--FGSG_02329..FSPOR_6899","other","N/A",1497322,1498603,-1
"NRRL3249","3249_Z6_len3034431.region001","3249_Z6_len3034431",1,"3249_Z6__g006220--FGSG_02327..FSPOR_6897","3249_Z6__g006220--FGSG_02327..FSPOR_6897","biosynthetic-additional","N/A",1501552,1503353,-1
"NRRL3249","3249_Z6_len3034431.region001","3249_Z6_len3034431",1,"3249_Z6__g006221--FGSG_02326..FSPOR_6896","3249_Z6__g006221--FGSG_02326..FSPOR_6896","biosynthetic-additional","N/A",1503823,1505254,1
"NRRL3249","3249_Z6_len3034431.region001","3249_Z6_len3034431",1,"3249_Z6__g006222--FGSG_02325..FSPOR_6895","3249_Z6__g006222--FGSG_02325..FSPOR_6895","other","N/A",1505576,1506089,-1
"NRRL3249","3249_Z6_len3034431.region001","3249_Z6_len3034431",1,"3249_Z6__g006225--FGSG_02322..FSPOR_6892","3249_Z6__g006225--FGSG_02322..FSPOR_6892","transport","N/A",1516295,1517994,1
"NRRL3249","3249_Z6_len3034431.region001","3249_Z6_len3034431",1,"3249_Z6__g006226--FGSG_02321..FSPOR_6891","3249_Z6__g006226--FGSG_02321..FSPOR_6891","biosynthetic-additional","N/A",1518499,1520100,-1
"NRRL3249","3249_Z6_len3034431.region001","3249_Z6_len3034431",1,"3249_Z6__g006228--FGSG_02317..FSPOR_6889","3249_Z6__g006228--FGSG_02317..FSPOR_6889","other","N/A",1523451,1524527,-1
"NRRL3249","3249_Z6_len3034431.region001","3249_Z6_len3034431",1,"3249_Z6__g006229","3249_Z6__g006229","other","N/A",1525603,1526247,-1
"NRRL3249","3249_Z6_len3034431.region001","3249_Z6_len3034431",1,"3249_Z6__g006230--FGSG_02316..FSPOR_6888","3249_Z6__g006230--FGSG_02316..FSPOR_6888","transport","N/A",1526479,1530553,-1
"NRRL3249","3249_Z6_len3034431.region001","3249_Z6_len3034431",1,"AURL2","3249_Z6__g006217--FGSG_02330..FSPOR_6900","other","N/A",1495151,1497055,1
"NRRL3249","3249_Z6_len3034431.region001","3249_Z6_len3034431",1,"AURR1","3249_Z6__g006227--FGSG_02320..FSPOR_6890","other","N/A",1521408,1522619,1
"NRRL3249","3249_Z6_len3034431.region001","3249_Z6_len3034431",1,"AURR2","3249_Z6__g006224--FGSG_02323..FSPOR_6893","other","N/A",1513443,1515655,-1
"NRRL3249","3249_Z6_len3034431.region001","3249_Z6_len3034431",1,"GIP1","3249_Z6__g006219--FGSG_02328..FSPOR_6898","other","N/A",1498944,1501163,1
"NRRL3249","3249_Z6_len3034431.region001","3249_Z6_len3034431",1,"PKS12","3249_Z6__g006223--FGSG_02324..FSPOR_6894","biosynthetic","T1PKS",1507878,1513107,1
"NRRL3249","3249_Z6_len3034431.region002","3249_Z6_len3034431",2,"3249_Z6__g006276--FGSG_02259..FSPOR_6832","3249_Z6__g006276--FGSG_02259..FSPOR_6832","other","N/A",1679679,1680641,-1
"NRRL3249","3249_Z6_len3034431.region002","3249_Z6_len3034431",2,"3249_Z6__g006277--FGSG_02258..FSPOR_6831","3249_Z6__g006277--FGSG_02258..FSPOR_6831","biosynthetic-additional","N/A",1681411,1682587,1
"NRRL3249","3249_Z6_len3034431.region002","3249_Z6_len3034431",2,"3249_Z6__g006278--FGSG_12106..FSPOR_6830","3249_Z6__g006278--FGSG_12106..FSPOR_6830","other","N/A",1683589,1685309,1
"NRRL3249","3249_Z6_len3034431.region002","3249_Z6_len3034431",2,"3249_Z6__g006279--FGSG_12105..FSPOR_6829","3249_Z6__g006279--FGSG_12105..FSPOR_6829","other","N/A",1685817,1686644,1
"NRRL3249","3249_Z6_len3034431.region002","3249_Z6_len3034431",2,"3249_Z6__g006280--FGSG_02255..FSPOR_6828","3249_Z6__g006280--FGSG_02255..FSPOR_6828","other","N/A",1687789,1688512,1
"NRRL3249","3249_Z6_len3034431.region002","3249_Z6_len3034431",2,"3249_Z6__g006282--FGSG_07754..FSPOR_6826","3249_Z6__g006282--FGSG_07754..FSPOR_6826","other","N/A",1690647,1691585,1
"NRRL3249","3249_Z6_len3034431.region002","3249_Z6_len3034431",2,"3249_Z6__g006284--FGSG_07755..FSPOR_6824","3249_Z6__g006284--FGSG_07755..FSPOR_6824","other","N/A",1694741,1695238,-1
"NRRL3249","3249_Z6_len3034431.region002","3249_Z6_len3034431",2,"3249_Z6__g006285--FGSG_02251..FSPOR_6823","3249_Z6__g006285--FGSG_02251..FSPOR_6823","biosynthetic","NRPS-like",1696408,1699749,-1
"NRRL3249","3249_Z6_len3034431.region002","3249_Z6_len3034431",2,"3249_Z6__g006286","3249_Z6__g006286","other","N/A",1700294,1701821,-1
"NRRL3249","3249_Z6_len3034431.region002","3249_Z6_len3034431",2,"3249_Z6__g006287--FGSG_02249..FSPOR_6822","3249_Z6__g006287--FGSG_02249..FSPOR_6822","other","N/A",1702684,1703394,1
"NRRL3249","3249_Z6_len3034431.region002","3249_Z6_len3034431",2,"3249_Z6__g006290--FGSG_02245..FSPOR_6819","3249_Z6__g006290--FGSG_02245..FSPOR_6819","other","N/A",1709305,1710276,-1
"NRRL3249","3249_Z6_len3034431.region002","3249_Z6_len3034431",2,"3249_Z6__g006291--FGSG_02244..FSPOR_6818","3249_Z6__g006291--FGSG_02244..FSPOR_6818","other","N/A",1711419,1714164,-1
"NRRL3249","3249_Z6_len3034431.region002","3249_Z6_len3034431",2,"AYR1","3249_Z6__g006289--FGSG_02247..FSPOR_6820","biosynthetic-additional","N/A",1706931,1707980,-1
"NRRL3249","3249_Z6_len3034431.region002","3249_Z6_len3034431",2,"SIT1_2","3249_Z6__g006283--FGSG_02252..FSPOR_6825","transport","N/A",1692166,1693926,-1
"NRRL3249","3249_Z6_len3034431.region002","3249_Z6_len3034431",2,"ZRT1_2","3249_Z6__g006288--FGSG_02248..FSPOR_6821","other","N/A",1704560,1706566,1
"NRRL3249","3249_Z6_len3034431.region003","3249_Z6_len3034431",3,"3249_Z6__g006575--FGSG_12039..FSPOR_1009","3249_Z6__g006575--FGSG_12039..FSPOR_1009","other","N/A",2513829,2519275,1
"NRRL3249","3249_Z6_len3034431.region003","3249_Z6_len3034431",3,"3249_Z6__g006576--FGSG_01963..FSPOR_1010","3249_Z6__g006576--FGSG_01963..FSPOR_1010","other","N/A",2519957,2521344,-1
"NRRL3249","3249_Z6_len3034431.region003","3249_Z6_len3034431",3,"3249_Z6__g006577--FGSG_01962..FSPOR_1011","3249_Z6__g006577--FGSG_01962..FSPOR_1011","biosynthetic-additional","N/A",2522379,2524430,1
"NRRL3249","3249_Z6_len3034431.region003","3249_Z6_len3034431",3,"3249_Z6__g006578--FSPOR_1012","3249_Z6__g006578--FSPOR_1012","other","N/A",2525487,2527334,1
"NRRL3249","3249_Z6_len3034431.region003","3249_Z6_len3034431",3,"3249_Z6__g006579--FSPOR_1013","3249_Z6__g006579--FSPOR_1013","other","N/A",2527862,2528621,-1
"NRRL3249","3249_Z6_len3034431.region003","3249_Z6_len3034431",3,"3249_Z6__g006581--FSPOR_1015","3249_Z6__g006581--FSPOR_1015","other","N/A",2540954,2541809,1
"NRRL3249","3249_Z6_len3034431.region003","3249_Z6_len3034431",3,"3249_Z6__g006582--FSPOR_1016","3249_Z6__g006582--FSPOR_1016","transport","N/A",2542304,2546410,-1
"NRRL3249","3249_Z6_len3034431.region003","3249_Z6_len3034431",3,"3249_Z6__g006583--FSPOR_1017","3249_Z6__g006583--FSPOR_1017","biosynthetic-additional","N/A",2547293,2549344,1
"NRRL3249","3249_Z6_len3034431.region003","3249_Z6_len3034431",3,"3249_Z6__g006585--FGSG_01960..FSPOR_1019","3249_Z6__g006585--FGSG_01960..FSPOR_1019","other","N/A",2578496,2578882,-1
"NRRL3249","3249_Z6_len3034431.region003","3249_Z6_len3034431",3,"3249_Z6__g006587--FGSG_01958..FSPOR_1021","3249_Z6__g006587--FGSG_01958..FSPOR_1021","biosynthetic-additional","N/A",2585404,2586012,1
"NRRL3249","3249_Z6_len3034431.region003","3249_Z6_len3034431",3,"3249_Z6__g006588--FGSG_01957..FSPOR_1022","3249_Z6__g006588--FGSG_01957..FSPOR_1022","other","N/A",2586255,2587258,-1
"NRRL3249","3249_Z6_len3034431.region003","3249_Z6_len3034431",3,"ANB1","3249_Z6__g006589--FGSG_01955..FSPOR_1024","other","N/A",2591655,2592542,-1
"NRRL3249","3249_Z6_len3034431.region003","3249_Z6_len3034431",3,"ERG5","3249_Z6__g006586--FGSG_01959..FSPOR_1020","biosynthetic-additional","N/A",2582779,2584624,1
"NRRL3249","3249_Z6_len3034431.region003","3249_Z6_len3034431",3,"NRPS32","3249_Z6__g006584--FGSG_13878..FSPOR_1018","biosynthetic","NRPS",2550941,2577843,1
"NRRL3249","3249_Z6_len3034431.region003","3249_Z6_len3034431",3,"PKS40","3249_Z6__g006580--FSPOR_1014","biosynthetic","T1PKS",2531949,2539835,-1
"NRRL3249","3249_Z6_len3034431.region003","3249_Z6_len3034431",3,"VPS52","3249_Z6__g006590--FGSG_01954..FSPOR_1025","other","N/A",2594260,2596345,1
"NRRL3249","3249_Z7_len2527853.region001","3249_Z7_len2527853",1,"3249_Z7__g006748--FGSG_01798..FSPOR_2667","3249_Z7__g006748--FGSG_01798..FSPOR_2667","other","N/A",92292,93065,1
"NRRL3249","3249_Z7_len2527853.region001","3249_Z7_len2527853",1,"3249_Z7__g006749--FGSG_01797..FSPOR_2668","3249_Z7__g006749--FGSG_01797..FSPOR_2668","other","N/A",93644,95088,1
"NRRL3249","3249_Z7_len2527853.region001","3249_Z7_len2527853",1,"3249_Z7__g006750--FGSG_01796..FSPOR_2669","3249_Z7__g006750--FGSG_01796..FSPOR_2669","biosynthetic-additional","N/A",95622,96329,-1
"NRRL3249","3249_Z7_len2527853.region001","3249_Z7_len2527853",1,"3249_Z7__g006751--FGSG_01794..FSPOR_2671","3249_Z7__g006751--FGSG_01794..FSPOR_2671","biosynthetic-additional","N/A",99584,100650,-1
"NRRL3249","3249_Z7_len2527853.region001","3249_Z7_len2527853",1,"3249_Z7__g006752--FGSG_01793..FSPOR_2672","3249_Z7__g006752--FGSG_01793..FSPOR_2672","other","N/A",101736,102375,-1
"NRRL3249","3249_Z7_len2527853.region001","3249_Z7_len2527853",1,"3249_Z7__g006753--FGSG_01792..FSPOR_2673","3249_Z7__g006753--FGSG_01792..FSPOR_2673","transport","N/A",102786,104555,1
"NRRL3249","3249_Z7_len2527853.region001","3249_Z7_len2527853",1,"3249_Z7__g006754--FGSG_01791..FSPOR_2674","3249_Z7__g006754--FGSG_01791..FSPOR_2674","other","N/A",105238,106630,-1
"NRRL3249","3249_Z7_len2527853.region001","3249_Z7_len2527853",1,"3249_Z7__g006755--FGSG_01790..FSPOR_2675","3249_Z7__g006755--FGSG_01790..FSPOR_2675","biosynthetic","T1PKS",107320,114914,-1
"NRRL3249","3249_Z7_len2527853.region001","3249_Z7_len2527853",1,"3249_Z7__g006756--FGSG_01789..FSPOR_2676","3249_Z7__g006756--FGSG_01789..FSPOR_2676","other","N/A",115523,117751,-1
"NRRL3249","3249_Z7_len2527853.region001","3249_Z7_len2527853",1,"3249_Z7__g006757","3249_Z7__g006757","other","N/A",120137,120499,1
"NRRL3249","3249_Z7_len2527853.region001","3249_Z7_len2527853",1,"3249_Z7__g006758--FGSG_01787..FSPOR_2677","3249_Z7__g006758--FGSG_01787..FSPOR_2677","other","N/A",121399,122202,1
"NRRL3249","3249_Z7_len2527853.region001","3249_Z7_len2527853",1,"3249_Z7__g006759--FGSG_01786..FSPOR_2678","3249_Z7__g006759--FGSG_01786..FSPOR_2678","biosynthetic-additional","N/A",122489,124422,-1
"NRRL3249","3249_Z7_len2527853.region001","3249_Z7_len2527853",1,"3249_Z7__g006760--FGSG_01785..FSPOR_2679","3249_Z7__g006760--FGSG_01785..FSPOR_2679","other","N/A",125040,126425,-1
"NRRL3249","3249_Z7_len2527853.region001","3249_Z7_len2527853",1,"3249_Z7__g006761--FGSG_01784..FSPOR_2680","3249_Z7__g006761--FGSG_01784..FSPOR_2680","other","N/A",127188,128372,-1
"NRRL3249","3249_Z7_len2527853.region001","3249_Z7_len2527853",1,"3249_Z7__g006762--FGSG_01782..FSPOR_2682","3249_Z7__g006762--FGSG_01782..FSPOR_2682","other","N/A",130633,131169,1
"NRRL3249","3249_Z7_len2527853.region001","3249_Z7_len2527853",1,"3249_Z7__g006763","3249_Z7__g006763","other","N/A",131344,132252,-1
"NRRL3249","3249_Z7_len2527853.region001","3249_Z7_len2527853",1,"3249_Z7__g006764--FGSG_01781..FSPOR_2683","3249_Z7__g006764--FGSG_01781..FSPOR_2683","other","N/A",132326,133588,-1
"NRRL3249","3249_Z7_len2527853.region002","3249_Z7_len2527853",2,"3249_Z7__g006848--FGSG_01685..FSPOR_10438","3249_Z7__g006848--FGSG_01685..FSPOR_10438","other","N/A",358620,360485,1
"NRRL3249","3249_Z7_len2527853.region002","3249_Z7_len2527853",2,"3249_Z7__g006849--FGSG_01686..FSPOR_10439","3249_Z7__g006849--FGSG_01686..FSPOR_10439","biosynthetic-additional","N/A",360880,362017,-1
"NRRL3249","3249_Z7_len2527853.region002","3249_Z7_len2527853",2,"3249_Z7__g006850--FGSG_01687..FSPOR_10440","3249_Z7__g006850--FGSG_01687..FSPOR_10440","other","N/A",363163,364123,1
"NRRL3249","3249_Z7_len2527853.region002","3249_Z7_len2527853",2,"3249_Z7__g006851--FGSG_01688..FSPOR_10441","3249_Z7__g006851--FGSG_01688..FSPOR_10441","other","N/A",364280,365107,-1
"NRRL3249","3249_Z7_len2527853.region002","3249_Z7_len2527853",2,"3249_Z7__g006852--FSPOR_10442","3249_Z7__g006852--FSPOR_10442","other","N/A",365499,366839,-1
"NRRL3249","3249_Z7_len2527853.region002","3249_Z7_len2527853",2,"3249_Z7__g006853--FSPOR_4925","3249_Z7__g006853--FSPOR_4925","other","N/A",368080,371367,1
"NRRL3249","3249_Z7_len2527853.region002","3249_Z7_len2527853",2,"3249_Z7__g006855--FGSG_01674..FSPOR_4923","3249_Z7__g006855--FGSG_01674..FSPOR_4923","other","N/A",378096,379014,-1
"NRRL3249","3249_Z7_len2527853.region002","3249_Z7_len2527853",2,"3249_Z7__g006856--FGSG_01673..FSPOR_4922","3249_Z7__g006856--FGSG_01673..FSPOR_4922","biosynthetic","fungal-RiPP-like",381117,382240,1
"NRRL3249","3249_Z7_len2527853.region002","3249_Z7_len2527853",2,"3249_Z7__g006859--FGSG_01670..FSPOR_4919","3249_Z7__g006859--FGSG_01670..FSPOR_4919","other","N/A",392200,392798,-1
"NRRL3249","3249_Z7_len2527853.region002","3249_Z7_len2527853",2,"3249_Z7__g006860--FGSG_01669..FSPOR_4918","3249_Z7__g006860--FGSG_01669..FSPOR_4918","other","N/A",393652,394430,-1
"NRRL3249","3249_Z7_len2527853.region002","3249_Z7_len2527853",2,"3249_Z7__g006861--FGSG_01668..FSPOR_4917","3249_Z7__g006861--FGSG_01668..FSPOR_4917","other","N/A",396537,397141,-1
"NRRL3249","3249_Z7_len2527853.region002","3249_Z7_len2527853",2,"3249_Z7__g006866--FGSG_01662..FSPOR_4913","3249_Z7__g006866--FGSG_01662..FSPOR_4913","transport","N/A",408307,410279,-1
"NRRL3249","3249_Z7_len2527853.region002","3249_Z7_len2527853",2,"ADI1_3","3249_Z7__g006864--FGSG_01665..FSPOR_4914","other","N/A",401781,404370,1
"NRRL3249","3249_Z7_len2527853.region002","3249_Z7_len2527853",2,"atl1","3249_Z7__g006847--FGSG_01689..FSPOR_10437","other","N/A",356456,356957,-1
"NRRL3249","3249_Z7_len2527853.region002","3249_Z7_len2527853",2,"DIP5","3249_Z7__g006854--FGSG_01675..FSPOR_4924","biosynthetic-additional","N/A",375623,377455,1
"NRRL3249","3249_Z7_len2527853.region002","3249_Z7_len2527853",2,"nmt1","3249_Z7__g006857--FGSG_01672..FSPOR_4921","other","N/A",383056,384191,-1
"NRRL3249","3249_Z7_len2527853.region002","3249_Z7_len2527853",2,"PHO88","3249_Z7__g006862--FGSG_01667..FSPOR_4916","other","N/A",398561,399283,1
"NRRL3249","3249_Z7_len2527853.region002","3249_Z7_len2527853",2,"RAD14","3249_Z7__g006863--FGSG_01666..FSPOR_4915","other","N/A",399771,401016,1
"NRRL3249","3249_Z7_len2527853.region002","3249_Z7_len2527853",2,"SIW14","3249_Z7__g006858--FGSG_01671..FSPOR_4920","other","N/A",389852,390868,1
"NRRL3249","3249_Z8_len1736631.region001","3249_Z8_len1736631",1,"3249_Z8__g007560--FGSG_08791..FSPOR_8623","3249_Z8__g007560--FGSG_08791..FSPOR_8623","other","N/A",201669,204561,1
"NRRL3249","3249_Z8_len1736631.region001","3249_Z8_len1736631",1,"3249_Z8__g007561--FGSG_08792..FSPOR_8624","3249_Z8__g007561--FGSG_08792..FSPOR_8624","other","N/A",205786,206188,1
"NRRL3249","3249_Z8_len1736631.region001","3249_Z8_len1736631",1,"3249_Z8__g007562--FGSG_08794..FSPOR_8626","3249_Z8__g007562--FGSG_08794..FSPOR_8626","transport","N/A",209048,210529,-1
"NRRL3249","3249_Z8_len1736631.region001","3249_Z8_len1736631",1,"3249_Z8__g007563--FGSG_08795..FSPOR_8627","3249_Z8__g007563--FGSG_08795..FSPOR_8627","biosynthetic","T1PKS",214743,222235,1
"NRRL3249","3249_Z8_len1736631.region001","3249_Z8_len1736631",1,"3249_Z8__g007565--FGSG_08796..FSPOR_8628","3249_Z8__g007565--FGSG_08796..FSPOR_8628","other","N/A",223111,224618,-1
"NRRL3249","3249_Z8_len1736631.region001","3249_Z8_len1736631",1,"3249_Z8__g007566--FGSG_08797..FSPOR_8629","3249_Z8__g007566--FGSG_08797..FSPOR_8629","other","N/A",226414,228452,1
"NRRL3249","3249_Z8_len1736631.region001","3249_Z8_len1736631",1,"3249_Z8__g007567--FGSG_08798..FSPOR_8630","3249_Z8__g007567--FGSG_08798..FSPOR_8630","other","N/A",229649,231232,-1
"NRRL3249","3249_Z8_len1736631.region001","3249_Z8_len1736631",1,"3249_Z8__g007568--FGSG_08799..FSPOR_8631","3249_Z8__g007568--FGSG_08799..FSPOR_8631","transport","N/A",232398,234026,1
"NRRL3249","3249_Z8_len1736631.region001","3249_Z8_len1736631",1,"3249_Z8__g007570--FGSG_08801..FSPOR_8633","3249_Z8__g007570--FGSG_08801..FSPOR_8633","other","N/A",238583,239435,1
"NRRL3249","3249_Z8_len1736631.region001","3249_Z8_len1736631",1,"3249_Z8__g007571--FGSG_08802..FSPOR_8634","3249_Z8__g007571--FGSG_08802..FSPOR_8634","transport","N/A",240211,241627,1
"NRRL3249","3249_Z8_len1736631.region001","3249_Z8_len1736631",1,"YAP1","3249_Z8__g007569--FGSG_08800..FSPOR_8632","other","N/A",235928,237799,1
"NRRL3249","3249_Z8_len1736631.region002","3249_Z8_len1736631",2,"3249_Z8__g008029--FGSG_03063..FSPOR_4849","3249_Z8__g008029--FGSG_03063..FSPOR_4849","other","N/A",1621928,1623539,1
"NRRL3249","3249_Z8_len1736631.region002","3249_Z8_len1736631",2,"3249_Z8__g008030--FGSG_03064..FSPOR_4848","3249_Z8__g008030--FGSG_03064..FSPOR_4848","other","N/A",1624175,1625191,-1
"NRRL3249","3249_Z8_len1736631.region002","3249_Z8_len1736631",2,"3249_Z8__g008031--FGSG_03065..FSPOR_4847","3249_Z8__g008031--FGSG_03065..FSPOR_4847","biosynthetic-additional","N/A",1626069,1627971,-1
"NRRL3249","3249_Z8_len1736631.region002","3249_Z8_len1736631",2,"3249_Z8__g008032--FGSG_03066..FSPOR_4846","3249_Z8__g008032--FGSG_03066..FSPOR_4846","biosynthetic","terpene",1628567,1630590,-1
"NRRL3249","3249_Z8_len1736631.region002","3249_Z8_len1736631",2,"3249_Z8__g008033--FGSG_03067..FSPOR_4845","3249_Z8__g008033--FGSG_03067..FSPOR_4845","other","N/A",1631870,1633600,1
"NRRL3249","3249_Z8_len1736631.region002","3249_Z8_len1736631",2,"3249_Z8__g008034--FGSG_03068..FSPOR_4844","3249_Z8__g008034--FGSG_03068..FSPOR_4844","other","N/A",1633869,1635551,-1
"NRRL3249","3249_Z8_len1736631.region002","3249_Z8_len1736631",2,"3249_Z8__g008035--FGSG_03069..FSPOR_4843","3249_Z8__g008035--FGSG_03069..FSPOR_4843","other","N/A",1637329,1638414,-1
"NRRL3249","3249_Z8_len1736631.region002","3249_Z8_len1736631",2,"3249_Z8__g008036--FGSG_03070..FSPOR_4842","3249_Z8__g008036--FGSG_03070..FSPOR_4842","other","N/A",1639484,1639852,-1
"NRRL3249","3249_Z9_len1564766.region001","3249_Z9_len1564766",1,"3249_Z9__g008074--FSPOR_11962","3249_Z9__g008074--FSPOR_11962","other","N/A",9515,10291,-1
"NRRL3249","3249_Z9_len1564766.region001","3249_Z9_len1564766",1,"3249_Z9__g008075--FGSG_10634..FSPOR_9953","3249_Z9__g008075--FGSG_10634..FSPOR_9953","other","N/A",11705,12500,-1
"NRRL3249","3249_Z9_len1564766.region001","3249_Z9_len1564766",1,"3249_Z9__g008077--FSPOR_10250","3249_Z9__g008077--FSPOR_10250","other","N/A",18494,22125,-1
"NRRL3249","3249_Z9_len1564766.region001","3249_Z9_len1564766",1,"3249_Z9__g008078","3249_Z9__g008078","other","N/A",22324,25159,1
"NRRL3249","3249_Z9_len1564766.region001","3249_Z9_len1564766",1,"3249_Z9__g008079--FSPOR_10243","3249_Z9__g008079--FSPOR_10243","other","N/A",25919,27310,-1
"NRRL3249","3249_Z9_len1564766.region001","3249_Z9_len1564766",1,"3249_Z9__g008080--FSPOR_10241","3249_Z9__g008080--FSPOR_10241","transport","N/A",31265,32957,-1
"NRRL3249","3249_Z9_len1564766.region001","3249_Z9_len1564766",1,"3249_Z9__g008081--FSPOR_10240","3249_Z9__g008081--FSPOR_10240","other","N/A",33663,34997,1
"NRRL3249","3249_Z9_len1564766.region001","3249_Z9_len1564766",1,"3249_Z9__g008082--FGSG_04662..FSPOR_10239","3249_Z9__g008082--FGSG_04662..FSPOR_10239","biosynthetic","fungal-RiPP-like",35355,36305,-1
"NRRL3249","3249_Z9_len1564766.region001","3249_Z9_len1564766",1,"3249_Z9__g008083--FGSG_12207..FSPOR_10238","3249_Z9__g008083--FGSG_12207..FSPOR_10238","other","N/A",36980,37251,1
"NRRL3249","3249_Z9_len1564766.region001","3249_Z9_len1564766",1,"3249_Z9__g008084--FGSG_02882..FSPOR_10237","3249_Z9__g008084--FGSG_02882..FSPOR_10237","other","N/A",38684,42208,1
"NRRL3249","3249_Z9_len1564766.region001","3249_Z9_len1564766",1,"3249_Z9__g008085--FSPOR_10236","3249_Z9__g008085--FSPOR_10236","transport","N/A",44456,46244,-1
"NRRL3249","3249_Z9_len1564766.region001","3249_Z9_len1564766",1,"3249_Z9__g008086--FSPOR_10235","3249_Z9__g008086--FSPOR_10235","other","N/A",46711,48107,1
"NRRL3249","3249_Z9_len1564766.region001","3249_Z9_len1564766",1,"3249_Z9__g008088--FSPOR_10233","3249_Z9__g008088--FSPOR_10233","other","N/A",50532,52060,1
"NRRL3249","3249_Z9_len1564766.region001","3249_Z9_len1564766",1,"3249_Z9__g008089--FSPOR_10232","3249_Z9__g008089--FSPOR_10232","transport","N/A",55666,57473,-1
"NRRL3249","3249_Z9_len1564766.region001","3249_Z9_len1564766",1,"3249_Z9__g008090--FSPOR_10231","3249_Z9__g008090--FSPOR_10231","other","N/A",58369,59933,-1
"NRRL3249","3249_Z9_len1564766.region001","3249_Z9_len1564766",1,"3249_Z9__g008091--FSPOR_10229","3249_Z9__g008091--FSPOR_10229","other","N/A",62909,64786,-1
"NRRL3249","3249_Z9_len1564766.region001","3249_Z9_len1564766",1,"3249_Z9__g008092--FSPOR_10228","3249_Z9__g008092--FSPOR_10228","other","N/A",65807,68543,1
"NRRL3249","3249_Z9_len1564766.region001","3249_Z9_len1564766",1,"3249_Z9__g008093--FGSG_02394..FSPOR_4542","3249_Z9__g008093--FGSG_02394..FSPOR_4542","biosynthetic","NRPS-like",71369,73849,-1
"NRRL3249","3249_Z9_len1564766.region001","3249_Z9_len1564766",1,"3249_Z9__g008095--FGSG_02399..FSPOR_4537","3249_Z9__g008095--FGSG_02399..FSPOR_4537","other","N/A",80061,81781,1
"NRRL3249","3249_Z9_len1564766.region001","3249_Z9_len1564766",1,"3249_Z9__g008096--FGSG_10669..FSPOR_4536","3249_Z9__g008096--FGSG_10669..FSPOR_4536","biosynthetic-additional","N/A",82595,84497,1
"NRRL3249","3249_Z9_len1564766.region001","3249_Z9_len1564766",1,"3249_Z9__g008097--FGSG_10670..FSPOR_4535","3249_Z9__g008097--FGSG_10670..FSPOR_4535","other","N/A",85311,86375,1
"NRRL3249","3249_Z9_len1564766.region001","3249_Z9_len1564766",1,"3249_Z9__g008099--FGSG_10672..FSPOR_4533","3249_Z9__g008099--FGSG_10672..FSPOR_4533","biosynthetic-additional","N/A",88106,88964,1
"NRRL3249","3249_Z9_len1564766.region001","3249_Z9_len1564766",1,"3249_Z9__g008100--FGSG_10673..FSPOR_4532","3249_Z9__g008100--FGSG_10673..FSPOR_4532","biosynthetic-additional","N/A",89507,91064,1
"NRRL3249","3249_Z9_len1564766.region001","3249_Z9_len1564766",1,"3249_Z9__g008101--FGSG_10674..FSPOR_4531","3249_Z9__g008101--FGSG_10674..FSPOR_4531","other","N/A",91905,93365,1
"NRRL3249","3249_Z9_len1564766.region001","3249_Z9_len1564766",1,"HRT2_2","3249_Z9__g008087--FSPOR_10234","other","N/A",48610,50031,-1
"NRRL3249","3249_Z9_len1564766.region001","3249_Z9_len1564766",1,"IPL1_1","3249_Z9__g008094","regulatory","N/A",78114,79347,1
"NRRL3249","3249_Z9_len1564766.region001","3249_Z9_len1564766",1,"LEU2_1","3249_Z9__g008098--FGSG_10671..FSPOR_4534","other","N/A",86486,87637,-1
"NRRL3249","3249_Z9_len1564766.region001","3249_Z9_len1564766",1,"TRX1_2","3249_Z9__g008076--FGSG_03946..FSPOR_10248","other","N/A",14400,14895,-1
"NRRL3249","3249_Z9_len1564766.region002","3249_Z9_len1564766",2,"3249_Z9__g008117--FGSG_10653..FSPOR_4519","3249_Z9__g008117--FGSG_10653..FSPOR_4519","other","N/A",129184,130125,-1
"NRRL3249","3249_Z9_len1564766.region002","3249_Z9_len1564766",2,"3249_Z9__g008118--FSPOR_4518","3249_Z9__g008118--FSPOR_4518","other","N/A",134613,135031,-1
"NRRL3249","3249_Z9_len1564766.region002","3249_Z9_len1564766",2,"3249_Z9__g008119--FSPOR_4517","3249_Z9__g008119--FSPOR_4517","other","N/A",136184,136771,-1
"NRRL3249","3249_Z9_len1564766.region002","3249_Z9_len1564766",2,"3249_Z9__g008120--FGSG_04615..FSPOR_4516","3249_Z9__g008120--FGSG_04615..FSPOR_4516","biosynthetic","CDPS",137854,138597,-1
"NRRL3249","3249_Z9_len1564766.region002","3249_Z9_len1564766",2,"3249_Z9__g008121--FSPOR_4515","3249_Z9__g008121--FSPOR_4515","transport","N/A",139454,140773,-1
"NRRL3249","3249_Z9_len1564766.region002","3249_Z9_len1564766",2,"3249_Z9__g008122","3249_Z9__g008122","other","N/A",145946,146443,1
"NRRL3249","3249_Z9_len1564766.region003","3249_Z9_len1564766",3,"3249_Z9__g008133--FGSG_10626..FSPOR_4501","3249_Z9__g008133--FGSG_10626..FSPOR_4501","other","N/A",186561,187502,-1
"NRRL3249","3249_Z9_len1564766.region003","3249_Z9_len1564766",3,"3249_Z9__g008134--FGSG_04745..FSPOR_4500","3249_Z9__g008134--FGSG_04745..FSPOR_4500","other","N/A",187835,188121,-1
"NRRL3249","3249_Z9_len1564766.region003","3249_Z9_len1564766",3,"3249_Z9__g008135--FSPOR_4499","3249_Z9__g008135--FSPOR_4499","other","N/A",188235,188991,-1
"NRRL3249","3249_Z9_len1564766.region003","3249_Z9_len1564766",3,"3249_Z9__g008136--FSPOR_4498","3249_Z9__g008136--FSPOR_4498","other","N/A",190923,191969,1
"NRRL3249","3249_Z9_len1564766.region003","3249_Z9_len1564766",3,"3249_Z9__g008137--FSPOR_4497","3249_Z9__g008137--FSPOR_4497","biosynthetic-additional","N/A",192101,193898,-1
"NRRL3249","3249_Z9_len1564766.region003","3249_Z9_len1564766",3,"3249_Z9__g008138--FSPOR_4496","3249_Z9__g008138--FSPOR_4496","other","N/A",197050,197556,-1
"NRRL3249","3249_Z9_len1564766.region003","3249_Z9_len1564766",3,"3249_Z9__g008139--FSPOR_4495","3249_Z9__g008139--FSPOR_4495","other","N/A",203847,204779,1
"NRRL3249","3249_Z9_len1564766.region003","3249_Z9_len1564766",3,"3249_Z9__g008140--FGSG_10617..FSPOR_4494","3249_Z9__g008140--FGSG_10617..FSPOR_4494","biosynthetic","NRPS-like",205890,209200,1
"NRRL3249","3249_Z9_len1564766.region003","3249_Z9_len1564766",3,"3249_Z9__g008141--FGSG_04682..FSPOR_4493","3249_Z9__g008141--FGSG_04682..FSPOR_4493","other","N/A",210007,211008,-1
"NRRL3249","3249_Z9_len1564766.region003","3249_Z9_len1564766",3,"3249_Z9__g008142--FGSG_10605..FSPOR_4491","3249_Z9__g008142--FGSG_10605..FSPOR_4491","other","N/A",213699,214361,-1
"NRRL3249","3249_Z9_len1564766.region003","3249_Z9_len1564766",3,"3249_Z9__g008143--FGSG_10604..FSPOR_4490","3249_Z9__g008143--FGSG_10604..FSPOR_4490","other","N/A",215220,216776,1
"NRRL3249","3249_Z9_len1564766.region003","3249_Z9_len1564766",3,"3249_Z9__g008144--FGSG_07815..FSPOR_4489","3249_Z9__g008144--FGSG_07815..FSPOR_4489","other","N/A",217356,218525,-1
"NRRL3249","3249_Z9_len1564766.region003","3249_Z9_len1564766",3,"3249_Z9__g008146--FGSG_12407..FSPOR_4487","3249_Z9__g008146--FGSG_12407..FSPOR_4487","biosynthetic-additional","N/A",221846,222325,1
"NRRL3249","3249_Z9_len1564766.region003","3249_Z9_len1564766",3,"3249_Z9__g008147--FSPOR_4486","3249_Z9__g008147--FSPOR_4486","other","N/A",225487,227222,1
"NRRL3249","3249_Z9_len1564766.region003","3249_Z9_len1564766",3,"3249_Z9__g008148--FSPOR_4485","3249_Z9__g008148--FSPOR_4485","other","N/A",227564,229132,1
"NRRL3249","3249_Z9_len1564766.region003","3249_Z9_len1564766",3,"ADY2","3249_Z9__g008145--FGSG_12406..FSPOR_4488","other","N/A",220569,221135,1
"NRRL3249","3249_Z9_len1564766.region004","3249_Z9_len1564766",4,"3249_Z9__g008263--FGSG_10529..FSPOR_10919","3249_Z9__g008263--FGSG_10529..FSPOR_10919","other","N/A",643798,645408,1
"NRRL3249","3249_Z9_len1564766.region004","3249_Z9_len1564766",4,"3249_Z9__g008264--FGSG_10528..FSPOR_10920","3249_Z9__g008264--FGSG_10528..FSPOR_10920","other","N/A",645861,648552,-1
"NRRL3249","3249_Z9_len1564766.region004","3249_Z9_len1564766",4,"3249_Z9__g008266--FGSG_10526..FSPOR_10922","3249_Z9__g008266--FGSG_10526..FSPOR_10922","other","N/A",652549,654915,-1
"NRRL3249","3249_Z9_len1564766.region004","3249_Z9_len1564766",4,"3249_Z9__g008269--FGSG_10523..FSPOR_10925","3249_Z9__g008269--FGSG_10523..FSPOR_10925","biosynthetic","NRPS",663359,671001,1
"NRRL3249","3249_Z9_len1564766.region004","3249_Z9_len1564766",4,"3249_Z9__g008270--FGSG_10522..FSPOR_10926","3249_Z9__g008270--FGSG_10522..FSPOR_10926","other","N/A",671512,674277,-1
"NRRL3249","3249_Z9_len1564766.region004","3249_Z9_len1564766",4,"3249_Z9__g008271--FGSG_10521..FSPOR_10927","3249_Z9__g008271--FGSG_10521..FSPOR_10927","biosynthetic-additional","N/A",676910,677815,-1
"NRRL3249","3249_Z9_len1564766.region004","3249_Z9_len1564766",4,"3249_Z9__g008272--FGSG_10520..FSPOR_10928","3249_Z9__g008272--FGSG_10520..FSPOR_10928","other","N/A",678475,680211,1
"NRRL3249","3249_Z9_len1564766.region004","3249_Z9_len1564766",4,"3249_Z9__g008274--FGSG_10517..FSPOR_10930","3249_Z9__g008274--FGSG_10517..FSPOR_10930","other","N/A",688334,690352,-1
"NRRL3249","3249_Z9_len1564766.region004","3249_Z9_len1564766",4,"SIT4_2","3249_Z9__g008267--FGSG_10524..FSPOR_10923","other","N/A",657344,660477,1
"NRRL3249","3249_Z9_len1564766.region004","3249_Z9_len1564766",4,"SIT4_3","3249_Z9__g008268--FSPOR_10924","other","N/A",661066,661584,1
"NRRL3249","3249_Z9_len1564766.region004","3249_Z9_len1564766",4,"SUB2_1","3249_Z9__g008265--FGSG_10525..FSPOR_10921","biosynthetic-additional","N/A",650349,651656,-1
"NRRL3249","3249_Z9_len1564766.region004","3249_Z9_len1564766",4,"YVH1","3249_Z9__g008273--FGSG_10516..FSPOR_10929","other","N/A",684707,685956,-1
