"Accession","chrm","region","locus_tag","gene","start_end_strand","excluded_from_cluster","cluster"
"NRRL3510","3510_Z1_len5549732",1,"3510_Z1__g000037--FGSG_12204..FSPOR_8049","3510_Z1__g000037--FGSG_12204..FSPOR_8049","complement(226..1271)","no","3510_Z1_len5549732.region001"
"NRRL3510","3510_Z1_len5549732",1,"3510_Z1__g000038--FGSG_08137..FSPOR_8051","3510_Z1__g000038--FGSG_08137..FSPOR_8051","complement(5688..6563)","no","3510_Z1_len5549732.region001"
"NRRL3510","3510_Z1_len5549732",1,"3510_Z1__g000039","3510_Z1__g000039","complement(15556..16684)","no","3510_Z1_len5549732.region001"
"NRRL3510","3510_Z1_len5549732",1,"3510_Z1__g000040","3510_Z1__g000040","17424..18825","no","3510_Z1_len5549732.region001"
"NRRL3510","3510_Z1_len5549732",1,"3510_Z1__g000041","3510_Z1__g000041","20001..24058","no","3510_Z1_len5549732.region001"
"NRRL3510","3510_Z1_len5549732",1,"3510_Z1__g000042","3510_Z1__g000042","24586..25287","no","3510_Z1_len5549732.region001"
"NRRL3510","3510_Z1_len5549732",1,"3510_Z1__g000043--FSPOR_8053","3510_Z1__g000043--FSPOR_8053","complement(29970..32002)","no","3510_Z1_len5549732.region001"
"NRRL3510","3510_Z1_len5549732",1,"3510_Z1__g000044--FGSG_04670..FSPOR_8054","3510_Z1__g000044--FGSG_04670..FSPOR_8054","complement(32627..34038)","no","3510_Z1_len5549732.region001"
"NRRL3510","3510_Z1_len5549732",1,"3510_Z1__g000045--FSPOR_8055","3510_Z1__g000045--FSPOR_8055","38195..38846","no","3510_Z1_len5549732.region001"
"NRRL3510","3510_Z1_len5549732",2,"3510_Z1__g000176--FGSG_09100..FSPOR_4330","3510_Z1__g000176--FGSG_09100..FSPOR_4330","1800..2135","no","3510_Z1_len5549732.region002"
"NRRL3510","3510_Z1_len5549732",2,"3510_Z1__g000177","3510_Z1__g000177","3514..3960","no","3510_Z1_len5549732.region002"
"NRRL3510","3510_Z1_len5549732",2,"3510_Z1__g000178--FGSG_04497..FSPOR_4331","3510_Z1__g000178--FGSG_04497..FSPOR_4331","4272..5402","no","3510_Z1_len5549732.region002"
"NRRL3510","3510_Z1_len5549732",2,"3510_Z1__g000179--FGSG_04501..FSPOR_4332","3510_Z1__g000179--FGSG_04501..FSPOR_4332","complement(6683..9325)","no","3510_Z1_len5549732.region002"
"NRRL3510","3510_Z1_len5549732",2,"3510_Z1__g000180--FGSG_09115..FSPOR_4333","3510_Z1__g000180--FGSG_09115..FSPOR_4333","complement(10314..11009)","no","3510_Z1_len5549732.region002"
"NRRL3510","3510_Z1_len5549732",2,"3510_Z1__g000181","3510_Z1__g000181","12643..13212","no","3510_Z1_len5549732.region002"
"NRRL3510","3510_Z1_len5549732",2,"3510_Z1__g000182--FGSG_11242..FSPOR_4336","3510_Z1__g000182--FGSG_11242..FSPOR_4336","complement(14001..17005)","no","3510_Z1_len5549732.region002"
"NRRL3510","3510_Z1_len5549732",2,"3510_Z1__g000183--FSPOR_4338","3510_Z1__g000183--FSPOR_4338","complement(22780..23373)","no","3510_Z1_len5549732.region002"
"NRRL3510","3510_Z1_len5549732",2,"3510_Z1__g000184","3510_Z1__g000184","26935..27024","yes","3510_Z1_len5549732.region002"
"NRRL3510","3510_Z1_len5549732",3,"3510_Z1__g000717--FGSG_03970..FSPOR_9815","3510_Z1__g000717--FGSG_03970..FSPOR_9815","complement(42..311)","no","3510_Z1_len5549732.region003"
"NRRL3510","3510_Z1_len5549732",3,"3510_Z1__g000718--FGSG_03969..FSPOR_9814","3510_Z1__g000718--FGSG_03969..FSPOR_9814","8175..9500","no","3510_Z1_len5549732.region003"
"NRRL3510","3510_Z1_len5549732",3,"3510_Z1__g000719--FGSG_03968..FSPOR_9813","3510_Z1__g000719--FGSG_03968..FSPOR_9813","complement(10000..11013)","no","3510_Z1_len5549732.region003"
"NRRL3510","3510_Z1_len5549732",3,"3510_Z1__g000720--FGSG_03966..FSPOR_9812","3510_Z1__g000720--FGSG_03966..FSPOR_9812","complement(13107..15415)","no","3510_Z1_len5549732.region003"
"NRRL3510","3510_Z1_len5549732",3,"3510_Z1__g000721--FSPOR_9811","3510_Z1__g000721--FSPOR_9811","16941..18364","no","3510_Z1_len5549732.region003"
"NRRL3510","3510_Z1_len5549732",3,"3510_Z1__g000722","3510_Z1__g000722","complement(18467..19919)","no","3510_Z1_len5549732.region003"
"NRRL3510","3510_Z1_len5549732",3,"3510_Z1__g000723--FSPOR_9810","3510_Z1__g000723--FSPOR_9810","complement(20001..26457)","no","3510_Z1_len5549732.region003"
"NRRL3510","3510_Z1_len5549732",3,"3510_Z1__g000724--FSPOR_9804","3510_Z1__g000724--FSPOR_9804","26551..27666","no","3510_Z1_len5549732.region003"
"NRRL3510","3510_Z1_len5549732",3,"3510_Z1__g000725--FGSG_03963..FSPOR_9803","3510_Z1__g000725--FGSG_03963..FSPOR_9803","28022..30041","no","3510_Z1_len5549732.region003"
"NRRL3510","3510_Z1_len5549732",3,"3510_Z1__g000726--FGSG_12362..FSPOR_9802","3510_Z1__g000726--FGSG_12362..FSPOR_9802","31864..33168","no","3510_Z1_len5549732.region003"
"NRRL3510","3510_Z1_len5549732",3,"3510_Z1__g000727--FGSG_10592..FSPOR_9801","3510_Z1__g000727--FGSG_10592..FSPOR_9801","34836..35257","no","3510_Z1_len5549732.region003"
"NRRL3510","3510_Z1_len5549732",3,"3510_Z1__g000728--FSPOR_9800","3510_Z1__g000728--FSPOR_9800","complement(35958..37166)","no","3510_Z1_len5549732.region003"
"NRRL3510","3510_Z1_len5549732",3,"3510_Z1__g000729--FSPOR_9799","3510_Z1__g000729--FSPOR_9799","39894..41099","no","3510_Z1_len5549732.region003"
"NRRL3510","3510_Z1_len5549732",3,"3510_Z1__g000730--FGSG_03962..FSPOR_1368","3510_Z1__g000730--FGSG_03962..FSPOR_1368","44890..46139","no","3510_Z1_len5549732.region003"
"NRRL3510","3510_Z1_len5549732",4,"3510_Z1__g000935--FGSG_03749..FSPOR_1162","3510_Z1__g000935--FGSG_03749..FSPOR_1162","1707..3213","no","3510_Z1_len5549732.region004"
"NRRL3510","3510_Z1_len5549732",4,"3510_Z1__g000936--FGSG_12387..FSPOR_1161","3510_Z1__g000936--FGSG_12387..FSPOR_1161","complement(3636..3957)","no","3510_Z1_len5549732.region004"
"NRRL3510","3510_Z1_len5549732",4,"3510_Z1__g000937","3510_Z1__g000937","5354..6113","no","3510_Z1_len5549732.region004"
"NRRL3510","3510_Z1_len5549732",4,"3510_Z1__g000938--FGSG_03750..FSPOR_1160","3510_Z1__g000938--FGSG_03750..FSPOR_1160","7013..7825","no","3510_Z1_len5549732.region004"
"NRRL3510","3510_Z1_len5549732",4,"3510_Z1__g000939--FGSG_03751..FSPOR_1159","3510_Z1__g000939--FGSG_03751..FSPOR_1159","complement(8189..10110)","no","3510_Z1_len5549732.region004"
"NRRL3510","3510_Z1_len5549732",4,"3510_Z1__g000940--FGSG_03752..FSPOR_1158","3510_Z1__g000940--FGSG_03752..FSPOR_1158","11286..12414","no","3510_Z1_len5549732.region004"
"NRRL3510","3510_Z1_len5549732",4,"3510_Z1__g000941--FGSG_12386..FSPOR_1157","3510_Z1__g000941--FGSG_12386..FSPOR_1157","complement(12575..13714)","no","3510_Z1_len5549732.region004"
"NRRL3510","3510_Z1_len5549732",4,"3510_Z1__g000942--FGSG_03748..FSPOR_1155","3510_Z1__g000942--FGSG_03748..FSPOR_1155","19056..19869","no","3510_Z1_len5549732.region004"
"NRRL3510","3510_Z1_len5549732",4,"NPS6","3510_Z1__g000943--FGSG_03747..FSPOR_1154","complement(20001..26266)","no","3510_Z1_len5549732.region004"
"NRRL3510","3510_Z1_len5549732",4,"3510_Z1__g000944--FGSG_03746..FSPOR_1153","3510_Z1__g000944--FGSG_03746..FSPOR_1153","complement(27624..28499)","no","3510_Z1_len5549732.region004"
"NRRL3510","3510_Z1_len5549732",4,"3510_Z1__g000945--FGSG_03745..FSPOR_1152","3510_Z1__g000945--FGSG_03745..FSPOR_1152","31070..32356","no","3510_Z1_len5549732.region004"
"NRRL3510","3510_Z1_len5549732",4,"3510_Z1__g000946--FGSG_03744..FSPOR_1151","3510_Z1__g000946--FGSG_03744..FSPOR_1151","34423..36369","no","3510_Z1_len5549732.region004"
"NRRL3510","3510_Z1_len5549732",4,"3510_Z1__g000947--FGSG_03743..FSPOR_1150","3510_Z1__g000947--FGSG_03743..FSPOR_1150","complement(36806..37770)","no","3510_Z1_len5549732.region004"
"NRRL3510","3510_Z1_len5549732",4,"3510_Z1__g000948","3510_Z1__g000948","38761..38860","yes","3510_Z1_len5549732.region004"
"NRRL3510","3510_Z1_len5549732",4,"3510_Z1__g000949--FGSG_03741..FSPOR_1149","3510_Z1__g000949--FGSG_03741..FSPOR_1149","40524..42334","no","3510_Z1_len5549732.region004"
"NRRL3510","3510_Z1_len5549732",4,"3510_Z1__g000950--FGSG_03742..FSPOR_1148","3510_Z1__g000950--FGSG_03742..FSPOR_1148","43641..46226","no","3510_Z1_len5549732.region004"
"NRRL3510","3510_Z1_len5549732",4,"3510_Z1__g000951--FGSG_12390..FSPOR_1146","3510_Z1__g000951--FGSG_12390..FSPOR_1146","complement(48571..50788)","no","3510_Z1_len5549732.region004"
"NRRL3510","3510_Z1_len5549732",4,"ATF1_4","3510_Z1__g000952--FGSG_03739..FSPOR_1145","complement(51667..53115)","no","3510_Z1_len5549732.region004"
"NRRL3510","3510_Z1_len5549732",4,"3510_Z1__g000953--FGSG_03738..FSPOR_1144","3510_Z1__g000953--FGSG_03738..FSPOR_1144","53853..54929","no","3510_Z1_len5549732.region004"
"NRRL3510","3510_Z1_len5549732",4,"3510_Z1__g000954--FGSG_03737..FSPOR_1143","3510_Z1__g000954--FGSG_03737..FSPOR_1143","complement(55248..57002)","no","3510_Z1_len5549732.region004"
"NRRL3510","3510_Z1_len5549732",4,"3510_Z1__g000955--FGSG_03736..FSPOR_1142","3510_Z1__g000955--FGSG_03736..FSPOR_1142","complement(58107..61894)","no","3510_Z1_len5549732.region004"
"NRRL3510","3510_Z1_len5549732",4,"CDR1_3","3510_Z1__g000956--FGSG_03735..FSPOR_1141","63675..70643","no","3510_Z1_len5549732.region004"
"NRRL3510","3510_Z1_len5549732",4,"3510_Z1__g000957--FGSG_03734..FSPOR_1139","3510_Z1__g000957--FGSG_03734..FSPOR_1139","70964..71642","no","3510_Z1_len5549732.region004"
"NRRL3510","3510_Z1_len5549732",4,"3510_Z1__g000958--FGSG_03732..FSPOR_1138","3510_Z1__g000958--FGSG_03732..FSPOR_1138","complement(71944..73872)","no","3510_Z1_len5549732.region004"
"NRRL3510","3510_Z1_len5549732",4,"3510_Z1__g000959--FGSG_03731..FSPOR_1137","3510_Z1__g000959--FGSG_03731..FSPOR_1137","complement(74691..75785)","no","3510_Z1_len5549732.region004"
"NRRL3510","3510_Z1_len5549732",4,"3510_Z1__g000960--FGSG_03730..FSPOR_1136","3510_Z1__g000960--FGSG_03730..FSPOR_1136","76663..78552","no","3510_Z1_len5549732.region004"
"NRRL3510","3510_Z1_len5549732",4,"3510_Z1__g000961--FGSG_03729..FSPOR_1135","3510_Z1__g000961--FGSG_03729..FSPOR_1135","complement(78950..80244)","no","3510_Z1_len5549732.region004"
"NRRL3510","3510_Z1_len5549732",4,"3510_Z1__g000962--FGSG_03728..FSPOR_1134","3510_Z1__g000962--FGSG_03728..FSPOR_1134","complement(81060..82162)","no","3510_Z1_len5549732.region004"
"NRRL3510","3510_Z1_len5549732",4,"3510_Z1__g000963--FGSG_03727..FSPOR_1133","3510_Z1__g000963--FGSG_03727..FSPOR_1133","complement(83231..85509)","no","3510_Z1_len5549732.region004"
"NRRL3510","3510_Z1_len5549732",4,"3510_Z1__g000964--FGSG_03726..FSPOR_1131","3510_Z1__g000964--FGSG_03726..FSPOR_1131","86579..88132","no","3510_Z1_len5549732.region004"
"NRRL3510","3510_Z1_len5549732",4,"3510_Z1__g000965","3510_Z1__g000965","complement(88329..88402)","yes","3510_Z1_len5549732.region004"
"NRRL3510","3510_Z1_len5549732",4,"3510_Z1__g000966--FGSG_03725..FSPOR_1130","3510_Z1__g000966--FGSG_03725..FSPOR_1130","90065..91840","no","3510_Z1_len5549732.region004"
"NRRL3510","3510_Z1_len5549732",4,"3510_Z1__g000967--FGSG_11311..FSPOR_1129","3510_Z1__g000967--FGSG_11311..FSPOR_1129","92678..93520","no","3510_Z1_len5549732.region004"
"NRRL3510","3510_Z1_len5549732",4,"3510_Z1__g000968","3510_Z1__g000968","94674..94748","yes","3510_Z1_len5549732.region004"
"NRRL3510","3510_Z1_len5549732",5,"TRI12","3510_Z1__g001157--FGSG_03540..FSPOR_6149","1928..3963","no","3510_Z1_len5549732.region005"
"NRRL3510","3510_Z1_len5549732",5,"TRI11","3510_Z1__g001158","4471..6196","no","3510_Z1_len5549732.region005"
"NRRL3510","3510_Z1_len5549732",5,"TRI10","3510_Z1__g001159--FGSG_03538..FSPOR_6148","complement(8045..9384)","no","3510_Z1_len5549732.region005"
"NRRL3510","3510_Z1_len5549732",5,"TRI5","3510_Z1__g001160--FGSG_03537..FSPOR_6147","complement(10001..11185)","no","3510_Z1_len5549732.region005"
"NRRL3510","3510_Z1_len5549732",5,"TRI4","3510_Z1__g001161--FGSG_03535..FSPOR_6146","15264..17006","no","3510_Z1_len5549732.region005"
"NRRL3510","3510_Z1_len5549732",5,"TRI3","3510_Z1__g001162--FGSG_03534..FSPOR_6145","complement(17771..19553)","no","3510_Z1_len5549732.region005"
"NRRL3510","3510_Z1_len5549732",6,"3510_Z1__g001198--FGSG_03498..FSPOR_1937","3510_Z1__g001198--FGSG_03498..FSPOR_1937","1030..2657","no","3510_Z1_len5549732.region006"
"NRRL3510","3510_Z1_len5549732",6,"3510_Z1__g001199--FGSG_03497..FSPOR_1936","3510_Z1__g001199--FGSG_03497..FSPOR_1936","3431..6497","no","3510_Z1_len5549732.region006"
"NRRL3510","3510_Z1_len5549732",6,"3510_Z1__g001200","3510_Z1__g001200","6738..6828","yes","3510_Z1_len5549732.region006"
"NRRL3510","3510_Z1_len5549732",6,"3510_Z1__g001201--FGSG_03495..FSPOR_1935","3510_Z1__g001201--FGSG_03495..FSPOR_1935","8075..9006","no","3510_Z1_len5549732.region006"
"NRRL3510","3510_Z1_len5549732",6,"3510_Z1__g001202--FGSG_03494..FSPOR_1934","3510_Z1__g001202--FGSG_03494..FSPOR_1934","complement(10001..11283)","no","3510_Z1_len5549732.region006"
"NRRL3510","3510_Z1_len5549732",6,"3510_Z1__g001203--FGSG_03493..FSPOR_1933","3510_Z1__g001203--FGSG_03493..FSPOR_1933","complement(13193..13573)","no","3510_Z1_len5549732.region006"
"NRRL3510","3510_Z1_len5549732",6,"3510_Z1__g001204--FGSG_03492..FSPOR_1932","3510_Z1__g001204--FGSG_03492..FSPOR_1932","complement(14739..15053)","no","3510_Z1_len5549732.region006"
"NRRL3510","3510_Z1_len5549732",6,"3510_Z1__g001205","3510_Z1__g001205","complement(16146..16598)","no","3510_Z1_len5549732.region006"
"NRRL3510","3510_Z1_len5549732",6,"3510_Z1__g001206--FGSG_03489..FSPOR_1931","3510_Z1__g001206--FGSG_03489..FSPOR_1931","complement(17225..18796)","no","3510_Z1_len5549732.region006"
"NRRL3510","3510_Z1_len5549732",7,"3510_Z1__g001349--FGSG_03346..FSPOR_3719","3510_Z1__g001349--FGSG_03346..FSPOR_3719","complement(4185..5975)","no","3510_Z1_len5549732.region007"
"NRRL3510","3510_Z1_len5549732",7,"3510_Z1__g001350--FGSG_03345..FSPOR_3720","3510_Z1__g001350--FGSG_03345..FSPOR_3720","6813..8692","no","3510_Z1_len5549732.region007"
"NRRL3510","3510_Z1_len5549732",7,"3510_Z1__g001351--FGSG_03344..FSPOR_3721","3510_Z1__g001351--FGSG_03344..FSPOR_3721","complement(8921..10196)","no","3510_Z1_len5549732.region007"
"NRRL3510","3510_Z1_len5549732",7,"3510_Z1__g001352--FGSG_03343..FSPOR_3722","3510_Z1__g001352--FGSG_03343..FSPOR_3722","complement(11050..14429)","no","3510_Z1_len5549732.region007"
"NRRL3510","3510_Z1_len5549732",7,"3510_Z1__g001353--FGSG_03342..FSPOR_3723","3510_Z1__g001353--FGSG_03342..FSPOR_3723","complement(15050..16015)","no","3510_Z1_len5549732.region007"
"NRRL3510","3510_Z1_len5549732",7,"3510_Z1__g001354--FGSG_03341..FSPOR_3724","3510_Z1__g001354--FGSG_03341..FSPOR_3724","18953..19486","no","3510_Z1_len5549732.region007"
"NRRL3510","3510_Z1_len5549732",7,"GPY1","3510_Z1__g001355--FGSG_03340..FSPOR_3725","complement(20001..28542)","no","3510_Z1_len5549732.region007"
"NRRL3510","3510_Z1_len5549732",7,"3510_Z1__g001356--FGSG_03339..FSPOR_3726","3510_Z1__g001356--FGSG_03339..FSPOR_3726","complement(30911..31410)","no","3510_Z1_len5549732.region007"
"NRRL3510","3510_Z1_len5549732",7,"3510_Z1__g001357--FGSG_03338..FSPOR_3727","3510_Z1__g001357--FGSG_03338..FSPOR_3727","complement(33735..34243)","no","3510_Z1_len5549732.region007"
"NRRL3510","3510_Z1_len5549732",7,"3510_Z1__g001358--FGSG_03337..FSPOR_11522","3510_Z1__g001358--FGSG_03337..FSPOR_11522","complement(35664..36431)","no","3510_Z1_len5549732.region007"
"NRRL3510","3510_Z1_len5549732",7,"3510_Z1__g001359--FGSG_03334..FSPOR_11523","3510_Z1__g001359--FGSG_03334..FSPOR_11523","39941..40481","no","3510_Z1_len5549732.region007"
"NRRL3510","3510_Z1_len5549732",7,"3510_Z1__g001360--FGSG_03333..FSPOR_9267","3510_Z1__g001360--FGSG_03333..FSPOR_9267","complement(40770..41864)","no","3510_Z1_len5549732.region007"
"NRRL3510","3510_Z1_len5549732",7,"3510_Z1__g001361--FGSG_03332..FSPOR_9266","3510_Z1__g001361--FGSG_03332..FSPOR_9266","complement(42654..43956)","no","3510_Z1_len5549732.region007"
"NRRL3510","3510_Z1_len5549732",7,"3510_Z1__g001362","3510_Z1__g001362","complement(45514..45585)","yes","3510_Z1_len5549732.region007"
"NRRL3510","3510_Z1_len5549732",7,"3510_Z1__g001363--FGSG_03330..FSPOR_5956","3510_Z1__g001363--FGSG_03330..FSPOR_5956","45990..47538","no","3510_Z1_len5549732.region007"
"NRRL3510","3510_Z1_len5549732",8,"3510_Z1__g001425","3510_Z1__g001425","complement(213..310)","yes","3510_Z1_len5549732.region008"
"NRRL3510","3510_Z1_len5549732",8,"3510_Z1__g001426--FGSG_03265..FSPOR_5893","3510_Z1__g001426--FGSG_03265..FSPOR_5893","complement(1520..2791)","no","3510_Z1_len5549732.region008"
"NRRL3510","3510_Z1_len5549732",8,"3510_Z1__g001427--FGSG_03264..FSPOR_5892","3510_Z1__g001427--FGSG_03264..FSPOR_5892","complement(5092..6249)","no","3510_Z1_len5549732.region008"
"NRRL3510","3510_Z1_len5549732",8,"3510_Z1__g001428--FGSG_03263..FSPOR_5891","3510_Z1__g001428--FGSG_03263..FSPOR_5891","complement(8071..9624)","no","3510_Z1_len5549732.region008"
"NRRL3510","3510_Z1_len5549732",8,"3510_Z1__g001429--FGSG_03262..FSPOR_5890","3510_Z1__g001429--FGSG_03262..FSPOR_5890","complement(10174..11223)","no","3510_Z1_len5549732.region008"
"NRRL3510","3510_Z1_len5549732",8,"3510_Z1__g001430--FGSG_03261..FSPOR_5889","3510_Z1__g001430--FGSG_03261..FSPOR_5889","12774..14259","no","3510_Z1_len5549732.region008"
"NRRL3510","3510_Z1_len5549732",8,"3510_Z1__g001431--FGSG_03260..FSPOR_5888","3510_Z1__g001431--FGSG_03260..FSPOR_5888","complement(14483..16164)","no","3510_Z1_len5549732.region008"
"NRRL3510","3510_Z1_len5549732",8,"3510_Z1__g001432--FGSG_03259..FSPOR_5887","3510_Z1__g001432--FGSG_03259..FSPOR_5887","complement(16516..17856)","no","3510_Z1_len5549732.region008"
"NRRL3510","3510_Z1_len5549732",8,"3510_Z1__g001433--FGSG_03258..FSPOR_5886","3510_Z1__g001433--FGSG_03258..FSPOR_5886","complement(18579..19605)","no","3510_Z1_len5549732.region008"
"NRRL3510","3510_Z1_len5549732",8,"3510_Z1__g001434--FGSG_03257..FSPOR_5885","3510_Z1__g001434--FGSG_03257..FSPOR_5885","complement(20001..22817)","no","3510_Z1_len5549732.region008"
"NRRL3510","3510_Z1_len5549732",8,"3510_Z1__g001435--FGSG_03256..FSPOR_5884","3510_Z1__g001435--FGSG_03256..FSPOR_5884","23670..24574","no","3510_Z1_len5549732.region008"
"NRRL3510","3510_Z1_len5549732",8,"3510_Z1__g001436--FGSG_03255..FSPOR_5883","3510_Z1__g001436--FGSG_03255..FSPOR_5883","25404..26447","no","3510_Z1_len5549732.region008"
"NRRL3510","3510_Z1_len5549732",8,"3510_Z1__g001437--FGSG_03252..FSPOR_5882","3510_Z1__g001437--FGSG_03252..FSPOR_5882","complement(26801..30817)","no","3510_Z1_len5549732.region008"
"NRRL3510","3510_Z1_len5549732",8,"3510_Z1__g001438--FGSG_03251..FSPOR_5881","3510_Z1__g001438--FGSG_03251..FSPOR_5881","33978..34939","no","3510_Z1_len5549732.region008"
"NRRL3510","3510_Z1_len5549732",8,"3510_Z1__g001439--FGSG_03250..FSPOR_5880","3510_Z1__g001439--FGSG_03250..FSPOR_5880","complement(35445..36868)","no","3510_Z1_len5549732.region008"
"NRRL3510","3510_Z1_len5549732",8,"GUT2","3510_Z1__g001440--FGSG_03249..FSPOR_5879","complement(39048..41158)","no","3510_Z1_len5549732.region008"
"NRRL3510","3510_Z1_len5549732",9,"3510_Z1__g001601--FGSG_03070..FSPOR_4842","3510_Z1__g001601--FGSG_03070..FSPOR_4842","742..1110","no","3510_Z1_len5549732.region009"
"NRRL3510","3510_Z1_len5549732",9,"3510_Z1__g001602--FGSG_03069..FSPOR_4843","3510_Z1__g001602--FGSG_03069..FSPOR_4843","2180..3265","no","3510_Z1_len5549732.region009"
"NRRL3510","3510_Z1_len5549732",9,"3510_Z1__g001603--FGSG_03068..FSPOR_4844","3510_Z1__g001603--FGSG_03068..FSPOR_4844","4044..5463","no","3510_Z1_len5549732.region009"
"NRRL3510","3510_Z1_len5549732",9,"3510_Z1__g001604--FGSG_03067..FSPOR_4845","3510_Z1__g001604--FGSG_03067..FSPOR_4845","complement(6995..9161)","no","3510_Z1_len5549732.region009"
"NRRL3510","3510_Z1_len5549732",9,"3510_Z1__g001605--FGSG_03066..FSPOR_4846","3510_Z1__g001605--FGSG_03066..FSPOR_4846","10001..12024","no","3510_Z1_len5549732.region009"
"NRRL3510","3510_Z1_len5549732",9,"3510_Z1__g001606--FGSG_03065..FSPOR_4847","3510_Z1__g001606--FGSG_03065..FSPOR_4847","12620..14523","no","3510_Z1_len5549732.region009"
"NRRL3510","3510_Z1_len5549732",9,"3510_Z1__g001607--FGSG_03064..FSPOR_4848","3510_Z1__g001607--FGSG_03064..FSPOR_4848","15401..16417","no","3510_Z1_len5549732.region009"
"NRRL3510","3510_Z1_len5549732",9,"3510_Z1__g001608--FGSG_03063..FSPOR_4849","3510_Z1__g001608--FGSG_03063..FSPOR_4849","complement(17053..18664)","no","3510_Z1_len5549732.region009"
"NRRL3510","3510_Z11_len902690",1,"3510_Z11__g008939--FGSG_01660..FSPOR_4911","3510_Z11__g008939--FGSG_01660..FSPOR_4911","complement(281..1110)","no","3510_Z11_len902690.region001"
"NRRL3510","3510_Z11_len902690",1,"3510_Z11__g008940--FGSG_01661..FSPOR_4912","3510_Z11__g008940--FGSG_01661..FSPOR_4912","complement(2236..3481)","no","3510_Z11_len902690.region001"
"NRRL3510","3510_Z11_len902690",1,"3510_Z11__g008941--FGSG_01662..FSPOR_4913","3510_Z11__g008941--FGSG_01662..FSPOR_4913","4912..6884","no","3510_Z11_len902690.region001"
"NRRL3510","3510_Z11_len902690",1,"3510_Z11__g008942","3510_Z11__g008942","7437..7508","yes","3510_Z11_len902690.region001"
"NRRL3510","3510_Z11_len902690",1,"ADI1_1","3510_Z11__g008943--FGSG_01665..FSPOR_4914","complement(7888..10477)","no","3510_Z11_len902690.region001"
"NRRL3510","3510_Z11_len902690",1,"RAD14","3510_Z11__g008944--FGSG_01666..FSPOR_4915","complement(11242..12487)","no","3510_Z11_len902690.region001"
"NRRL3510","3510_Z11_len902690",1,"PHO88","3510_Z11__g008945--FGSG_01667..FSPOR_4916","complement(12975..13697)","no","3510_Z11_len902690.region001"
"NRRL3510","3510_Z11_len902690",1,"3510_Z11__g008946--FGSG_01669..FSPOR_4918","3510_Z11__g008946--FGSG_01669..FSPOR_4918","17822..18600","no","3510_Z11_len902690.region001"
"NRRL3510","3510_Z11_len902690",1,"3510_Z11__g008947--FGSG_01670..FSPOR_4919","3510_Z11__g008947--FGSG_01670..FSPOR_4919","19453..20051","no","3510_Z11_len902690.region001"
"NRRL3510","3510_Z11_len902690",1,"SIW14","3510_Z11__g008948--FGSG_01671..FSPOR_4920","complement(21378..21912)","no","3510_Z11_len902690.region001"
"NRRL3510","3510_Z11_len902690",1,"nmt1","3510_Z11__g008949--FGSG_01672..FSPOR_4921","28133..29190","no","3510_Z11_len902690.region001"
"NRRL3510","3510_Z11_len902690",1,"3510_Z11__g008950--FGSG_01673..FSPOR_4922","3510_Z11__g008950--FGSG_01673..FSPOR_4922","complement(30001..31123)","no","3510_Z11_len902690.region001"
"NRRL3510","3510_Z11_len902690",1,"3510_Z11__g008951--FGSG_01674..FSPOR_4923","3510_Z11__g008951--FGSG_01674..FSPOR_4923","33232..34151","no","3510_Z11_len902690.region001"
"NRRL3510","3510_Z11_len902690",1,"DIP5","3510_Z11__g008952--FGSG_01675..FSPOR_4924","complement(34801..36635)","no","3510_Z11_len902690.region001"
"NRRL3510","3510_Z11_len902690",1,"3510_Z11__g008953--FSPOR_4925","3510_Z11__g008953--FSPOR_4925","complement(40858..44259)","no","3510_Z11_len902690.region001"
"NRRL3510","3510_Z11_len902690",1,"3510_Z11__g008954--FSPOR_10442","3510_Z11__g008954--FSPOR_10442","45829..46693","no","3510_Z11_len902690.region001"
"NRRL3510","3510_Z11_len902690",1,"3510_Z11__g008955--FGSG_01688..FSPOR_10441","3510_Z11__g008955--FGSG_01688..FSPOR_10441","47275..47594","no","3510_Z11_len902690.region001"
"NRRL3510","3510_Z11_len902690",1,"3510_Z11__g008956--FGSG_01686..FSPOR_10439","3510_Z11__g008956--FGSG_01686..FSPOR_10439","50248..51385","no","3510_Z11_len902690.region001"
"NRRL3510","3510_Z11_len902690",1,"3510_Z11__g008957--FGSG_01685..FSPOR_10438","3510_Z11__g008957--FGSG_01685..FSPOR_10438","complement(51776..53641)","no","3510_Z11_len902690.region001"
"NRRL3510","3510_Z11_len902690",1,"atl1","3510_Z11__g008958--FGSG_01689..FSPOR_10437","55303..55804","no","3510_Z11_len902690.region001"
"NRRL3510","3510_Z14_len754641",1,"3510_Z14__g009583--FGSG_08791..FSPOR_8623","3510_Z14__g009583--FGSG_08791..FSPOR_8623","7020..9914","no","3510_Z14_len754641.region001"
"NRRL3510","3510_Z14_len754641",1,"3510_Z14__g009584--FGSG_08792..FSPOR_8624","3510_Z14__g009584--FGSG_08792..FSPOR_8624","11139..11541","no","3510_Z14_len754641.region001"
"NRRL3510","3510_Z14_len754641",1,"3510_Z14__g009585--FGSG_08793..FSPOR_8625","3510_Z14__g009585--FGSG_08793..FSPOR_8625","complement(11603..12565)","no","3510_Z14_len754641.region001"
"NRRL3510","3510_Z14_len754641",1,"3510_Z14__g009586--FGSG_08794..FSPOR_8626","3510_Z14__g009586--FGSG_08794..FSPOR_8626","complement(14306..15787)","no","3510_Z14_len754641.region001"
"NRRL3510","3510_Z14_len754641",1,"3510_Z14__g009587--FGSG_08795..FSPOR_8627","3510_Z14__g009587--FGSG_08795..FSPOR_8627","20001..27493","no","3510_Z14_len754641.region001"
"NRRL3510","3510_Z14_len754641",1,"3510_Z14__g009588","3510_Z14__g009588","complement(28013..28094)","yes","3510_Z14_len754641.region001"
"NRRL3510","3510_Z14_len754641",1,"3510_Z14__g009589--FGSG_08796..FSPOR_8628","3510_Z14__g009589--FGSG_08796..FSPOR_8628","complement(28369..29469)","no","3510_Z14_len754641.region001"
"NRRL3510","3510_Z14_len754641",1,"3510_Z14__g009590","3510_Z14__g009590","30393..30730","no","3510_Z14_len754641.region001"
"NRRL3510","3510_Z14_len754641",1,"3510_Z14__g009591--FGSG_08797..FSPOR_8629","3510_Z14__g009591--FGSG_08797..FSPOR_8629","31691..33729","no","3510_Z14_len754641.region001"
"NRRL3510","3510_Z14_len754641",1,"3510_Z14__g009592--FGSG_08798..FSPOR_8630","3510_Z14__g009592--FGSG_08798..FSPOR_8630","complement(34926..36509)","no","3510_Z14_len754641.region001"
"NRRL3510","3510_Z14_len754641",1,"3510_Z14__g009593--FGSG_08799..FSPOR_8631","3510_Z14__g009593--FGSG_08799..FSPOR_8631","37675..39303","no","3510_Z14_len754641.region001"
"NRRL3510","3510_Z14_len754641",1,"YAP1","3510_Z14__g009594--FGSG_08800..FSPOR_8632","41206..43077","no","3510_Z14_len754641.region001"
"NRRL3510","3510_Z14_len754641",1,"3510_Z14__g009595--FGSG_08801..FSPOR_8633","3510_Z14__g009595--FGSG_08801..FSPOR_8633","43861..44713","no","3510_Z14_len754641.region001"
"NRRL3510","3510_Z14_len754641",1,"3510_Z14__g009596--FGSG_08802..FSPOR_8634","3510_Z14__g009596--FGSG_08802..FSPOR_8634","45487..46903","no","3510_Z14_len754641.region001"
"NRRL3510","3510_Z16_len693917",1,"3510_Z16__g009948--FGSG_09178..FSPOR_158","3510_Z16__g009948--FGSG_09178..FSPOR_158","3307..5822","no","3510_Z16_len693917.region001"
"NRRL3510","3510_Z16_len693917",1,"3510_Z16__g009949--FGSG_09179..FSPOR_157","3510_Z16__g009949--FGSG_09179..FSPOR_157","6622..7182","no","3510_Z16_len693917.region001"
"NRRL3510","3510_Z16_len693917",1,"3510_Z16__g009950--FGSG_09180..FSPOR_156","3510_Z16__g009950--FGSG_09180..FSPOR_156","7809..9730","no","3510_Z16_len693917.region001"
"NRRL3510","3510_Z16_len693917",1,"3510_Z16__g009951--FGSG_09181..FSPOR_155","3510_Z16__g009951--FGSG_09181..FSPOR_155","10294..11970","no","3510_Z16_len693917.region001"
"NRRL3510","3510_Z16_len693917",1,"FSR1","3510_Z16__g009952--FGSG_09182..FSPOR_154","complement(12339..19478)","no","3510_Z16_len693917.region001"
"NRRL3510","3510_Z16_len693917",1,"FSR2","3510_Z16__g009953--FGSG_09183..FSPOR_153","20131..21358","no","3510_Z16_len693917.region001"
"NRRL3510","3510_Z16_len693917",1,"FSR3","3510_Z16__g009954--FGSG_09184..FSPOR_152","complement(21779..23471)","no","3510_Z16_len693917.region001"
"NRRL3510","3510_Z16_len693917",1,"3510_Z16__g009955--FGSG_09185..FSPOR_150","3510_Z16__g009955--FGSG_09185..FSPOR_150","complement(26267..28030)","no","3510_Z16_len693917.region001"
"NRRL3510","3510_Z16_len693917",1,"FSR4","3510_Z16__g009956--FGSG_09186..FSPOR_149","complement(28418..29545)","no","3510_Z16_len693917.region001"
"NRRL3510","3510_Z16_len693917",1,"FSR5","3510_Z16__g009957--FGSG_09187..FSPOR_148","complement(30302..31102)","no","3510_Z16_len693917.region001"
"NRRL3510","3510_Z16_len693917",1,"3510_Z16__g009958--FGSG_09189..FSPOR_146","3510_Z16__g009958--FGSG_09189..FSPOR_146","34456..35668","no","3510_Z16_len693917.region001"
"NRRL3510","3510_Z16_len693917",1,"3510_Z16__g009959","3510_Z16__g009959","36155..38609","no","3510_Z16_len693917.region001"
"NRRL3510","3510_Z16_len693917",2,"3510_Z16__g010150--FGSG_09379..FSPOR_6274","3510_Z16__g010150--FGSG_09379..FSPOR_6274","2870..5056","no","3510_Z16_len693917.region002"
"NRRL3510","3510_Z16_len693917",2,"CAJ1","3510_Z16__g010151--FGSG_09380..FSPOR_6273","complement(6148..7887)","no","3510_Z16_len693917.region002"
"NRRL3510","3510_Z16_len693917",2,"ERG9","3510_Z16__g010152--FGSG_09381..FSPOR_6272","10001..11546","no","3510_Z16_len693917.region002"
"NRRL3510","3510_Z16_len693917",2,"3510_Z16__g010153--FGSG_09382..FSPOR_6271","3510_Z16__g010153--FGSG_09382..FSPOR_6271","complement(12656..14156)","no","3510_Z16_len693917.region002"
"NRRL3510","3510_Z16_len693917",2,"3510_Z16__g010154--FGSG_09383..FSPOR_6270","3510_Z16__g010154--FGSG_09383..FSPOR_6270","18871..19610","no","3510_Z16_len693917.region002"
"NRRL3510","3510_Z18_len629002",1,"3510_Z18__g010427--FSPOR_5252","3510_Z18__g010427--FSPOR_5252","complement(1212..2687)","no","3510_Z18_len629002.region001"
"NRRL3510","3510_Z18_len629002",1,"3510_Z18__g010428--FSPOR_5253","3510_Z18__g010428--FSPOR_5253","complement(4272..6022)","no","3510_Z18_len629002.region001"
"NRRL3510","3510_Z18_len629002",1,"3510_Z18__g010429--FGSG_04704..FSPOR_5254","3510_Z18__g010429--FGSG_04704..FSPOR_5254","complement(7842..8650)","no","3510_Z18_len629002.region001"
"NRRL3510","3510_Z18_len629002",1,"3510_Z18__g010430","3510_Z18__g010430","complement(10564..11827)","no","3510_Z18_len629002.region001"
"NRRL3510","3510_Z18_len629002",1,"3510_Z18__g010431--FGSG_08009..FSPOR_5255","3510_Z18__g010431--FGSG_08009..FSPOR_5255","complement(12759..14217)","no","3510_Z18_len629002.region001"
"NRRL3510","3510_Z18_len629002",1,"3510_Z18__g010432--FGSG_13458..FSPOR_5256","3510_Z18__g010432--FGSG_13458..FSPOR_5256","15182..16844","no","3510_Z18_len629002.region001"
"NRRL3510","3510_Z18_len629002",1,"AMD2","3510_Z18__g010433--FSPOR_5257","17790..19801","no","3510_Z18_len629002.region001"
"NRRL3510","3510_Z18_len629002",1,"APF1","3510_Z18__g010434--FSPOR_5258","complement(20001..35435)","no","3510_Z18_len629002.region001"
"NRRL3510","3510_Z18_len629002",1,"APF11","3510_Z18__g010435--FSPOR_5259","36141..38124","no","3510_Z18_len629002.region001"
"NRRL3510","3510_Z18_len629002",1,"3510_Z18__g010436--FSPOR_5260","3510_Z18__g010436--FSPOR_5260","38575..39327","no","3510_Z18_len629002.region001"
"NRRL3510","3510_Z18_len629002",1,"APF9","3510_Z18__g010437--FSPOR_5261","complement(40125..41999)","no","3510_Z18_len629002.region001"
"NRRL3510","3510_Z18_len629002",1,"APF8","3510_Z18__g010438","complement(43116..43563)","no","3510_Z18_len629002.region001"
"NRRL3510","3510_Z18_len629002",1,"APF7","3510_Z18__g010439--FSPOR_5262","45123..46404","no","3510_Z18_len629002.region001"
"NRRL3510","3510_Z18_len629002",1,"APF12","3510_Z18__g010440--FSPOR_5264","complement(46600..50984)","no","3510_Z18_len629002.region001"
"NRRL3510","3510_Z18_len629002",2,"3510_Z18__g010477--FSPOR_6473","3510_Z18__g010477--FSPOR_6473","1843..2798","no","3510_Z18_len629002.region002"
"NRRL3510","3510_Z18_len629002",2,"3510_Z18__g010478--FGSG_11571..FSPOR_6472","3510_Z18__g010478--FGSG_11571..FSPOR_6472","4035..5734","no","3510_Z18_len629002.region002"
"NRRL3510","3510_Z18_len629002",2,"3510_Z18__g010479--FSPOR_6471","3510_Z18__g010479--FSPOR_6471","complement(6939..8296)","no","3510_Z18_len629002.region002"
"NRRL3510","3510_Z18_len629002",2,"3510_Z18__g010480--FSPOR_6470","3510_Z18__g010480--FSPOR_6470","8755..10246","no","3510_Z18_len629002.region002"
"NRRL3510","3510_Z18_len629002",2,"3510_Z18__g010481--FGSG_10702..FSPOR_6465","3510_Z18__g010481--FGSG_10702..FSPOR_6465","20001..23072","no","3510_Z18_len629002.region002"
"NRRL3510","3510_Z18_len629002",2,"3510_Z18__g010482","3510_Z18__g010482","complement(24531..26132)","no","3510_Z18_len629002.region002"
"NRRL3510","3510_Z18_len629002",2,"3510_Z18__g010483","3510_Z18__g010483","complement(28371..29867)","no","3510_Z18_len629002.region002"
"NRRL3510","3510_Z18_len629002",2,"3510_Z18__g010484","3510_Z18__g010484","complement(31756..32295)","no","3510_Z18_len629002.region002"
"NRRL3510","3510_Z18_len629002",2,"3510_Z18__g010485","3510_Z18__g010485","34392..35670","no","3510_Z18_len629002.region002"
"NRRL3510","3510_Z18_len629002",2,"3510_Z18__g010486","3510_Z18__g010486","36006..37091","no","3510_Z18_len629002.region002"
"NRRL3510","3510_Z18_len629002",2,"3510_Z18__g010487","3510_Z18__g010487","complement(41605..42894)","no","3510_Z18_len629002.region002"
"NRRL3510","3510_Z19_len628163",1,"3510_Z19__g010526--FSPOR_10250","3510_Z19__g010526--FSPOR_10250","1048..5271","no","3510_Z19_len628163.region001"
"NRRL3510","3510_Z19_len628163",1,"3510_Z19__g010527--FSPOR_10249","3510_Z19__g010527--FSPOR_10249","complement(5402..6178)","no","3510_Z19_len628163.region001"
"NRRL3510","3510_Z19_len628163",1,"TRX1_4","3510_Z19__g010528--FGSG_03946..FSPOR_10248","10810..11231","no","3510_Z19_len628163.region001"
"NRRL3510","3510_Z19_len628163",1,"3510_Z19__g010529--FSPOR_10246","3510_Z19__g010529--FSPOR_10246","complement(14133..14987)","no","3510_Z19_len628163.region001"
"NRRL3510","3510_Z19_len628163",1,"3510_Z19__g010530--FSPOR_10245","3510_Z19__g010530--FSPOR_10245","15702..16838","no","3510_Z19_len628163.region001"
"NRRL3510","3510_Z19_len628163",1,"3510_Z19__g010531--FSPOR_10244","3510_Z19__g010531--FSPOR_10244","complement(17595..18392)","no","3510_Z19_len628163.region001"
"NRRL3510","3510_Z19_len628163",1,"3510_Z19__g010532--FSPOR_10243","3510_Z19__g010532--FSPOR_10243","complement(21329..22720)","no","3510_Z19_len628163.region001"
"NRRL3510","3510_Z19_len628163",1,"3510_Z19__g010533--FSPOR_10242","3510_Z19__g010533--FSPOR_10242","25251..25832","no","3510_Z19_len628163.region001"
"NRRL3510","3510_Z19_len628163",1,"3510_Z19__g010534--FSPOR_10241","3510_Z19__g010534--FSPOR_10241","complement(25911..27763)","no","3510_Z19_len628163.region001"
"NRRL3510","3510_Z19_len628163",1,"3510_Z19__g010535--FSPOR_10240","3510_Z19__g010535--FSPOR_10240","28309..29643","no","3510_Z19_len628163.region001"
"NRRL3510","3510_Z19_len628163",1,"3510_Z19__g010536--FGSG_04662..FSPOR_10239","3510_Z19__g010536--FGSG_04662..FSPOR_10239","complement(30001..30951)","no","3510_Z19_len628163.region001"
"NRRL3510","3510_Z19_len628163",1,"3510_Z19__g010537--FGSG_12207..FSPOR_10238","3510_Z19__g010537--FGSG_12207..FSPOR_10238","31626..31897","no","3510_Z19_len628163.region001"
"NRRL3510","3510_Z19_len628163",1,"3510_Z19__g010538--FGSG_02882..FSPOR_10237","3510_Z19__g010538--FGSG_02882..FSPOR_10237","33330..36854","no","3510_Z19_len628163.region001"
"NRRL3510","3510_Z19_len628163",1,"3510_Z19__g010539--FSPOR_10236","3510_Z19__g010539--FSPOR_10236","complement(39102..40890)","no","3510_Z19_len628163.region001"
"NRRL3510","3510_Z19_len628163",1,"3510_Z19__g010540--FSPOR_10235","3510_Z19__g010540--FSPOR_10235","41357..42753","no","3510_Z19_len628163.region001"
"NRRL3510","3510_Z19_len628163",1,"HRT2_2","3510_Z19__g010541--FSPOR_10234","complement(43256..44677)","no","3510_Z19_len628163.region001"
"NRRL3510","3510_Z19_len628163",1,"3510_Z19__g010542--FSPOR_10233","3510_Z19__g010542--FSPOR_10233","45178..46706","no","3510_Z19_len628163.region001"
"NRRL3510","3510_Z19_len628163",1,"3510_Z19__g010543--FSPOR_10232","3510_Z19__g010543--FSPOR_10232","complement(51592..53399)","no","3510_Z19_len628163.region001"
"NRRL3510","3510_Z19_len628163",1,"3510_Z19__g010544--FSPOR_10231","3510_Z19__g010544--FSPOR_10231","complement(54330..55894)","no","3510_Z19_len628163.region001"
"NRRL3510","3510_Z19_len628163",1,"3510_Z19__g010545--FSPOR_10229","3510_Z19__g010545--FSPOR_10229","complement(58870..60747)","no","3510_Z19_len628163.region001"
"NRRL3510","3510_Z19_len628163",1,"3510_Z19__g010546--FSPOR_10228","3510_Z19__g010546--FSPOR_10228","61768..64504","no","3510_Z19_len628163.region001"
"NRRL3510","3510_Z19_len628163",1,"3510_Z19__g010547--FGSG_02394..FSPOR_4542","3510_Z19__g010547--FGSG_02394..FSPOR_4542","complement(67336..73982)","no","3510_Z19_len628163.region001"
"NRRL3510","3510_Z19_len628163",1,"3510_Z19__g010548--FSPOR_4541","3510_Z19__g010548--FSPOR_4541","76753..77834","no","3510_Z19_len628163.region001"
"NRRL3510","3510_Z19_len628163",1,"ZEA1","3510_Z19__g010549--FGSG_02395..FSPOR_4540","complement(78295..84615)","no","3510_Z19_len628163.region001"
"NRRL3510","3510_Z19_len628163",1,"ZEA2","3510_Z19__g010550--FGSG_12126..FSPOR_4539","85749..93115","no","3510_Z19_len628163.region001"
"NRRL3510","3510_Z19_len628163",1,"ZEB1","3510_Z19__g010551","93722..95661","no","3510_Z19_len628163.region001"
"NRRL3510","3510_Z19_len628163",1,"ZEB2","3510_Z19__g010552--FGSG_02398..FSPOR_4538","complement(95779..97075)","no","3510_Z19_len628163.region001"
"NRRL3510","3510_Z19_len628163",1,"IPL1_2","3510_Z19__g010553","99383..100246","no","3510_Z19_len628163.region001"
"NRRL3510","3510_Z19_len628163",1,"3510_Z19__g010554--FGSG_02399..FSPOR_4537","3510_Z19__g010554--FGSG_02399..FSPOR_4537","100960..102680","no","3510_Z19_len628163.region001"
"NRRL3510","3510_Z19_len628163",1,"3510_Z19__g010555--FGSG_10669..FSPOR_4536","3510_Z19__g010555--FGSG_10669..FSPOR_4536","103494..105396","no","3510_Z19_len628163.region001"
"NRRL3510","3510_Z19_len628163",1,"3510_Z19__g010556--FGSG_10670..FSPOR_4535","3510_Z19__g010556--FGSG_10670..FSPOR_4535","106210..107274","no","3510_Z19_len628163.region001"
"NRRL3510","3510_Z19_len628163",1,"LEU2_2","3510_Z19__g010557--FGSG_10671..FSPOR_4534","complement(107385..108536)","no","3510_Z19_len628163.region001"
"NRRL3510","3510_Z19_len628163",1,"3510_Z19__g010558--FGSG_10672..FSPOR_4533","3510_Z19__g010558--FGSG_10672..FSPOR_4533","109005..109863","no","3510_Z19_len628163.region001"
"NRRL3510","3510_Z19_len628163",1,"3510_Z19__g010559--FGSG_10673..FSPOR_4532","3510_Z19__g010559--FGSG_10673..FSPOR_4532","110406..111963","no","3510_Z19_len628163.region001"
"NRRL3510","3510_Z19_len628163",2,"3510_Z19__g010573--FGSG_10653..FSPOR_4519","3510_Z19__g010573--FGSG_10653..FSPOR_4519","complement(1523..2272)","no","3510_Z19_len628163.region002"
"NRRL3510","3510_Z19_len628163",2,"3510_Z19__g010574--FSPOR_4518","3510_Z19__g010574--FSPOR_4518","complement(6762..7180)","no","3510_Z19_len628163.region002"
"NRRL3510","3510_Z19_len628163",2,"3510_Z19__g010575--FSPOR_4517","3510_Z19__g010575--FSPOR_4517","complement(8331..8918)","no","3510_Z19_len628163.region002"
"NRRL3510","3510_Z19_len628163",2,"3510_Z19__g010576--FGSG_04615..FSPOR_4516","3510_Z19__g010576--FGSG_04615..FSPOR_4516","complement(10001..10744)","no","3510_Z19_len628163.region002"
"NRRL3510","3510_Z19_len628163",2,"3510_Z19__g010577--FSPOR_4515","3510_Z19__g010577--FSPOR_4515","complement(11601..12920)","no","3510_Z19_len628163.region002"
"NRRL3510","3510_Z19_len628163",3,"3510_Z19__g010588--FGSG_10626..FSPOR_4501","3510_Z19__g010588--FGSG_10626..FSPOR_4501","complement(426..1367)","no","3510_Z19_len628163.region003"
"NRRL3510","3510_Z19_len628163",3,"3510_Z19__g010589--FGSG_04745..FSPOR_4500","3510_Z19__g010589--FGSG_04745..FSPOR_4500","complement(1700..1986)","no","3510_Z19_len628163.region003"
"NRRL3510","3510_Z19_len628163",3,"3510_Z19__g010590--FSPOR_4498","3510_Z19__g010590--FSPOR_4498","5045..6091","no","3510_Z19_len628163.region003"
"NRRL3510","3510_Z19_len628163",3,"3510_Z19__g010591--FSPOR_4497","3510_Z19__g010591--FSPOR_4497","complement(6223..8020)","no","3510_Z19_len628163.region003"
"NRRL3510","3510_Z19_len628163",3,"3510_Z19__g010592--FSPOR_4496","3510_Z19__g010592--FSPOR_4496","complement(11162..11668)","no","3510_Z19_len628163.region003"
"NRRL3510","3510_Z19_len628163",3,"3510_Z19__g010593--FSPOR_4495","3510_Z19__g010593--FSPOR_4495","17958..18890","no","3510_Z19_len628163.region003"
"NRRL3510","3510_Z19_len628163",3,"3510_Z19__g010594--FGSG_10617..FSPOR_4494","3510_Z19__g010594--FGSG_10617..FSPOR_4494","20001..23311","no","3510_Z19_len628163.region003"
"NRRL3510","3510_Z19_len628163",3,"3510_Z19__g010595--FGSG_04682..FSPOR_4493","3510_Z19__g010595--FGSG_04682..FSPOR_4493","complement(24118..25119)","no","3510_Z19_len628163.region003"
"NRRL3510","3510_Z19_len628163",3,"3510_Z19__g010596--FGSG_10605..FSPOR_4491","3510_Z19__g010596--FGSG_10605..FSPOR_4491","complement(27811..28473)","no","3510_Z19_len628163.region003"
"NRRL3510","3510_Z19_len628163",3,"3510_Z19__g010597--FGSG_10604..FSPOR_4490","3510_Z19__g010597--FGSG_10604..FSPOR_4490","29086..30888","no","3510_Z19_len628163.region003"
"NRRL3510","3510_Z19_len628163",3,"3510_Z19__g010598--FGSG_07815..FSPOR_4489","3510_Z19__g010598--FGSG_07815..FSPOR_4489","complement(31468..32637)","no","3510_Z19_len628163.region003"
"NRRL3510","3510_Z19_len628163",3,"ADY2","3510_Z19__g010599--FGSG_12406..FSPOR_4488","34681..35608","no","3510_Z19_len628163.region003"
"NRRL3510","3510_Z19_len628163",3,"3510_Z19__g010600--FGSG_12407..FSPOR_4487","3510_Z19__g010600--FGSG_12407..FSPOR_4487","35958..36427","no","3510_Z19_len628163.region003"
"NRRL3510","3510_Z19_len628163",3,"3510_Z19__g010601--FSPOR_4486","3510_Z19__g010601--FSPOR_4486","39570..41305","no","3510_Z19_len628163.region003"
"NRRL3510","3510_Z19_len628163",3,"3510_Z19__g010602--FSPOR_4485","3510_Z19__g010602--FSPOR_4485","41996..43216","no","3510_Z19_len628163.region003"
"NRRL3510","3510_Z19_len628163",3,"3510_Z19__g010603--FSPOR_4484","3510_Z19__g010603--FSPOR_4484","complement(43258..47458)","no","3510_Z19_len628163.region003"
"NRRL3510","3510_Z19_len628163",3,"3510_Z19__g010604--FSPOR_4483","3510_Z19__g010604--FSPOR_4483","49088..50230","no","3510_Z19_len628163.region003"
"NRRL3510","3510_Z19_len628163",3,"3510_Z19__g010605--FGSG_13795..FSPOR_4482","3510_Z19__g010605--FGSG_13795..FSPOR_4482","51404..52776","no","3510_Z19_len628163.region003"
"NRRL3510","3510_Z19_len628163",3,"3510_Z19__g010606--FGSG_11659..FSPOR_4481","3510_Z19__g010606--FGSG_11659..FSPOR_4481","complement(54199..63936)","no","3510_Z19_len628163.region003"
"NRRL3510","3510_Z19_len628163",3,"3510_Z19__g010607--FSPOR_4480","3510_Z19__g010607--FSPOR_4480","66451..67620","no","3510_Z19_len628163.region003"
"NRRL3510","3510_Z19_len628163",3,"3510_Z19__g010608--FSPOR_4479","3510_Z19__g010608--FSPOR_4479","68826..70516","no","3510_Z19_len628163.region003"
"NRRL3510","3510_Z19_len628163",3,"3510_Z19__g010609--FSPOR_4478","3510_Z19__g010609--FSPOR_4478","complement(73045..77345)","no","3510_Z19_len628163.region003"
"NRRL3510","3510_Z19_len628163",3,"3510_Z19__g010610--FSPOR_4477","3510_Z19__g010610--FSPOR_4477","79781..80441","no","3510_Z19_len628163.region003"
"NRRL3510","3510_Z2_len4194245",1,"3510_Z2__g001982--FGSG_06468..FSPOR_384","3510_Z2__g001982--FGSG_06468..FSPOR_384","complement(1744..3413)","no","3510_Z2_len4194245.region001"
"NRRL3510","3510_Z2_len4194245",1,"3510_Z2__g001983--FGSG_06466..FSPOR_385","3510_Z2__g001983--FGSG_06466..FSPOR_385","9144..9920","no","3510_Z2_len4194245.region001"
"NRRL3510","3510_Z2_len4194245",1,"3510_Z2__g001984--FGSG_06465..FSPOR_386","3510_Z2__g001984--FGSG_06465..FSPOR_386","complement(10108..11200)","no","3510_Z2_len4194245.region001"
"NRRL3510","3510_Z2_len4194245",1,"3510_Z2__g001985--FGSG_06464..FSPOR_387","3510_Z2__g001985--FGSG_06464..FSPOR_387","15052..16660","no","3510_Z2_len4194245.region001"
"NRRL3510","3510_Z2_len4194245",1,"3510_Z2__g001986--FGSG_06463..FSPOR_388","3510_Z2__g001986--FGSG_06463..FSPOR_388","17536..19574","no","3510_Z2_len4194245.region001"
"NRRL3510","3510_Z2_len4194245",1,"3510_Z2__g001987--FGSG_06462..FSPOR_389","3510_Z2__g001987--FGSG_06462..FSPOR_389","complement(20001..25043)","no","3510_Z2_len4194245.region001"
"NRRL3510","3510_Z2_len4194245",1,"3510_Z2__g001988--FGSG_06486..FSPOR_390","3510_Z2__g001988--FGSG_06486..FSPOR_390","38104..41709","no","3510_Z2_len4194245.region001"
"NRRL3510","3510_Z2_len4194245",2,"3510_Z2__g002018--FGSG_06501..FSPOR_3294","3510_Z2__g002018--FGSG_06501..FSPOR_3294","complement(277..1893)","no","3510_Z2_len4194245.region002"
"NRRL3510","3510_Z2_len4194245",2,"rio1","3510_Z2__g002019--FGSG_06502..FSPOR_3293","3739..5466","no","3510_Z2_len4194245.region002"
"NRRL3510","3510_Z2_len4194245",2,"3510_Z2__g002020--FGSG_06503..FSPOR_3292","3510_Z2__g002020--FGSG_06503..FSPOR_3292","complement(6296..8246)","no","3510_Z2_len4194245.region002"
"NRRL3510","3510_Z2_len4194245",2,"3510_Z2__g002021--FGSG_06504..FSPOR_3291","3510_Z2__g002021--FGSG_06504..FSPOR_3291","10138..14351","no","3510_Z2_len4194245.region002"
"NRRL3510","3510_Z2_len4194245",2,"3510_Z2__g002022--FGSG_06505..FSPOR_3290","3510_Z2__g002022--FGSG_06505..FSPOR_3290","complement(14870..15700)","no","3510_Z2_len4194245.region002"
"NRRL3510","3510_Z2_len4194245",2,"3510_Z2__g002023--FGSG_06506..FSPOR_3289","3510_Z2__g002023--FGSG_06506..FSPOR_3289","complement(17135..18067)","no","3510_Z2_len4194245.region002"
"NRRL3510","3510_Z2_len4194245",2,"3510_Z2__g002024--FGSG_06507..FSPOR_3288","3510_Z2__g002024--FGSG_06507..FSPOR_3288","complement(20001..23849)","no","3510_Z2_len4194245.region002"
"NRRL3510","3510_Z2_len4194245",2,"LYP1_2","3510_Z2__g002025--FGSG_06508..FSPOR_3287","complement(27126..28673)","no","3510_Z2_len4194245.region002"
"NRRL3510","3510_Z2_len4194245",2,"PNS1","3510_Z2__g002026--FGSG_06509..FSPOR_3286","32383..34031","no","3510_Z2_len4194245.region002"
"NRRL3510","3510_Z2_len4194245",2,"ATG17","3510_Z2__g002027--FGSG_06510..FSPOR_3285","complement(34558..36178)","no","3510_Z2_len4194245.region002"
"NRRL3510","3510_Z2_len4194245",2,"3510_Z2__g002028--FGSG_06511..FSPOR_3284","3510_Z2__g002028--FGSG_06511..FSPOR_3284","complement(37003..39950)","no","3510_Z2_len4194245.region002"
"NRRL3510","3510_Z2_len4194245",2,"3510_Z2__g002029--FGSG_06512..FSPOR_3283","3510_Z2__g002029--FGSG_06512..FSPOR_3283","43343..43806","no","3510_Z2_len4194245.region002"
"NRRL3510","3510_Z2_len4194245",3,"3510_Z2__g002143--FGSG_12950..FSPOR_631","3510_Z2__g002143--FGSG_12950..FSPOR_631","complement(370..1455)","no","3510_Z2_len4194245.region003"
"NRRL3510","3510_Z2_len4194245",3,"BIM1","3510_Z2__g002144--FGSG_06627..FSPOR_632","complement(2884..3941)","no","3510_Z2_len4194245.region003"
"NRRL3510","3510_Z2_len4194245",3,"DRS1","3510_Z2__g002145--FGSG_06628..FSPOR_633","4540..6976","no","3510_Z2_len4194245.region003"
"NRRL3510","3510_Z2_len4194245",3,"3510_Z2__g002146--FGSG_06629..FSPOR_634","3510_Z2__g002146--FGSG_06629..FSPOR_634","complement(7390..8084)","no","3510_Z2_len4194245.region003"
"NRRL3510","3510_Z2_len4194245",3,"LEU4","3510_Z2__g002147--FGSG_12952..FSPOR_635","complement(10001..12135)","no","3510_Z2_len4194245.region003"
"NRRL3510","3510_Z2_len4194245",3,"3510_Z2__g002148--FGSG_06630..FSPOR_636","3510_Z2__g002148--FGSG_06630..FSPOR_636","13535..16033","no","3510_Z2_len4194245.region003"
"NRRL3510","3510_Z2_len4194245",3,"3510_Z2__g002149","3510_Z2__g002149","16220..16301","yes","3510_Z2_len4194245.region003"
"NRRL3510","3510_Z2_len4194245",3,"3510_Z2__g002150--FGSG_06631..FSPOR_637","3510_Z2__g002150--FGSG_06631..FSPOR_637","complement(16688..22499)","no","3510_Z2_len4194245.region003"
"NRRL3510","3510_Z2_len4194245",3,"3510_Z2__g002151--FGSG_06632..FSPOR_638","3510_Z2__g002151--FGSG_06632..FSPOR_638","24421..26715","no","3510_Z2_len4194245.region003"
"NRRL3510","3510_Z2_len4194245",3,"PDE1","3510_Z2__g002152--FGSG_06633..FSPOR_639","28848..30630","no","3510_Z2_len4194245.region003"
"NRRL3510","3510_Z2_len4194245",3,"3510_Z2__g002153--FGSG_06634..FSPOR_640","3510_Z2__g002153--FGSG_06634..FSPOR_640","complement(30946..31809)","no","3510_Z2_len4194245.region003"
"NRRL3510","3510_Z2_len4194245",4,"3510_Z2__g002580--FGSG_07056..FSPOR_9602","3510_Z2__g002580--FGSG_07056..FSPOR_9602","complement(2394..3485)","no","3510_Z2_len4194245.region004"
"NRRL3510","3510_Z2_len4194245",4,"3510_Z2__g002581--FGSG_07057..FSPOR_9603","3510_Z2__g002581--FGSG_07057..FSPOR_9603","5054..5900","no","3510_Z2_len4194245.region004"
"NRRL3510","3510_Z2_len4194245",4,"BNA1","3510_Z2__g002582--FGSG_07058..FSPOR_9604","complement(5972..6660)","no","3510_Z2_len4194245.region004"
"NRRL3510","3510_Z2_len4194245",4,"CTR2","3510_Z2__g002583--FGSG_07059..FSPOR_9605","7344..7980","no","3510_Z2_len4194245.region004"
"NRRL3510","3510_Z2_len4194245",4,"PCD1","3510_Z2__g002584--FGSG_07060..FSPOR_9606","complement(8563..9870)","no","3510_Z2_len4194245.region004"
"NRRL3510","3510_Z2_len4194245",4,"3510_Z2__g002585--FGSG_07061..FSPOR_9607","3510_Z2__g002585--FGSG_07061..FSPOR_9607","complement(10494..11828)","no","3510_Z2_len4194245.region004"
"NRRL3510","3510_Z2_len4194245",4,"ERD1","3510_Z2__g002586--FGSG_07062..FSPOR_9608","complement(13210..14082)","no","3510_Z2_len4194245.region004"
"NRRL3510","3510_Z2_len4194245",4,"3510_Z2__g002587--FGSG_07063..FSPOR_9609","3510_Z2__g002587--FGSG_07063..FSPOR_9609","16329..17252","no","3510_Z2_len4194245.region004"
"NRRL3510","3510_Z2_len4194245",4,"3510_Z2__g002588--FGSG_07064..FSPOR_9610","3510_Z2__g002588--FGSG_07064..FSPOR_9610","23117..26879","no","3510_Z2_len4194245.region004"
"NRRL3510","3510_Z2_len4194245",4,"3510_Z2__g002589--FGSG_07065..FSPOR_9611","3510_Z2__g002589--FGSG_07065..FSPOR_9611","complement(27675..28961)","no","3510_Z2_len4194245.region004"
"NRRL3510","3510_Z2_len4194245",4,"3510_Z2__g002590--FGSG_07066..FSPOR_9612","3510_Z2__g002590--FGSG_07066..FSPOR_9612","complement(30001..30941)","no","3510_Z2_len4194245.region004"
"NRRL3510","3510_Z2_len4194245",4,"UME6","3510_Z2__g002591--FGSG_07067..FSPOR_9613","complement(33810..35937)","no","3510_Z2_len4194245.region004"
"NRRL3510","3510_Z2_len4194245",4,"3510_Z2__g002592--FGSG_07068..FSPOR_9614","3510_Z2__g002592--FGSG_07068..FSPOR_9614","46973..49508","no","3510_Z2_len4194245.region004"
"NRRL3510","3510_Z2_len4194245",4,"3510_Z2__g002593--FGSG_07069..FSPOR_9615","3510_Z2__g002593--FGSG_07069..FSPOR_9615","complement(50959..51913)","no","3510_Z2_len4194245.region004"
"NRRL3510","3510_Z2_len4194245",4,"3510_Z2__g002594--FGSG_07070..FSPOR_9616","3510_Z2__g002594--FGSG_07070..FSPOR_9616","52696..53932","no","3510_Z2_len4194245.region004"
"NRRL3510","3510_Z2_len4194245",4,"3510_Z2__g002595--FGSG_07071..FSPOR_9617","3510_Z2__g002595--FGSG_07071..FSPOR_9617","complement(54702..56078)","no","3510_Z2_len4194245.region004"
"NRRL3510","3510_Z2_len4194245",4,"3510_Z2__g002596--FGSG_07072..FSPOR_9618","3510_Z2__g002596--FGSG_07072..FSPOR_9618","complement(58493..58904)","no","3510_Z2_len4194245.region004"
"NRRL3510","3510_Z22_len496714",1,"3510_Z22__g011114--FGSG_07670..FSPOR_1778","3510_Z22__g011114--FGSG_07670..FSPOR_1778","complement(1025..1859)","no","3510_Z22_len496714.region001"
"NRRL3510","3510_Z22_len496714",1,"3510_Z22__g011115--FGSG_07671..FSPOR_1777","3510_Z22__g011115--FGSG_07671..FSPOR_1777","complement(2384..3763)","no","3510_Z22_len496714.region001"
"NRRL3510","3510_Z22_len496714",1,"3510_Z22__g011116--FGSG_07672..FSPOR_1776","3510_Z22__g011116--FGSG_07672..FSPOR_1776","complement(7610..9001)","no","3510_Z22_len496714.region001"
"NRRL3510","3510_Z22_len496714",1,"3510_Z22__g011117--FGSG_07673..FSPOR_1775","3510_Z22__g011117--FGSG_07673..FSPOR_1775","10001..11019","no","3510_Z22_len496714.region001"
"NRRL3510","3510_Z22_len496714",1,"3510_Z22__g011118--FGSG_13181..FSPOR_1773","3510_Z22__g011118--FGSG_13181..FSPOR_1773","14291..14884","no","3510_Z22_len496714.region001"
"NRRL3510","3510_Z22_len496714",1,"3510_Z22__g011119--FGSG_13182..FSPOR_1772","3510_Z22__g011119--FGSG_13182..FSPOR_1772","complement(15115..15693)","no","3510_Z22_len496714.region001"
"NRRL3510","3510_Z22_len496714",1,"3510_Z22__g011120--FSPOR_1771","3510_Z22__g011120--FSPOR_1771","complement(16305..16817)","no","3510_Z22_len496714.region001"
"NRRL3510","3510_Z22_len496714",1,"3510_Z22__g011121--FGSG_13184..FSPOR_1769","3510_Z22__g011121--FGSG_13184..FSPOR_1769","complement(18273..19256)","no","3510_Z22_len496714.region001"
"NRRL3510","3510_Z22_len496714",2,"3510_Z22__g011171--FSPOR_1720","3510_Z22__g011171--FSPOR_1720","749..1112","no","3510_Z22_len496714.region002"
"NRRL3510","3510_Z22_len496714",2,"3510_Z22__g011172--FGSG_13202..FSPOR_1719","3510_Z22__g011172--FGSG_13202..FSPOR_1719","3507..4481","no","3510_Z22_len496714.region002"
"NRRL3510","3510_Z22_len496714",2,"3510_Z22__g011173--FGSG_07728..FSPOR_1718","3510_Z22__g011173--FGSG_07728..FSPOR_1718","5046..5754","no","3510_Z22_len496714.region002"
"NRRL3510","3510_Z22_len496714",2,"3510_Z22__g011174--FGSG_07756..FSPOR_1717","3510_Z22__g011174--FGSG_07756..FSPOR_1717","9985..11607","no","3510_Z22_len496714.region002"
"NRRL3510","3510_Z22_len496714",2,"3510_Z22__g011175--FGSG_07757..FSPOR_1716","3510_Z22__g011175--FGSG_07757..FSPOR_1716","complement(11781..13111)","no","3510_Z22_len496714.region002"
"NRRL3510","3510_Z22_len496714",2,"PAN5_2","3510_Z22__g011176--FSPOR_1715","complement(17011..18360)","no","3510_Z22_len496714.region002"
"NRRL3510","3510_Z22_len496714",2,"BEA1","3510_Z22__g011177--FSPOR_1714","20001..29396","no","3510_Z22_len496714.region002"
"NRRL3510","3510_Z22_len496714",2,"3510_Z22__g011178--FGSG_07758..FSPOR_1713","3510_Z22__g011178--FGSG_07758..FSPOR_1713","29966..31084","no","3510_Z22_len496714.region002"
"NRRL3510","3510_Z22_len496714",2,"3510_Z22__g011179","3510_Z22__g011179","32359..35933","no","3510_Z22_len496714.region002"
"NRRL3510","3510_Z22_len496714",2,"3510_Z22__g011180","3510_Z22__g011180","36858..37298","no","3510_Z22_len496714.region002"
"NRRL3510","3510_Z22_len496714",2,"3510_Z22__g011181--FGSG_07760..FSPOR_1711","3510_Z22__g011181--FGSG_07760..FSPOR_1711","complement(39796..40492)","no","3510_Z22_len496714.region002"
"NRRL3510","3510_Z22_len496714",2,"3510_Z22__g011182--FSPOR_1710","3510_Z22__g011182--FSPOR_1710","41416..42168","no","3510_Z22_len496714.region002"
"NRRL3510","3510_Z22_len496714",2,"3510_Z22__g011183--FGSG_02302..FSPOR_1709","3510_Z22__g011183--FGSG_02302..FSPOR_1709","complement(42671..43819)","no","3510_Z22_len496714.region002"
"NRRL3510","3510_Z22_len496714",2,"3510_Z22__g011184--FSPOR_1708","3510_Z22__g011184--FSPOR_1708","45425..46539","no","3510_Z22_len496714.region002"
"NRRL3510","3510_Z22_len496714",2,"3510_Z22__g011185--FSPOR_1707","3510_Z22__g011185--FSPOR_1707","47141..47729","no","3510_Z22_len496714.region002"
"NRRL3510","3510_Z22_len496714",3,"3510_Z22__g011219--FGSG_07790..FSPOR_1677","3510_Z22__g011219--FGSG_07790..FSPOR_1677","563..1084","no","3510_Z22_len496714.region003"
"NRRL3510","3510_Z22_len496714",3,"3510_Z22__g011220--FGSG_07791..FSPOR_1676","3510_Z22__g011220--FGSG_07791..FSPOR_1676","2866..3510","no","3510_Z22_len496714.region003"
"NRRL3510","3510_Z22_len496714",3,"3510_Z22__g011221--FGSG_10445..FSPOR_1675","3510_Z22__g011221--FGSG_10445..FSPOR_1675","4558..5241","no","3510_Z22_len496714.region003"
"NRRL3510","3510_Z22_len496714",3,"3510_Z22__g011222--FGSG_07792..FSPOR_1674","3510_Z22__g011222--FGSG_07792..FSPOR_1674","complement(7264..8381)","no","3510_Z22_len496714.region003"
"NRRL3510","3510_Z22_len496714",3,"3510_Z22__g011223--FGSG_07793..FSPOR_1673","3510_Z22__g011223--FGSG_07793..FSPOR_1673","10262..11317","no","3510_Z22_len496714.region003"
"NRRL3510","3510_Z22_len496714",3,"3510_Z22__g011224--FGSG_07794..FSPOR_1672","3510_Z22__g011224--FGSG_07794..FSPOR_1672","13508..14676","no","3510_Z22_len496714.region003"
"NRRL3510","3510_Z22_len496714",3,"3510_Z22__g011225--FGSG_07797..FSPOR_1670","3510_Z22__g011225--FGSG_07797..FSPOR_1670","complement(16597..17901)","no","3510_Z22_len496714.region003"
"NRRL3510","3510_Z22_len496714",3,"3510_Z22__g011226--FSPOR_1669","3510_Z22__g011226--FSPOR_1669","complement(18602..19191)","no","3510_Z22_len496714.region003"
"NRRL3510","3510_Z22_len496714",3,"FUS1","3510_Z22__g011227--FGSG_07798..FSPOR_1668","complement(20001..31846)","no","3510_Z22_len496714.region003"
"NRRL3510","3510_Z22_len496714",3,"FUS2","3510_Z22__g011228--FGSG_13222..FSPOR_1667","32443..33702","no","3510_Z22_len496714.region003"
"NRRL3510","3510_Z22_len496714",3,"FUS3","3510_Z22__g011229--FGSG_13223..FSPOR_1666","34547..35268","no","3510_Z22_len496714.region003"
"NRRL3510","3510_Z22_len496714",3,"FUS4","3510_Z22__g011230--FGSG_07800..FSPOR_1665","complement(35470..36783)","no","3510_Z22_len496714.region003"
"NRRL3510","3510_Z22_len496714",3,"FUS5","3510_Z22__g011231--FGSG_07801..FSPOR_1664","37674..38318","no","3510_Z22_len496714.region003"
"NRRL3510","3510_Z22_len496714",3,"FUS6","3510_Z22__g011232--FGSG_07802..FSPOR_1663","39932..41611","no","3510_Z22_len496714.region003"
"NRRL3510","3510_Z22_len496714",3,"FUS7","3510_Z22__g011233--FGSG_07803..FSPOR_1662","41948..43789","no","3510_Z22_len496714.region003"
"NRRL3510","3510_Z22_len496714",3,"FUS8","3510_Z22__g011234--FGSG_07804..FSPOR_1661","44469..46127","no","3510_Z22_len496714.region003"
"NRRL3510","3510_Z22_len496714",3,"FUS9","3510_Z22__g011235--FGSG_07805..FSPOR_1660","46528..47643","no","3510_Z22_len496714.region003"
"NRRL3510","3510_Z22_len496714",3,"3510_Z22__g011236--FGSG_13224..FSPOR_1659","3510_Z22__g011236--FGSG_13224..FSPOR_1659","47958..50583","no","3510_Z22_len496714.region003"
"NRRL3510","3510_Z23_len376149",1,"3510_Z23__g011296--FSPOR_8569","3510_Z23__g011296--FSPOR_8569","complement(2335..3132)","no","3510_Z23_len376149.region001"
"NRRL3510","3510_Z23_len376149",1,"3510_Z23__g011297--FSPOR_8568","3510_Z23__g011297--FSPOR_8568","6300..6856","no","3510_Z23_len376149.region001"
"NRRL3510","3510_Z23_len376149",1,"3510_Z23__g011298--FSPOR_8567","3510_Z23__g011298--FSPOR_8567","8931..9372","no","3510_Z23_len376149.region001"
"NRRL3510","3510_Z23_len376149",1,"3510_Z23__g011299--FSPOR_8566","3510_Z23__g011299--FSPOR_8566","complement(10360..11133)","no","3510_Z23_len376149.region001"
"NRRL3510","3510_Z23_len376149",1,"3510_Z23__g011300--FSPOR_8565","3510_Z23__g011300--FSPOR_8565","complement(12072..12563)","no","3510_Z23_len376149.region001"
"NRRL3510","3510_Z23_len376149",1,"3510_Z23__g011301--FSPOR_8563","3510_Z23__g011301--FSPOR_8563","15320..16075","no","3510_Z23_len376149.region001"
"NRRL3510","3510_Z23_len376149",1,"3510_Z23__g011302--FSPOR_8562","3510_Z23__g011302--FSPOR_8562","17341..18765","no","3510_Z23_len376149.region001"
"NRRL3510","3510_Z23_len376149",1,"3510_Z23__g011303--FSPOR_8561","3510_Z23__g011303--FSPOR_8561","complement(20001..23757)","no","3510_Z23_len376149.region001"
"NRRL3510","3510_Z23_len376149",1,"3510_Z23__g011304--FSPOR_8560","3510_Z23__g011304--FSPOR_8560","24490..26123","no","3510_Z23_len376149.region001"
"NRRL3510","3510_Z23_len376149",1,"3510_Z23__g011305--FSPOR_8559","3510_Z23__g011305--FSPOR_8559","27260..28290","no","3510_Z23_len376149.region001"
"NRRL3510","3510_Z23_len376149",1,"3510_Z23__g011306--FGSG_09099..FSPOR_8557","3510_Z23__g011306--FGSG_09099..FSPOR_8557","30507..32130","no","3510_Z23_len376149.region001"
"NRRL3510","3510_Z23_len376149",1,"3510_Z23__g011307--FGSG_13739..FSPOR_8556","3510_Z23__g011307--FGSG_13739..FSPOR_8556","complement(32516..33804)","no","3510_Z23_len376149.region001"
"NRRL3510","3510_Z23_len376149",1,"3510_Z23__g011308--FGSG_13740..FSPOR_8555","3510_Z23__g011308--FGSG_13740..FSPOR_8555","complement(35983..36943)","no","3510_Z23_len376149.region001"
"NRRL3510","3510_Z23_len376149",1,"3510_Z23__g011309--FGSG_10330..FSPOR_8554","3510_Z23__g011309--FGSG_10330..FSPOR_8554","complement(37783..39128)","no","3510_Z23_len376149.region001"
"NRRL3510","3510_Z23_len376149",1,"3510_Z23__g011310--FGSG_10331..FSPOR_8553","3510_Z23__g011310--FGSG_10331..FSPOR_8553","39511..40994","no","3510_Z23_len376149.region001"
"NRRL3510","3510_Z23_len376149",1,"3510_Z23__g011311--FGSG_10332..FSPOR_8552","3510_Z23__g011311--FGSG_10332..FSPOR_8552","41834..42688","no","3510_Z23_len376149.region001"
"NRRL3510","3510_Z28_len238297",1,"3510_Z28__g011699--FSPOR_11472","3510_Z28__g011699--FSPOR_11472","complement(5762..6939)","no","3510_Z28_len238297.region001"
"NRRL3510","3510_Z28_len238297",1,"3510_Z28__g011700","3510_Z28__g011700","complement(8566..48827)","no","3510_Z28_len238297.region001"
"NRRL3510","3510_Z28_len238297",1,"3510_Z28__g011701","3510_Z28__g011701","49770..50534","no","3510_Z28_len238297.region001"
"NRRL3510","3510_Z28_len238297",1,"3510_Z28__g011702","3510_Z28__g011702","complement(50564..51559)","no","3510_Z28_len238297.region001"
"NRRL3510","3510_Z28_len238297",1,"3510_Z28__g011703","3510_Z28__g011703","52550..57213","no","3510_Z28_len238297.region001"
"NRRL3510","3510_Z28_len238297",1,"3510_Z28__g011704","3510_Z28__g011704","complement(58289..60010)","no","3510_Z28_len238297.region001"
"NRRL3510","3510_Z28_len238297",1,"3510_Z28__g011705","3510_Z28__g011705","60610..61729","no","3510_Z28_len238297.region001"
"NRRL3510","3510_Z28_len238297",1,"3510_Z28__g011706--FGSG_01045..FSPOR_220","3510_Z28__g011706--FGSG_01045..FSPOR_220","complement(61826..62614)","no","3510_Z28_len238297.region001"
"NRRL3510","3510_Z28_len238297",1,"3510_Z28__g011707","3510_Z28__g011707","63633..64643","no","3510_Z28_len238297.region001"
"NRRL3510","3510_Z28_len238297",1,"3510_Z28__g011708","3510_Z28__g011708","65822..73555","no","3510_Z28_len238297.region001"
"NRRL3510","3510_Z3_len3919170",1,"3510_Z3__g003138--FSPOR_10061","3510_Z3__g003138--FSPOR_10061","complement(2863..11184)","no","3510_Z3_len3919170.region001"
"NRRL3510","3510_Z3_len3919170",1,"MT1_2","3510_Z3__g003139--FSPOR_10059","16205..17890","no","3510_Z3_len3919170.region001"
"NRRL3510","3510_Z3_len3919170",1,"3510_Z3__g003140--FGSG_08005..FSPOR_10058","3510_Z3__g003140--FGSG_08005..FSPOR_10058","18794..20191","no","3510_Z3_len3919170.region001"
"NRRL3510","3510_Z3_len3919170",1,"3510_Z3__g003141--FSPOR_10057","3510_Z3__g003141--FSPOR_10057","complement(20923..21475)","no","3510_Z3_len3919170.region001"
"NRRL3510","3510_Z3_len3919170",1,"3510_Z3__g003142--FSPOR_10056","3510_Z3__g003142--FSPOR_10056","22592..23707","no","3510_Z3_len3919170.region001"
"NRRL3510","3510_Z3_len3919170",1,"3510_Z3__g003143--FSPOR_10055","3510_Z3__g003143--FSPOR_10055","complement(24534..26405)","no","3510_Z3_len3919170.region001"
"NRRL3510","3510_Z3_len3919170",1,"3510_Z3__g003144--FSPOR_10054","3510_Z3__g003144--FSPOR_10054","28278..30227","no","3510_Z3_len3919170.region001"
"NRRL3510","3510_Z3_len3919170",2,"3510_Z3__g003211--FGSG_14016..FSPOR_8290","3510_Z3__g003211--FGSG_14016..FSPOR_8290","1722..3757","no","3510_Z3_len3919170.region002"
"NRRL3510","3510_Z3_len3919170",2,"3510_Z3__g003212--FGSG_13943..FSPOR_8289","3510_Z3__g003212--FGSG_13943..FSPOR_8289","complement(4009..5115)","no","3510_Z3_len3919170.region002"
"NRRL3510","3510_Z3_len3919170",2,"3510_Z3__g003213","3510_Z3__g003213","8467..10801","no","3510_Z3_len3919170.region002"
"NRRL3510","3510_Z3_len3919170",2,"3510_Z3__g003214--FGSG_02910..FSPOR_8286","3510_Z3__g003214--FGSG_02910..FSPOR_8286","complement(12916..13786)","no","3510_Z3_len3919170.region002"
"NRRL3510","3510_Z3_len3919170",2,"3510_Z3__g003215--FGSG_10335..FSPOR_8285","3510_Z3__g003215--FGSG_10335..FSPOR_8285","complement(15315..17621)","no","3510_Z3_len3919170.region002"
"NRRL3510","3510_Z3_len3919170",2,"3510_Z3__g003216--FGSG_11475..FSPOR_8284","3510_Z3__g003216--FGSG_11475..FSPOR_8284","complement(18665..20304)","no","3510_Z3_len3919170.region002"
"NRRL3510","3510_Z3_len3919170",2,"3510_Z3__g003217--FGSG_11474..FSPOR_8283","3510_Z3__g003217--FGSG_11474..FSPOR_8283","21897..22502","no","3510_Z3_len3919170.region002"
"NRRL3510","3510_Z3_len3919170",2,"3510_Z3__g003218--FGSG_11473..FSPOR_8281","3510_Z3__g003218--FGSG_11473..FSPOR_8281","24858..25962","no","3510_Z3_len3919170.region002"
"NRRL3510","3510_Z3_len3919170",2,"3510_Z3__g003219--FGSG_11472..FSPOR_8280","3510_Z3__g003219--FGSG_11472..FSPOR_8280","26860..29534","no","3510_Z3_len3919170.region002"
"NRRL3510","3510_Z3_len3919170",2,"3510_Z3__g003220--FGSG_11471..FSPOR_8279","3510_Z3__g003220--FGSG_11471..FSPOR_8279","complement(30001..30704)","no","3510_Z3_len3919170.region002"
"NRRL3510","3510_Z3_len3919170",2,"3510_Z3__g003221--FGSG_11470..FSPOR_8278","3510_Z3__g003221--FGSG_11470..FSPOR_8278","31784..32633","no","3510_Z3_len3919170.region002"
"NRRL3510","3510_Z3_len3919170",2,"3510_Z3__g003222--FGSG_11469..FSPOR_8277","3510_Z3__g003222--FGSG_11469..FSPOR_8277","33225..34876","no","3510_Z3_len3919170.region002"
"NRRL3510","3510_Z3_len3919170",2,"3510_Z3__g003223--FGSG_11468..FSPOR_8276","3510_Z3__g003223--FGSG_11468..FSPOR_8276","complement(34964..35980)","no","3510_Z3_len3919170.region002"
"NRRL3510","3510_Z3_len3919170",2,"3510_Z3__g003224--FGSG_11467..FSPOR_8275","3510_Z3__g003224--FGSG_11467..FSPOR_8275","complement(36874..37982)","no","3510_Z3_len3919170.region002"
"NRRL3510","3510_Z3_len3919170",2,"3510_Z3__g003225--FSPOR_8274","3510_Z3__g003225--FSPOR_8274","complement(40049..41589)","no","3510_Z3_len3919170.region002"
"NRRL3510","3510_Z3_len3919170",2,"FOX2_1","3510_Z3__g003226--FSPOR_8273","43530..44447","no","3510_Z3_len3919170.region002"
"NRRL3510","3510_Z3_len3919170",2,"3510_Z3__g003227--FGSG_13946..FSPOR_8272","3510_Z3__g003227--FGSG_13946..FSPOR_8272","45300..47030","no","3510_Z3_len3919170.region002"
"NRRL3510","3510_Z3_len3919170",2,"3510_Z3__g003228--FGSG_13947..FSPOR_8271","3510_Z3__g003228--FGSG_13947..FSPOR_8271","48463..49449","no","3510_Z3_len3919170.region002"
"NRRL3510","3510_Z3_len3919170",2,"3510_Z3__g003229","3510_Z3__g003229","complement(49913..49983)","yes","3510_Z3_len3919170.region002"
"NRRL3510","3510_Z3_len3919170",2,"3510_Z3__g003230","3510_Z3__g003230","complement(51866..52217)","no","3510_Z3_len3919170.region002"
"NRRL3510","3510_Z3_len3919170",2,"3510_Z3__g003231--FGSG_11465..FSPOR_8270","3510_Z3__g003231--FGSG_11465..FSPOR_8270","complement(53013..53882)","no","3510_Z3_len3919170.region002"
"NRRL3510","3510_Z3_len3919170",2,"3510_Z3__g003232--FGSG_11462..FSPOR_8269","3510_Z3__g003232--FGSG_11462..FSPOR_8269","complement(56719..58416)","no","3510_Z3_len3919170.region002"
"NRRL3510","3510_Z3_len3919170",2,"3510_Z3__g003233","3510_Z3__g003233","complement(59233..60246)","no","3510_Z3_len3919170.region002"
"NRRL3510","3510_Z3_len3919170",3,"3510_Z3__g003285--FGSG_11405..FSPOR_8227","3510_Z3__g003285--FGSG_11405..FSPOR_8227","complement(781..2079)","no","3510_Z3_len3919170.region003"
"NRRL3510","3510_Z3_len3919170",3,"3510_Z3__g003286--FGSG_13967..FSPOR_8226","3510_Z3__g003286--FGSG_13967..FSPOR_8226","5233..6081","no","3510_Z3_len3919170.region003"
"NRRL3510","3510_Z3_len3919170",3,"3510_Z3__g003287--FGSG_11401..FSPOR_8225","3510_Z3__g003287--FGSG_11401..FSPOR_8225","complement(6511..7104)","no","3510_Z3_len3919170.region003"
"NRRL3510","3510_Z3_len3919170",3,"3510_Z3__g003288","3510_Z3__g003288","8391..8474","yes","3510_Z3_len3919170.region003"
"NRRL3510","3510_Z3_len3919170",3,"3510_Z3__g003289--FGSG_11400..FSPOR_8224","3510_Z3__g003289--FGSG_11400..FSPOR_8224","8695..9780","no","3510_Z3_len3919170.region003"
"NRRL3510","3510_Z3_len3919170",3,"CHRY5","3510_Z3__g003290--FGSG_11399..FSPOR_8223","10953..12737","no","3510_Z3_len3919170.region003"
"NRRL3510","3510_Z3_len3919170",3,"CHRY4","3510_Z3__g003291--FGSG_11398..FSPOR_8222","complement(13222..14007)","no","3510_Z3_len3919170.region003"
"NRRL3510","3510_Z3_len3919170",3,"CHRY3","3510_Z3__g003292--FGSG_11397..FSPOR_8221","14719..15903","no","3510_Z3_len3919170.region003"
"NRRL3510","3510_Z3_len3919170",3,"CHRY2","3510_Z3__g003293--FGSG_11396..FSPOR_8220","complement(16126..18412)","no","3510_Z3_len3919170.region003"
"NRRL3510","3510_Z3_len3919170",3,"CHRY1","3510_Z3__g003294--FGSG_11395..FSPOR_8219","20001..27271","no","3510_Z3_len3919170.region003"
"NRRL3510","3510_Z3_len3919170",3,"CHRY6","3510_Z3__g003295--FGSG_11394..FSPOR_8218","27580..27955","no","3510_Z3_len3919170.region003"
"NRRL3510","3510_Z3_len3919170",3,"3510_Z3__g003296--FGSG_11393..FSPOR_8217","3510_Z3__g003296--FGSG_11393..FSPOR_8217","complement(28676..29332)","no","3510_Z3_len3919170.region003"
"NRRL3510","3510_Z3_len3919170",3,"3510_Z3__g003297","3510_Z3__g003297","complement(30187..30272)","yes","3510_Z3_len3919170.region003"
"NRRL3510","3510_Z3_len3919170",3,"3510_Z3__g003298--FGSG_11391..FSPOR_8216","3510_Z3__g003298--FGSG_11391..FSPOR_8216","complement(30641..32959)","no","3510_Z3_len3919170.region003"
"NRRL3510","3510_Z3_len3919170",3,"3510_Z3__g003299--FGSG_13971..FSPOR_8215","3510_Z3__g003299--FGSG_13971..FSPOR_8215","35535..36629","no","3510_Z3_len3919170.region003"
"NRRL3510","3510_Z3_len3919170",3,"3510_Z3__g003300","3510_Z3__g003300","39396..39494","yes","3510_Z3_len3919170.region003"
"NRRL3510","3510_Z3_len3919170",3,"3510_Z3__g003301","3510_Z3__g003301","40339..40410","yes","3510_Z3_len3919170.region003"
"NRRL3510","3510_Z3_len3919170",3,"3510_Z3__g003302--FGSG_11389..FSPOR_11717","3510_Z3__g003302--FGSG_11389..FSPOR_11717","complement(40702..42452)","no","3510_Z3_len3919170.region003"
"NRRL3510","3510_Z3_len3919170",3,"3510_Z3__g003303","3510_Z3__g003303","43386..44260","no","3510_Z3_len3919170.region003"
"NRRL3510","3510_Z3_len3919170",3,"3510_Z3__g003304--FGSG_11388..FSPOR_11718","3510_Z3__g003304--FGSG_11388..FSPOR_11718","45472..46755","no","3510_Z3_len3919170.region003"
"NRRL3510","3510_Z3_len3919170",4,"3510_Z3__g003373--FGSG_11316..FSPOR_9120","3510_Z3__g003373--FGSG_11316..FSPOR_9120","530..1780","no","3510_Z3_len3919170.region004"
"NRRL3510","3510_Z3_len3919170",4,"ats1_2","3510_Z3__g003374","1936..2561","no","3510_Z3_len3919170.region004"
"NRRL3510","3510_Z3_len3919170",4,"3510_Z3__g003375--FGSG_11326..FSPOR_9121","3510_Z3__g003375--FGSG_11326..FSPOR_9121","complement(6841..8642)","no","3510_Z3_len3919170.region004"
"NRRL3510","3510_Z3_len3919170",4,"3510_Z3__g003376","3510_Z3__g003376","9591..9672","yes","3510_Z3_len3919170.region004"
"NRRL3510","3510_Z3_len3919170",4,"3510_Z3__g003377--FGSG_11327..FSPOR_9122","3510_Z3__g003377--FGSG_11327..FSPOR_9122","complement(10001..11670)","no","3510_Z3_len3919170.region004"
"NRRL3510","3510_Z3_len3919170",4,"3510_Z3__g003378--FGSG_11328..FSPOR_9123","3510_Z3__g003378--FGSG_11328..FSPOR_9123","13050..14096","no","3510_Z3_len3919170.region004"
"NRRL3510","3510_Z3_len3919170",5,"3510_Z3__g003625--FGSG_11055..FSPOR_4646","3510_Z3__g003625--FGSG_11055..FSPOR_4646","991..2670","no","3510_Z3_len3919170.region005"
"NRRL3510","3510_Z3_len3919170",5,"LYS1_1","3510_Z3__g003626--FGSG_11054..FSPOR_4645","4303..5627","no","3510_Z3_len3919170.region005"
"NRRL3510","3510_Z3_len3919170",5,"3510_Z3__g003627--FGSG_11022..FSPOR_4644","3510_Z3__g003627--FGSG_11022..FSPOR_4644","complement(5992..7126)","no","3510_Z3_len3919170.region005"
"NRRL3510","3510_Z3_len3919170",5,"3510_Z3__g003628","3510_Z3__g003628","8794..8865","yes","3510_Z3_len3919170.region005"
"NRRL3510","3510_Z3_len3919170",5,"3510_Z3__g003629--FGSG_11024..FSPOR_4642","3510_Z3__g003629--FGSG_11024..FSPOR_4642","complement(9079..10735)","no","3510_Z3_len3919170.region005"
"NRRL3510","3510_Z3_len3919170",5,"3510_Z3__g003630","3510_Z3__g003630","11693..12676","no","3510_Z3_len3919170.region005"
"NRRL3510","3510_Z3_len3919170",5,"3510_Z3__g003631--FSPOR_4641","3510_Z3__g003631--FSPOR_4641","13641..15203","no","3510_Z3_len3919170.region005"
"NRRL3510","3510_Z3_len3919170",5,"TRI15","3510_Z3__g003632--FGSG_11025..FSPOR_4639","complement(17440..18396)","no","3510_Z3_len3919170.region005"
"NRRL3510","3510_Z3_len3919170",5,"3510_Z3__g003633--FGSG_11026..FSPOR_4638","3510_Z3__g003633--FGSG_11026..FSPOR_4638","complement(20001..34312)","no","3510_Z3_len3919170.region005"
"NRRL3510","3510_Z3_len3919170",5,"3510_Z3__g003634--FGSG_11027..FSPOR_4637","3510_Z3__g003634--FGSG_11027..FSPOR_4637","complement(34950..36233)","no","3510_Z3_len3919170.region005"
"NRRL3510","3510_Z3_len3919170",5,"3510_Z3__g003635--FGSG_11028..FSPOR_4636","3510_Z3__g003635--FGSG_11028..FSPOR_4636","37206..41405","no","3510_Z3_len3919170.region005"
"NRRL3510","3510_Z3_len3919170",5,"3510_Z3__g003636--FGSG_11029..FSPOR_4635","3510_Z3__g003636--FGSG_11029..FSPOR_4635","42627..44546","no","3510_Z3_len3919170.region005"
"NRRL3510","3510_Z3_len3919170",5,"3510_Z3__g003637--FGSG_11030..FSPOR_4634","3510_Z3__g003637--FGSG_11030..FSPOR_4634","46619..47431","no","3510_Z3_len3919170.region005"
"NRRL3510","3510_Z3_len3919170",5,"3510_Z3__g003638--FGSG_11031..FSPOR_4633","3510_Z3__g003638--FGSG_11031..FSPOR_4633","49801..50433","no","3510_Z3_len3919170.region005"
"NRRL3510","3510_Z3_len3919170",5,"3510_Z3__g003639--FGSG_13866..FSPOR_4632","3510_Z3__g003639--FGSG_13866..FSPOR_4632","complement(51169..52823)","no","3510_Z3_len3919170.region005"
"NRRL3510","3510_Z3_len3919170",6,"GUK1_1","3510_Z3__g003670--FSPOR_4600","1128..1779","no","3510_Z3_len3919170.region006"
"NRRL3510","3510_Z3_len3919170",6,"3510_Z3__g003671--FGSG_11000..FSPOR_4599","3510_Z3__g003671--FGSG_11000..FSPOR_4599","complement(2115..2729)","no","3510_Z3_len3919170.region006"
"NRRL3510","3510_Z3_len3919170",6,"3510_Z3__g003672--FGSG_10999..FSPOR_4598","3510_Z3__g003672--FGSG_10999..FSPOR_4598","complement(3418..4223)","no","3510_Z3_len3919170.region006"
"NRRL3510","3510_Z3_len3919170",6,"3510_Z3__g003673--FGSG_10998..FSPOR_4597","3510_Z3__g003673--FGSG_10998..FSPOR_4597","complement(6141..7734)","no","3510_Z3_len3919170.region006"
"NRRL3510","3510_Z3_len3919170",6,"3510_Z3__g003674--FGSG_10996..FSPOR_4596","3510_Z3__g003674--FGSG_10996..FSPOR_4596","9413..11439","no","3510_Z3_len3919170.region006"
"NRRL3510","3510_Z3_len3919170",6,"3510_Z3__g003675--FSPOR_4595","3510_Z3__g003675--FSPOR_4595","complement(11601..12713)","no","3510_Z3_len3919170.region006"
"NRRL3510","3510_Z3_len3919170",6,"3510_Z3__g003676--FSPOR_4594","3510_Z3__g003676--FSPOR_4594","16778..17146","no","3510_Z3_len3919170.region006"
"NRRL3510","3510_Z3_len3919170",6,"3510_Z3__g003677--FGSG_10460..FSPOR_4593","3510_Z3__g003677--FGSG_10460..FSPOR_4593","complement(17614..18729)","no","3510_Z3_len3919170.region006"
"NRRL3510","3510_Z3_len3919170",6,"3510_Z3__g003678--FSPOR_4592","3510_Z3__g003678--FSPOR_4592","20001..31934","no","3510_Z3_len3919170.region006"
"NRRL3510","3510_Z3_len3919170",6,"3510_Z3__g003679--FSPOR_4591","3510_Z3__g003679--FSPOR_4591","complement(32666..33939)","no","3510_Z3_len3919170.region006"
"NRRL3510","3510_Z3_len3919170",6,"3510_Z3__g003680--FSPOR_4590","3510_Z3__g003680--FSPOR_4590","complement(34777..35750)","no","3510_Z3_len3919170.region006"
"NRRL3510","3510_Z3_len3919170",6,"3510_Z3__g003681--FSPOR_4589","3510_Z3__g003681--FSPOR_4589","36224..37854","no","3510_Z3_len3919170.region006"
"NRRL3510","3510_Z3_len3919170",6,"3510_Z3__g003682--FGSG_10983..FSPOR_4588","3510_Z3__g003682--FGSG_10983..FSPOR_4588","complement(38009..39449)","no","3510_Z3_len3919170.region006"
"NRRL3510","3510_Z3_len3919170",6,"dpp4","3510_Z3__g003683--FGSG_10982..FSPOR_4587","complement(41428..43770)","no","3510_Z3_len3919170.region006"
"NRRL3510","3510_Z3_len3919170",6,"3510_Z3__g003684--FGSG_13880..FSPOR_4586","3510_Z3__g003684--FGSG_13880..FSPOR_4586","complement(44293..45264)","no","3510_Z3_len3919170.region006"
"NRRL3510","3510_Z3_len3919170",6,"3510_Z3__g003685--FGSG_13881..FSPOR_4585","3510_Z3__g003685--FGSG_13881..FSPOR_4585","complement(45532..47145)","no","3510_Z3_len3919170.region006"
"NRRL3510","3510_Z3_len3919170",6,"3510_Z3__g003686","3510_Z3__g003686","complement(47414..49071)","no","3510_Z3_len3919170.region006"
"NRRL3510","3510_Z3_len3919170",7,"3510_Z3__g004330--FGSG_06048..FSPOR_2306","3510_Z3__g004330--FGSG_06048..FSPOR_2306","complement(1339..1962)","no","3510_Z3_len3919170.region007"
"NRRL3510","3510_Z3_len3919170",7,"SAS2","3510_Z3__g004331--FGSG_06047..FSPOR_9238","complement(4887..6916)","no","3510_Z3_len3919170.region007"
"NRRL3510","3510_Z3_len3919170",7,"3510_Z3__g004332--FGSG_06046..FSPOR_9239","3510_Z3__g004332--FGSG_06046..FSPOR_9239","complement(7633..9678)","no","3510_Z3_len3919170.region007"
"NRRL3510","3510_Z3_len3919170",7,"3510_Z3__g004333","3510_Z3__g004333","complement(10763..10862)","yes","3510_Z3_len3919170.region007"
"NRRL3510","3510_Z3_len3919170",7,"3510_Z3__g004334","3510_Z3__g004334","complement(11014..11118)","yes","3510_Z3_len3919170.region007"
"NRRL3510","3510_Z3_len3919170",7,"RPN3","3510_Z3__g004335--FGSG_06045..FSPOR_9240","complement(11695..13549)","no","3510_Z3_len3919170.region007"
"NRRL3510","3510_Z3_len3919170",7,"TAF12","3510_Z3__g004336--FGSG_06044..FSPOR_9241","complement(14600..16718)","no","3510_Z3_len3919170.region007"
"NRRL3510","3510_Z3_len3919170",7,"3510_Z3__g004337--FGSG_06043..FSPOR_9242","3510_Z3__g004337--FGSG_06043..FSPOR_9242","17802..18720","no","3510_Z3_len3919170.region007"
"NRRL3510","3510_Z3_len3919170",7,"3510_Z3__g004338--FGSG_06042..FSPOR_9243","3510_Z3__g004338--FGSG_06042..FSPOR_9243","complement(18893..19507)","no","3510_Z3_len3919170.region007"
"NRRL3510","3510_Z3_len3919170",7,"LYS2","3510_Z3__g004339--FGSG_06041..FSPOR_9244","complement(20001..23821)","no","3510_Z3_len3919170.region007"
"NRRL3510","3510_Z3_len3919170",7,"EAF3","3510_Z3__g004340--FGSG_14036..FSPOR_9245","24735..26846","no","3510_Z3_len3919170.region007"
"NRRL3510","3510_Z3_len3919170",7,"MRPL33","3510_Z3__g004341--FGSG_12858..FSPOR_9246","complement(27210..27574)","no","3510_Z3_len3919170.region007"
"NRRL3510","3510_Z3_len3919170",7,"acl1","3510_Z3__g004342--FGSG_12857..FSPOR_9247","complement(28493..30518)","no","3510_Z3_len3919170.region007"
"NRRL3510","3510_Z3_len3919170",7,"acl2_2","3510_Z3__g004343--FGSG_06039..FSPOR_9248","34011..35848","no","3510_Z3_len3919170.region007"
"NRRL3510","3510_Z3_len3919170",7,"3510_Z3__g004344--FGSG_06038..FSPOR_9249","3510_Z3__g004344--FGSG_06038..FSPOR_9249","37249..37635","no","3510_Z3_len3919170.region007"
"NRRL3510","3510_Z3_len3919170",7,"GAS4","3510_Z3__g004345--FGSG_06037..FSPOR_9250","complement(38021..39647)","no","3510_Z3_len3919170.region007"
"NRRL3510","3510_Z4_len3872410",1,"3510_Z4__g004576--FGSG_05801..FSPOR_5037","3510_Z4__g004576--FGSG_05801..FSPOR_5037","complement(2096..3740)","no","3510_Z4_len3872410.region001"
"NRRL3510","3510_Z4_len3872410",1,"3510_Z4__g004577--FGSG_05800..FSPOR_5038","3510_Z4__g004577--FGSG_05800..FSPOR_5038","4404..6799","no","3510_Z4_len3872410.region001"
"NRRL3510","3510_Z4_len3872410",1,"3510_Z4__g004578--FGSG_05799..FSPOR_5039","3510_Z4__g004578--FGSG_05799..FSPOR_5039","7242..8061","no","3510_Z4_len3872410.region001"
"NRRL3510","3510_Z4_len3872410",1,"3510_Z4__g004579","3510_Z4__g004579","8837..9526","no","3510_Z4_len3872410.region001"
"NRRL3510","3510_Z4_len3872410",1,"3510_Z4__g004580--FGSG_05798..FSPOR_5040","3510_Z4__g004580--FGSG_05798..FSPOR_5040","10144..11784","no","3510_Z4_len3872410.region001"
"NRRL3510","3510_Z4_len3872410",1,"3510_Z4__g004581--FGSG_05797..FSPOR_5041","3510_Z4__g004581--FGSG_05797..FSPOR_5041","complement(12161..14011)","no","3510_Z4_len3872410.region001"
"NRRL3510","3510_Z4_len3872410",1,"3510_Z4__g004582--FGSG_05796..FSPOR_5042","3510_Z4__g004582--FGSG_05796..FSPOR_5042","16540..17391","no","3510_Z4_len3872410.region001"
"NRRL3510","3510_Z4_len3872410",1,"3510_Z4__g004583--FGSG_05795..FSPOR_5043","3510_Z4__g004583--FGSG_05795..FSPOR_5043","17804..19363","no","3510_Z4_len3872410.region001"
"NRRL3510","3510_Z4_len3872410",1,"3510_Z4__g004584--FGSG_05794..FSPOR_5044","3510_Z4__g004584--FGSG_05794..FSPOR_5044","20001..30038","no","3510_Z4_len3872410.region001"
"NRRL3510","3510_Z4_len3872410",1,"3510_Z4__g004585--FGSG_05792..FSPOR_5046","3510_Z4__g004585--FGSG_05792..FSPOR_5046","32966..34311","no","3510_Z4_len3872410.region001"
"NRRL3510","3510_Z4_len3872410",1,"3510_Z4__g004586--FGSG_05791..FSPOR_5047","3510_Z4__g004586--FGSG_05791..FSPOR_5047","complement(34494..35998)","no","3510_Z4_len3872410.region001"
"NRRL3510","3510_Z4_len3872410",1,"3510_Z4__g004587--FGSG_05790..FSPOR_5048","3510_Z4__g004587--FGSG_05790..FSPOR_5048","complement(36793..37521)","no","3510_Z4_len3872410.region001"
"NRRL3510","3510_Z4_len3872410",1,"3510_Z4__g004588--FGSG_12814..FSPOR_5051","3510_Z4__g004588--FGSG_12814..FSPOR_5051","43000..44346","no","3510_Z4_len3872410.region001"
"NRRL3510","3510_Z4_len3872410",1,"3510_Z4__g004589--FGSG_12813..FSPOR_5052","3510_Z4__g004589--FGSG_12813..FSPOR_5052","44888..47364","no","3510_Z4_len3872410.region001"
"NRRL3510","3510_Z4_len3872410",2,"rpl29","3510_Z4__g005010","1653..2029","no","3510_Z4_len3872410.region002"
"NRRL3510","3510_Z4_len3872410",2,"VTS1","3510_Z4__g005011--FGSG_05377..FSPOR_350","3404..5360","no","3510_Z4_len3872410.region002"
"NRRL3510","3510_Z4_len3872410",2,"TFC4","3510_Z4__g005012--FGSG_05376..FSPOR_351","6125..9242","no","3510_Z4_len3872410.region002"
"NRRL3510","3510_Z4_len3872410",2,"3510_Z4__g005013--FGSG_05375..FSPOR_352","3510_Z4__g005013--FGSG_05375..FSPOR_352","complement(9691..11220)","no","3510_Z4_len3872410.region002"
"NRRL3510","3510_Z4_len3872410",2,"3510_Z4__g005014--FGSG_05374..FSPOR_353","3510_Z4__g005014--FGSG_05374..FSPOR_353","14108..15739","no","3510_Z4_len3872410.region002"
"NRRL3510","3510_Z4_len3872410",2,"3510_Z4__g005015--FGSG_05373..FSPOR_354","3510_Z4__g005015--FGSG_05373..FSPOR_354","17171..19684","no","3510_Z4_len3872410.region002"
"NRRL3510","3510_Z4_len3872410",2,"NPS2","3510_Z4__g005016--FGSG_05372..FSPOR_355","complement(20001..34635)","no","3510_Z4_len3872410.region002"
"NRRL3510","3510_Z4_len3872410",2,"SID1","3510_Z4__g005017--FGSG_05371..FSPOR_356","42318..44043","no","3510_Z4_len3872410.region002"
"NRRL3510","3510_Z4_len3872410",2,"3510_Z4__g005018--FGSG_05370..FSPOR_357","3510_Z4__g005018--FGSG_05370..FSPOR_357","45833..48686","no","3510_Z4_len3872410.region002"
"NRRL3510","3510_Z4_len3872410",2,"3510_Z4__g005019--FGSG_05369..FSPOR_358","3510_Z4__g005019--FGSG_05369..FSPOR_358","49220..49924","no","3510_Z4_len3872410.region002"
"NRRL3510","3510_Z4_len3872410",2,"3510_Z4__g005020--FGSG_05368..FSPOR_359","3510_Z4__g005020--FGSG_05368..FSPOR_359","52150..53940","no","3510_Z4_len3872410.region002"
"NRRL3510","3510_Z4_len3872410",2,"3510_Z4__g005021--FGSG_05367..FSPOR_360","3510_Z4__g005021--FGSG_05367..FSPOR_360","complement(54046..55758)","no","3510_Z4_len3872410.region002"
"NRRL3510","3510_Z4_len3872410",2,"3510_Z4__g005022--FGSG_05366..FSPOR_361","3510_Z4__g005022--FGSG_05366..FSPOR_361","56714..57767","no","3510_Z4_len3872410.region002"
"NRRL3510","3510_Z4_len3872410",2,"PRE9","3510_Z4__g005023--FGSG_05365..FSPOR_362","complement(58016..58965)","no","3510_Z4_len3872410.region002"
"NRRL3510","3510_Z4_len3872410",2,"BYE1","3510_Z4__g005024--FGSG_05364..FSPOR_363","60211..62894","no","3510_Z4_len3872410.region002"
"NRRL3510","3510_Z4_len3872410",3,"3510_Z4__g005042--FGSG_05342..FSPOR_380","3510_Z4__g005042--FGSG_05342..FSPOR_380","complement(257..1335)","no","3510_Z4_len3872410.region003"
"NRRL3510","3510_Z4_len3872410",3,"3510_Z4__g005043--FGSG_05341..FSPOR_381","3510_Z4__g005043--FGSG_05341..FSPOR_381","4936..5505","no","3510_Z4_len3872410.region003"
"NRRL3510","3510_Z4_len3872410",3,"3510_Z4__g005044--FGSG_05340..FSPOR_382","3510_Z4__g005044--FGSG_05340..FSPOR_382","complement(6151..7833)","no","3510_Z4_len3872410.region003"
"NRRL3510","3510_Z4_len3872410",3,"3510_Z4__g005045--FGSG_05339..FSPOR_3580","3510_Z4__g005045--FGSG_05339..FSPOR_3580","14274..14996","no","3510_Z4_len3872410.region003"
"NRRL3510","3510_Z4_len3872410",3,"3510_Z4__g005046--FGSG_11988..FSPOR_3578","3510_Z4__g005046--FGSG_11988..FSPOR_3578","complement(20001..24875)","no","3510_Z4_len3872410.region003"
"NRRL3510","3510_Z4_len3872410",3,"3510_Z4__g005047","3510_Z4__g005047","complement(25388..29467)","no","3510_Z4_len3872410.region003"
"NRRL3510","3510_Z4_len3872410",3,"3510_Z4__g005048--FGSG_11987..FSPOR_3577","3510_Z4__g005048--FGSG_11987..FSPOR_3577","30429..32217","no","3510_Z4_len3872410.region003"
"NRRL3510","3510_Z4_len3872410",3,"3510_Z4__g005049--FGSG_11986..FSPOR_3576","3510_Z4__g005049--FGSG_11986..FSPOR_3576","33395..35014","no","3510_Z4_len3872410.region003"
"NRRL3510","3510_Z4_len3872410",3,"3510_Z4__g005050--FGSG_11985..FSPOR_3575","3510_Z4__g005050--FGSG_11985..FSPOR_3575","35822..36454","no","3510_Z4_len3872410.region003"
"NRRL3510","3510_Z4_len3872410",3,"3510_Z4__g005051--FGSG_11984..FSPOR_3574","3510_Z4__g005051--FGSG_11984..FSPOR_3574","37395..37976","no","3510_Z4_len3872410.region003"
"NRRL3510","3510_Z4_len3872410",3,"3510_Z4__g005052--FGSG_01681..FSPOR_3573","3510_Z4__g005052--FGSG_01681..FSPOR_3573","complement(38690..40727)","no","3510_Z4_len3872410.region003"
"NRRL3510","3510_Z4_len3872410",3,"3510_Z4__g005053--FGSG_01680..FSPOR_3572","3510_Z4__g005053--FGSG_01680..FSPOR_3572","41473..46525","no","3510_Z4_len3872410.region003"
"NRRL3510","3510_Z4_len3872410",3,"MLP1","3510_Z4__g005054--FGSG_05337..FSPOR_3571","47903..54159","no","3510_Z4_len3872410.region003"
"NRRL3510","3510_Z4_len3872410",3,"MAK5","3510_Z4__g005055--FGSG_05336..FSPOR_3570","54849..57245","no","3510_Z4_len3872410.region003"
"NRRL3510","3510_Z4_len3872410",3,"3510_Z4__g005056--FGSG_05335..FSPOR_3569","3510_Z4__g005056--FGSG_05335..FSPOR_3569","58028..59249","no","3510_Z4_len3872410.region003"
"NRRL3510","3510_Z4_len3872410",3,"3510_Z4__g005057--FGSG_05334..FSPOR_3568","3510_Z4__g005057--FGSG_05334..FSPOR_3568","complement(59270..60833)","no","3510_Z4_len3872410.region003"
"NRRL3510","3510_Z4_len3872410",3,"3510_Z4__g005058--FGSG_05333..FSPOR_3567","3510_Z4__g005058--FGSG_05333..FSPOR_3567","complement(61648..62694)","no","3510_Z4_len3872410.region003"
"NRRL3510","3510_Z4_len3872410",3,"3510_Z4__g005059--FGSG_05332..FSPOR_3566","3510_Z4__g005059--FGSG_05332..FSPOR_3566","64059..64727","no","3510_Z4_len3872410.region003"
"NRRL3510","3510_Z5_len2996132",1,"3510_Z5__g006139--FGSG_00455..FSPOR_10177","3510_Z5__g006139--FGSG_00455..FSPOR_10177","3067..4083","no","3510_Z5_len2996132.region001"
"NRRL3510","3510_Z5_len2996132",1,"3510_Z5__g006140--FGSG_00454..FSPOR_10178","3510_Z5__g006140--FGSG_00454..FSPOR_10178","4965..6391","no","3510_Z5_len2996132.region001"
"NRRL3510","3510_Z5_len2996132",1,"3510_Z5__g006141--FGSG_00453..FSPOR_10179","3510_Z5__g006141--FGSG_00453..FSPOR_10179","complement(6918..7617)","no","3510_Z5_len2996132.region001"
"NRRL3510","3510_Z5_len2996132",1,"3510_Z5__g006142--FGSG_00452..FSPOR_10180","3510_Z5__g006142--FGSG_00452..FSPOR_10180","9132..9878","no","3510_Z5_len2996132.region001"
"NRRL3510","3510_Z5_len2996132",1,"3510_Z5__g006143--FGSG_00451..FSPOR_10181","3510_Z5__g006143--FGSG_00451..FSPOR_10181","complement(10001..10936)","no","3510_Z5_len2996132.region001"
"NRRL3510","3510_Z5_len2996132",1,"3510_Z5__g006144--FGSG_00450..FSPOR_10182","3510_Z5__g006144--FGSG_00450..FSPOR_10182","complement(12543..13451)","no","3510_Z5_len2996132.region001"
"NRRL3510","3510_Z5_len2996132",1,"PWP1","3510_Z5__g006145--FGSG_00449..FSPOR_10183","complement(16644..18330)","no","3510_Z5_len2996132.region001"
"NRRL3510","3510_Z5_len2996132",2,"3510_Z5__g006492--FSPOR_6970","3510_Z5__g006492--FSPOR_6970","985..3564","no","3510_Z5_len2996132.region002"
"NRRL3510","3510_Z5_len2996132",2,"3510_Z5__g006493--FSPOR_8882","3510_Z5__g006493--FSPOR_8882","complement(4294..5463)","no","3510_Z5_len2996132.region002"
"NRRL3510","3510_Z5_len2996132",2,"3510_Z5__g006494--FSPOR_8884","3510_Z5__g006494--FSPOR_8884","10323..11875","no","3510_Z5_len2996132.region002"
"NRRL3510","3510_Z5_len2996132",2,"3510_Z5__g006495--FSPOR_8885","3510_Z5__g006495--FSPOR_8885","complement(11980..13178)","no","3510_Z5_len2996132.region002"
"NRRL3510","3510_Z5_len2996132",2,"3510_Z5__g006496--FSPOR_8886","3510_Z5__g006496--FSPOR_8886","complement(14789..17266)","no","3510_Z5_len2996132.region002"
"NRRL3510","3510_Z5_len2996132",2,"3510_Z5__g006497--FSPOR_8887","3510_Z5__g006497--FSPOR_8887","20001..22166","no","3510_Z5_len2996132.region002"
"NRRL3510","3510_Z5_len2996132",2,"3510_Z5__g006498--FSPOR_8888","3510_Z5__g006498--FSPOR_8888","complement(22800..23378)","no","3510_Z5_len2996132.region002"
"NRRL3510","3510_Z5_len2996132",2,"3510_Z5__g006499","3510_Z5__g006499","27988..29064","no","3510_Z5_len2996132.region002"
"NRRL3510","3510_Z5_len2996132",2,"3510_Z5__g006500","3510_Z5__g006500","33851..34651","no","3510_Z5_len2996132.region002"
"NRRL3510","3510_Z5_len2996132",2,"3510_Z5__g006501--FGSG_00031..FSPOR_8893","3510_Z5__g006501--FGSG_00031..FSPOR_8893","complement(36802..40940)","no","3510_Z5_len2996132.region002"
"NRRL3510","3510_Z6_len1896649",1,"3510_Z6__g006590--FGSG_02333..FSPOR_6903","3510_Z6__g006590--FGSG_02333..FSPOR_6903","1483..2712","no","3510_Z6_len1896649.region001"
"NRRL3510","3510_Z6_len1896649",1,"3510_Z6__g006591--FGSG_02332..FSPOR_6902","3510_Z6__g006591--FGSG_02332..FSPOR_6902","complement(3682..4695)","no","3510_Z6_len1896649.region001"
"NRRL3510","3510_Z6_len1896649",1,"3510_Z6__g006592--FGSG_02331..FSPOR_6901","3510_Z6__g006592--FGSG_02331..FSPOR_6901","6256..7551","no","3510_Z6_len1896649.region001"
"NRRL3510","3510_Z6_len1896649",1,"AURL2","3510_Z6__g006593--FGSG_02330..FSPOR_6900","8525..10429","no","3510_Z6_len1896649.region001"
"NRRL3510","3510_Z6_len1896649",1,"3510_Z6__g006594--FGSG_02329..FSPOR_6899","3510_Z6__g006594--FGSG_02329..FSPOR_6899","complement(10700..11981)","no","3510_Z6_len1896649.region001"
"NRRL3510","3510_Z6_len1896649",1,"GIP1","3510_Z6__g006595--FGSG_02328..FSPOR_6898","12322..14541","no","3510_Z6_len1896649.region001"
"NRRL3510","3510_Z6_len1896649",1,"3510_Z6__g006596--FGSG_02327..FSPOR_6897","3510_Z6__g006596--FGSG_02327..FSPOR_6897","complement(14931..16732)","no","3510_Z6_len1896649.region001"
"NRRL3510","3510_Z6_len1896649",1,"3510_Z6__g006597--FGSG_02326..FSPOR_6896","3510_Z6__g006597--FGSG_02326..FSPOR_6896","17201..18632","no","3510_Z6_len1896649.region001"
"NRRL3510","3510_Z6_len1896649",1,"3510_Z6__g006598--FGSG_02325..FSPOR_6895","3510_Z6__g006598--FGSG_02325..FSPOR_6895","complement(18954..19467)","no","3510_Z6_len1896649.region001"
"NRRL3510","3510_Z6_len1896649",1,"PKS12","3510_Z6__g006599--FGSG_02324..FSPOR_6894","20001..26485","no","3510_Z6_len1896649.region001"
"NRRL3510","3510_Z6_len1896649",1,"AURR2","3510_Z6__g006600--FGSG_02323..FSPOR_6893","complement(26821..29031)","no","3510_Z6_len1896649.region001"
"NRRL3510","3510_Z6_len1896649",1,"3510_Z6__g006601--FGSG_02322..FSPOR_6892","3510_Z6__g006601--FGSG_02322..FSPOR_6892","29671..31370","no","3510_Z6_len1896649.region001"
"NRRL3510","3510_Z6_len1896649",1,"3510_Z6__g006602--FGSG_02321..FSPOR_6891","3510_Z6__g006602--FGSG_02321..FSPOR_6891","complement(31879..33501)","no","3510_Z6_len1896649.region001"
"NRRL3510","3510_Z6_len1896649",1,"AURR1","3510_Z6__g006603--FGSG_02320..FSPOR_6890","34788..35999","no","3510_Z6_len1896649.region001"
"NRRL3510","3510_Z6_len1896649",1,"3510_Z6__g006604--FGSG_02317..FSPOR_6889","3510_Z6__g006604--FGSG_02317..FSPOR_6889","complement(36825..37901)","no","3510_Z6_len1896649.region001"
"NRRL3510","3510_Z6_len1896649",1,"3510_Z6__g006605--FGSG_02316..FSPOR_6888","3510_Z6__g006605--FGSG_02316..FSPOR_6888","complement(38977..43927)","no","3510_Z6_len1896649.region001"
"NRRL3510","3510_Z6_len1896649",1,"3510_Z6__g006606--FGSG_02315..FSPOR_6887","3510_Z6__g006606--FGSG_02315..FSPOR_6887","46928..69664","no","3510_Z6_len1896649.region001"
"NRRL3510","3510_Z6_len1896649",1,"3510_Z6__g006607--FGSG_02314..FSPOR_6886","3510_Z6__g006607--FGSG_02314..FSPOR_6886","complement(70158..76644)","no","3510_Z6_len1896649.region001"
"NRRL3510","3510_Z6_len1896649",1,"3510_Z6__g006608--FGSG_02313..FSPOR_6884","3510_Z6__g006608--FGSG_02313..FSPOR_6884","78318..78923","no","3510_Z6_len1896649.region001"
"NRRL3510","3510_Z6_len1896649",1,"3510_Z6__g006609--FGSG_02312..FSPOR_6883","3510_Z6__g006609--FGSG_02312..FSPOR_6883","complement(79013..80728)","no","3510_Z6_len1896649.region001"
"NRRL3510","3510_Z6_len1896649",1,"3510_Z6__g006610--FGSG_02311..FSPOR_6882","3510_Z6__g006610--FGSG_02311..FSPOR_6882","81941..83902","no","3510_Z6_len1896649.region001"
"NRRL3510","3510_Z6_len1896649",1,"3510_Z6__g006611--FGSG_02309..FSPOR_6881","3510_Z6__g006611--FGSG_02309..FSPOR_6881","complement(84336..84904)","no","3510_Z6_len1896649.region001"
"NRRL3510","3510_Z6_len1896649",1,"3510_Z6__g006612--FGSG_02308..FSPOR_6880","3510_Z6__g006612--FGSG_02308..FSPOR_6880","85876..87308","no","3510_Z6_len1896649.region001"
"NRRL3510","3510_Z6_len1896649",1,"3510_Z6__g006613--FSPOR_6879","3510_Z6__g006613--FSPOR_6879","complement(87406..90643)","no","3510_Z6_len1896649.region001"
"NRRL3510","3510_Z6_len1896649",1,"3510_Z6__g006614--FSPOR_6878","3510_Z6__g006614--FSPOR_6878","91522..92749","no","3510_Z6_len1896649.region001"
"NRRL3510","3510_Z6_len1896649",1,"3510_Z6__g006615--FSPOR_6877","3510_Z6__g006615--FSPOR_6877","94383..94690","no","3510_Z6_len1896649.region001"
"NRRL3510","3510_Z6_len1896649",1,"3510_Z6__g006616--FSPOR_6876","3510_Z6__g006616--FSPOR_6876","complement(95337..96038)","no","3510_Z6_len1896649.region001"
"NRRL3510","3510_Z6_len1896649",1,"3510_Z6__g006617--FSPOR_6875","3510_Z6__g006617--FSPOR_6875","97261..101474","no","3510_Z6_len1896649.region001"
"NRRL3510","3510_Z6_len1896649",1,"3510_Z6__g006618--FGSG_02296..FSPOR_6874","3510_Z6__g006618--FGSG_02296..FSPOR_6874","102363..103969","no","3510_Z6_len1896649.region001"
"NRRL3510","3510_Z6_len1896649",1,"3510_Z6__g006619--FSPOR_6873","3510_Z6__g006619--FSPOR_6873","104533..105495","no","3510_Z6_len1896649.region001"
"NRRL3510","3510_Z6_len1896649",1,"3510_Z6__g006620--FGSG_02294..FSPOR_6871","3510_Z6__g006620--FGSG_02294..FSPOR_6871","110888..111861","no","3510_Z6_len1896649.region001"
"NRRL3510","3510_Z6_len1896649",1,"3510_Z6__g006621--FGSG_02293..FSPOR_6870","3510_Z6__g006621--FGSG_02293..FSPOR_6870","112843..114180","no","3510_Z6_len1896649.region001"
"NRRL3510","3510_Z6_len1896649",1,"3510_Z6__g006622--FGSG_02292..FSPOR_6869","3510_Z6__g006622--FGSG_02292..FSPOR_6869","complement(114461..116424)","no","3510_Z6_len1896649.region001"
"NRRL3510","3510_Z6_len1896649",1,"3510_Z6__g006623--FGSG_02291..FSPOR_6868","3510_Z6__g006623--FGSG_02291..FSPOR_6868","complement(119620..120804)","no","3510_Z6_len1896649.region001"
"NRRL3510","3510_Z6_len1896649",2,"3510_Z6__g006652--FGSG_02259..FSPOR_6832","3510_Z6__g006652--FGSG_02259..FSPOR_6832","complement(3278..4240)","no","3510_Z6_len1896649.region002"
"NRRL3510","3510_Z6_len1896649",2,"3510_Z6__g006653--FGSG_02258..FSPOR_6831","3510_Z6__g006653--FGSG_02258..FSPOR_6831","5010..6186","no","3510_Z6_len1896649.region002"
"NRRL3510","3510_Z6_len1896649",2,"3510_Z6__g006654--FGSG_12106..FSPOR_6830","3510_Z6__g006654--FGSG_12106..FSPOR_6830","7188..8908","no","3510_Z6_len1896649.region002"
"NRRL3510","3510_Z6_len1896649",2,"3510_Z6__g006655--FGSG_12105..FSPOR_6829","3510_Z6__g006655--FGSG_12105..FSPOR_6829","8916..10243","no","3510_Z6_len1896649.region002"
"NRRL3510","3510_Z6_len1896649",2,"3510_Z6__g006656--FGSG_02255..FSPOR_6828","3510_Z6__g006656--FGSG_02255..FSPOR_6828","11388..12111","no","3510_Z6_len1896649.region002"
"NRRL3510","3510_Z6_len1896649",2,"3510_Z6__g006657","3510_Z6__g006657","13602..13673","yes","3510_Z6_len1896649.region002"
"NRRL3510","3510_Z6_len1896649",2,"3510_Z6__g006658--FGSG_07754..FSPOR_6826","3510_Z6__g006658--FGSG_07754..FSPOR_6826","14246..15184","no","3510_Z6_len1896649.region002"
"NRRL3510","3510_Z6_len1896649",2,"SIT1_2","3510_Z6__g006659--FGSG_02252..FSPOR_6825","complement(15765..17525)","no","3510_Z6_len1896649.region002"
"NRRL3510","3510_Z6_len1896649",2,"3510_Z6__g006660--FGSG_07755..FSPOR_6824","3510_Z6__g006660--FGSG_07755..FSPOR_6824","complement(18337..18834)","no","3510_Z6_len1896649.region002"
"NRRL3510","3510_Z6_len1896649",2,"3510_Z6__g006661--FGSG_02251..FSPOR_6823","3510_Z6__g006661--FGSG_02251..FSPOR_6823","complement(20001..23345)","no","3510_Z6_len1896649.region002"
"NRRL3510","3510_Z6_len1896649",2,"3510_Z6__g006662","3510_Z6__g006662","complement(23890..25417)","no","3510_Z6_len1896649.region002"
"NRRL3510","3510_Z6_len1896649",2,"3510_Z6__g006663--FGSG_02249..FSPOR_6822","3510_Z6__g006663--FGSG_02249..FSPOR_6822","26280..26989","no","3510_Z6_len1896649.region002"
"NRRL3510","3510_Z6_len1896649",2,"ZRT1_2","3510_Z6__g006664--FGSG_02248..FSPOR_6821","28155..30149","no","3510_Z6_len1896649.region002"
"NRRL3510","3510_Z6_len1896649",2,"AYR1","3510_Z6__g006665--FGSG_02247..FSPOR_6820","complement(30520..31569)","no","3510_Z6_len1896649.region002"
"NRRL3510","3510_Z6_len1896649",2,"3510_Z6__g006666--FGSG_02245..FSPOR_6819","3510_Z6__g006666--FGSG_02245..FSPOR_6819","complement(32890..33861)","no","3510_Z6_len1896649.region002"
"NRRL3510","3510_Z6_len1896649",2,"3510_Z6__g006667--FGSG_02244..FSPOR_6818","3510_Z6__g006667--FGSG_02244..FSPOR_6818","complement(35007..37752)","no","3510_Z6_len1896649.region002"
"NRRL3510","3510_Z6_len1896649",3,"3510_Z6__g006937--FGSG_12039..FSPOR_1009","3510_Z6__g006937--FGSG_12039..FSPOR_1009","1878..7312","no","3510_Z6_len1896649.region003"
"NRRL3510","3510_Z6_len1896649",3,"3510_Z6__g006938--FGSG_01963..FSPOR_1010","3510_Z6__g006938--FGSG_01963..FSPOR_1010","complement(7994..9438)","no","3510_Z6_len1896649.region003"
"NRRL3510","3510_Z6_len1896649",3,"3510_Z6__g006939--FGSG_01962..FSPOR_1011","3510_Z6__g006939--FGSG_01962..FSPOR_1011","10415..12466","no","3510_Z6_len1896649.region003"
"NRRL3510","3510_Z6_len1896649",3,"3510_Z6__g006940--FSPOR_1012","3510_Z6__g006940--FSPOR_1012","13522..15369","no","3510_Z6_len1896649.region003"
"NRRL3510","3510_Z6_len1896649",3,"3510_Z6__g006941--FSPOR_1013","3510_Z6__g006941--FSPOR_1013","complement(15761..16656)","no","3510_Z6_len1896649.region003"
"NRRL3510","3510_Z6_len1896649",3,"3510_Z6__g006942","3510_Z6__g006942","complement(17109..17329)","no","3510_Z6_len1896649.region003"
"NRRL3510","3510_Z6_len1896649",3,"PKS40_1","3510_Z6__g006943--FSPOR_1014","complement(20001..27878)","no","3510_Z6_len1896649.region003"
"NRRL3510","3510_Z6_len1896649",3,"3510_Z6__g006944--FSPOR_1015","3510_Z6__g006944--FSPOR_1015","28997..29852","no","3510_Z6_len1896649.region003"
"NRRL3510","3510_Z6_len1896649",3,"3510_Z6__g006945--FSPOR_1016","3510_Z6__g006945--FSPOR_1016","complement(30354..34460)","no","3510_Z6_len1896649.region003"
"NRRL3510","3510_Z6_len1896649",3,"3510_Z6__g006946--FSPOR_1017","3510_Z6__g006946--FSPOR_1017","35343..37394","no","3510_Z6_len1896649.region003"
"NRRL3510","3510_Z6_len1896649",3,"NRPS32","3510_Z6__g006947--FGSG_13878..FSPOR_1018","38990..65892","no","3510_Z6_len1896649.region003"
"NRRL3510","3510_Z6_len1896649",3,"3510_Z6__g006948--FGSG_01960..FSPOR_1019","3510_Z6__g006948--FGSG_01960..FSPOR_1019","complement(66509..66898)","no","3510_Z6_len1896649.region003"
"NRRL3510","3510_Z6_len1896649",3,"ERG5","3510_Z6__g006949--FGSG_01959..FSPOR_1020","70803..72647","no","3510_Z6_len1896649.region003"
"NRRL3510","3510_Z6_len1896649",3,"3510_Z6__g006950--FGSG_01958..FSPOR_1021","3510_Z6__g006950--FGSG_01958..FSPOR_1021","73427..74035","no","3510_Z6_len1896649.region003"
"NRRL3510","3510_Z6_len1896649",3,"3510_Z6__g006951--FGSG_01957..FSPOR_1022","3510_Z6__g006951--FGSG_01957..FSPOR_1022","complement(74278..75281)","no","3510_Z6_len1896649.region003"
"NRRL3510","3510_Z6_len1896649",3,"3510_Z6__g006952--FGSG_01956..FSPOR_1023","3510_Z6__g006952--FGSG_01956..FSPOR_1023","complement(77040..78893)","no","3510_Z6_len1896649.region003"
"NRRL3510","3510_Z6_len1896649",3,"ANB1","3510_Z6__g006953--FGSG_01955..FSPOR_1024","complement(79679..80566)","no","3510_Z6_len1896649.region003"
"NRRL3510","3510_Z6_len1896649",3,"VPS52","3510_Z6__g006954--FGSG_01954..FSPOR_1025","82284..84369","no","3510_Z6_len1896649.region003"
"NRRL3510","3510_Z6_len1896649",4,"3510_Z6__g007108--FGSG_01798..FSPOR_2667","3510_Z6__g007108--FGSG_01798..FSPOR_2667","4996..5769","no","3510_Z6_len1896649.region004"
"NRRL3510","3510_Z6_len1896649",4,"3510_Z6__g007109--FGSG_01797..FSPOR_2668","3510_Z6__g007109--FGSG_01797..FSPOR_2668","6348..7792","no","3510_Z6_len1896649.region004"
"NRRL3510","3510_Z6_len1896649",4,"3510_Z6__g007110--FGSG_01795..FSPOR_2670","3510_Z6__g007110--FGSG_01795..FSPOR_2670","9705..10355","no","3510_Z6_len1896649.region004"
"NRRL3510","3510_Z6_len1896649",4,"3510_Z6__g007111--FGSG_01794..FSPOR_2671","3510_Z6__g007111--FGSG_01794..FSPOR_2671","complement(12271..13337)","no","3510_Z6_len1896649.region004"
"NRRL3510","3510_Z6_len1896649",4,"3510_Z6__g007112--FGSG_01792..FSPOR_2673","3510_Z6__g007112--FGSG_01792..FSPOR_2673","15471..17237","no","3510_Z6_len1896649.region004"
"NRRL3510","3510_Z6_len1896649",4,"3510_Z6__g007113--FGSG_01791..FSPOR_2674","3510_Z6__g007113--FGSG_01791..FSPOR_2674","complement(17919..19311)","no","3510_Z6_len1896649.region004"
"NRRL3510","3510_Z6_len1896649",4,"3510_Z6__g007114--FGSG_01790..FSPOR_2675","3510_Z6__g007114--FGSG_01790..FSPOR_2675","complement(20001..27595)","no","3510_Z6_len1896649.region004"
"NRRL3510","3510_Z6_len1896649",4,"3510_Z6__g007115--FGSG_01789..FSPOR_2676","3510_Z6__g007115--FGSG_01789..FSPOR_2676","complement(28205..30250)","no","3510_Z6_len1896649.region004"
"NRRL3510","3510_Z6_len1896649",4,"3510_Z6__g007116","3510_Z6__g007116","32855..33217","no","3510_Z6_len1896649.region004"
"NRRL3510","3510_Z6_len1896649",4,"3510_Z6__g007117--FGSG_01787..FSPOR_2677","3510_Z6__g007117--FGSG_01787..FSPOR_2677","34130..34933","no","3510_Z6_len1896649.region004"
"NRRL3510","3510_Z6_len1896649",4,"3510_Z6__g007118--FGSG_01786..FSPOR_2678","3510_Z6__g007118--FGSG_01786..FSPOR_2678","complement(35250..36459)","no","3510_Z6_len1896649.region004"
"NRRL3510","3510_Z6_len1896649",4,"3510_Z6__g007119--FGSG_01785..FSPOR_2679","3510_Z6__g007119--FGSG_01785..FSPOR_2679","complement(37764..39146)","no","3510_Z6_len1896649.region004"
"NRRL3510","3510_Z6_len1896649",4,"3510_Z6__g007120--FGSG_01784..FSPOR_2680","3510_Z6__g007120--FGSG_01784..FSPOR_2680","complement(39913..41097)","no","3510_Z6_len1896649.region004"
"NRRL3510","3510_Z6_len1896649",4,"3510_Z6__g007121--FGSG_01783..FSPOR_2681","3510_Z6__g007121--FGSG_01783..FSPOR_2681","41940..43048","no","3510_Z6_len1896649.region004"
"NRRL3510","3510_Z6_len1896649",4,"3510_Z6__g007122--FGSG_01782..FSPOR_2682","3510_Z6__g007122--FGSG_01782..FSPOR_2682","43372..43908","no","3510_Z6_len1896649.region004"
"NRRL3510","3510_Z6_len1896649",4,"3510_Z6__g007123--FGSG_01781..FSPOR_2683","3510_Z6__g007123--FGSG_01781..FSPOR_2683","complement(44083..46327)","no","3510_Z6_len1896649.region004"
"NRRL3510","3510_Z7_len1799394",1,"POM1","3510_Z7__g007246--FGSG_10095..FSPOR_2745","complement(807..4923)","no","3510_Z7_len1799394.region001"
"NRRL3510","3510_Z7_len1799394",1,"PEX29","3510_Z7__g007247--FGSG_10096..FSPOR_2744","8039..9603","no","3510_Z7_len1799394.region001"
"NRRL3510","3510_Z7_len1799394",1,"BTS1","3510_Z7__g007248--FGSG_10097..FSPOR_2743","complement(10001..11251)","no","3510_Z7_len1799394.region001"
"NRRL3510","3510_Z7_len1799394",1,"3510_Z7__g007249--FGSG_10098..FSPOR_2742","3510_Z7__g007249--FGSG_10098..FSPOR_2742","13454..15241","no","3510_Z7_len1799394.region001"
"NRRL3510","3510_Z7_len1799394",1,"3510_Z7__g007250","3510_Z7__g007250","15598..16222","no","3510_Z7_len1799394.region001"
"NRRL3510","3510_Z7_len1799394",1,"3510_Z7__g007251--FGSG_10100..FSPOR_2741","3510_Z7__g007251--FGSG_10100..FSPOR_2741","17459..18442","no","3510_Z7_len1799394.region001"
"NRRL3510","3510_Z7_len1799394",1,"3510_Z7__g007252--FGSG_10101..FSPOR_2740","3510_Z7__g007252--FGSG_10101..FSPOR_2740","complement(18758..20018)","no","3510_Z7_len1799394.region001"
"NRRL3510","3510_Z7_len1799394",2,"3510_Z7__g007668--FGSG_10517..FSPOR_10930","3510_Z7__g007668--FGSG_10517..FSPOR_10930","744..2621","no","3510_Z7_len1799394.region002"
"NRRL3510","3510_Z7_len1799394",2,"YVH1","3510_Z7__g007669--FGSG_10516..FSPOR_10929","4999..6248","no","3510_Z7_len1799394.region002"
"NRRL3510","3510_Z7_len1799394",2,"3510_Z7__g007670--FGSG_10521..FSPOR_10927","3510_Z7__g007670--FGSG_10521..FSPOR_10927","13149..14054","no","3510_Z7_len1799394.region002"
"NRRL3510","3510_Z7_len1799394",2,"3510_Z7__g007671--FGSG_10522..FSPOR_10926","3510_Z7__g007671--FGSG_10522..FSPOR_10926","16711..19476","no","3510_Z7_len1799394.region002"
"NRRL3510","3510_Z7_len1799394",2,"3510_Z7__g007672--FGSG_10523..FSPOR_10925","3510_Z7__g007672--FGSG_10523..FSPOR_10925","complement(20001..27643)","no","3510_Z7_len1799394.region002"
"NRRL3510","3510_Z7_len1799394",2,"SIT4_1","3510_Z7__g007673--FSPOR_10924","complement(29418..29936)","no","3510_Z7_len1799394.region002"
"NRRL3510","3510_Z7_len1799394",2,"3510_Z7__g007674--FGSG_10524..FSPOR_10923","3510_Z7__g007674--FGSG_10524..FSPOR_10923","complement(30525..33658)","no","3510_Z7_len1799394.region002"
"NRRL3510","3510_Z7_len1799394",2,"3510_Z7__g007675--FGSG_10526..FSPOR_10922","3510_Z7__g007675--FGSG_10526..FSPOR_10922","36098..38479","no","3510_Z7_len1799394.region002"
"NRRL3510","3510_Z7_len1799394",2,"SUB2_1","3510_Z7__g007676--FGSG_10525..FSPOR_10921","39286..40680","no","3510_Z7_len1799394.region002"
"NRRL3510","3510_Z7_len1799394",2,"3510_Z7__g007677--FGSG_10528..FSPOR_10920","3510_Z7__g007677--FGSG_10528..FSPOR_10920","42475..45166","no","3510_Z7_len1799394.region002"
"NRRL3510","3510_Z7_len1799394",2,"3510_Z7__g007678--FGSG_10529..FSPOR_10919","3510_Z7__g007678--FGSG_10529..FSPOR_10919","complement(45619..47250)","no","3510_Z7_len1799394.region002"
"NRRL3510","3510_Z8_len1275139",1,"3510_Z8__g007728","3510_Z8__g007728","complement(923..1009)","yes","3510_Z8_len1275139.region001"
"NRRL3510","3510_Z8_len1275139",1,"3510_Z8__g007729--FGSG_08172..FSPOR_4190","3510_Z8__g007729--FGSG_08172..FSPOR_4190","6093..6549","no","3510_Z8_len1275139.region001"
"NRRL3510","3510_Z8_len1275139",1,"3510_Z8__g007730--FGSG_08173..FSPOR_4191","3510_Z8__g007730--FGSG_08173..FSPOR_4191","7395..9240","no","3510_Z8_len1275139.region001"
"NRRL3510","3510_Z8_len1275139",1,"3510_Z8__g007731--FGSG_08174..FSPOR_4192","3510_Z8__g007731--FGSG_08174..FSPOR_4192","complement(9865..10899)","no","3510_Z8_len1275139.region001"
"NRRL3510","3510_Z8_len1275139",1,"3510_Z8__g007732--FSPOR_6044","3510_Z8__g007732--FSPOR_6044","complement(11985..13648)","no","3510_Z8_len1275139.region001"
"NRRL3510","3510_Z8_len1275139",1,"3510_Z8__g007733--FGSG_08175..FSPOR_6045","3510_Z8__g007733--FGSG_08175..FSPOR_6045","16953..18446","no","3510_Z8_len1275139.region001"
"NRRL3510","3510_Z8_len1275139",1,"3510_Z8__g007734","3510_Z8__g007734","18836..19252","no","3510_Z8_len1275139.region001"
"NRRL3510","3510_Z8_len1275139",1,"3510_Z8__g007735--FGSG_08181..FSPOR_6046","3510_Z8__g007735--FGSG_08181..FSPOR_6046","complement(19542..20033)","no","3510_Z8_len1275139.region001"
"NRRL3510","3510_Z8_len1275139",1,"3510_Z8__g007736--FGSG_08182..FSPOR_6047","3510_Z8__g007736--FGSG_08182..FSPOR_6047","20233..21066","no","3510_Z8_len1275139.region001"
"NRRL3510","3510_Z8_len1275139",1,"3510_Z8__g007737--FGSG_08183..FSPOR_6048","3510_Z8__g007737--FGSG_08183..FSPOR_6048","21949..23911","no","3510_Z8_len1275139.region001"
"NRRL3510","3510_Z8_len1275139",1,"3510_Z8__g007738--FGSG_08184..FSPOR_6049","3510_Z8__g007738--FGSG_08184..FSPOR_6049","25001..29162","no","3510_Z8_len1275139.region001"
"NRRL3510","3510_Z8_len1275139",1,"3510_Z8__g007739--FGSG_08185..FSPOR_6050","3510_Z8__g007739--FGSG_08185..FSPOR_6050","30132..31593","no","3510_Z8_len1275139.region001"
"NRRL3510","3510_Z8_len1275139",1,"3510_Z8__g007740--FGSG_08186..FSPOR_6051","3510_Z8__g007740--FGSG_08186..FSPOR_6051","complement(32285..34169)","no","3510_Z8_len1275139.region001"
"NRRL3510","3510_Z8_len1275139",1,"3510_Z8__g007741--FGSG_08187..FSPOR_6052","3510_Z8__g007741--FGSG_08187..FSPOR_6052","complement(35127..36922)","no","3510_Z8_len1275139.region001"
"NRRL3510","3510_Z8_len1275139",1,"CCC2_1","3510_Z8__g007742--FGSG_08188..FSPOR_6053","38144..41375","no","3510_Z8_len1275139.region001"
"NRRL3510","3510_Z8_len1275139",1,"3510_Z8__g007743--FSPOR_6055","3510_Z8__g007743--FSPOR_6055","complement(46387..47172)","no","3510_Z8_len1275139.region001"
"NRRL3510","3510_Z8_len1275139",1,"GDE1_1","3510_Z8__g007744","complement(47881..48543)","no","3510_Z8_len1275139.region001"
"NRRL3510","3510_Z8_len1275139",1,"3510_Z8__g007745--FGSG_08190..FSPOR_6056","3510_Z8__g007745--FGSG_08190..FSPOR_6056","complement(51314..52307)","no","3510_Z8_len1275139.region001"
"NRRL3510","3510_Z8_len1275139",1,"3510_Z8__g007746--FGSG_08192..FSPOR_6058","3510_Z8__g007746--FGSG_08192..FSPOR_6058","complement(54678..55788)","no","3510_Z8_len1275139.region001"
"NRRL3510","3510_Z8_len1275139",2,"3510_Z8__g007751--FGSG_00021..FSPOR_11794","3510_Z8__g007751--FGSG_00021..FSPOR_11794","1934..2956","no","3510_Z8_len1275139.region002"
"NRRL3510","3510_Z8_len1275139",2,"3510_Z8__g007752","3510_Z8__g007752","3231..6790","no","3510_Z8_len1275139.region002"
"NRRL3510","3510_Z8_len1275139",2,"3510_Z8__g007753--FGSG_08203..FSPOR_6063","3510_Z8__g007753--FGSG_08203..FSPOR_6063","8240..9908","no","3510_Z8_len1275139.region002"
"NRRL3510","3510_Z8_len1275139",2,"3510_Z8__g007754--FGSG_08204..FSPOR_6064","3510_Z8__g007754--FGSG_08204..FSPOR_6064","11688..12919","no","3510_Z8_len1275139.region002"
"NRRL3510","3510_Z8_len1275139",2,"3510_Z8__g007755--FGSG_08205..FSPOR_6065","3510_Z8__g007755--FGSG_08205..FSPOR_6065","complement(13455..14771)","no","3510_Z8_len1275139.region002"
"NRRL3510","3510_Z8_len1275139",2,"3510_Z8__g007756--FGSG_08206..FSPOR_6066","3510_Z8__g007756--FGSG_08206..FSPOR_6066","16441..16819","no","3510_Z8_len1275139.region002"
"NRRL3510","3510_Z8_len1275139",2,"3510_Z8__g007757--FGSG_08207..FSPOR_6067","3510_Z8__g007757--FGSG_08207..FSPOR_6067","complement(17100..18849)","no","3510_Z8_len1275139.region002"
"NRRL3510","3510_Z8_len1275139",2,"PKS6","3510_Z8__g007758--FGSG_08208..FSPOR_6068","complement(20001..27766)","no","3510_Z8_len1275139.region002"
"NRRL3510","3510_Z8_len1275139",2,"NRPS7","3510_Z8__g007759--FGSG_08209..FSPOR_6069","29152..42334","no","3510_Z8_len1275139.region002"
"NRRL3510","3510_Z8_len1275139",2,"3510_Z8__g007760--FGSG_08210..FSPOR_6070","3510_Z8__g007760--FGSG_08210..FSPOR_6070","complement(43079..43629)","no","3510_Z8_len1275139.region002"
"NRRL3510","3510_Z8_len1275139",2,"3510_Z8__g007761--FSPOR_6071","3510_Z8__g007761--FSPOR_6071","complement(46212..47549)","no","3510_Z8_len1275139.region002"
"NRRL3510","3510_Z8_len1275139",2,"3510_Z8__g007762--FGSG_13420..FSPOR_6073","3510_Z8__g007762--FGSG_13420..FSPOR_6073","50882..51488","no","3510_Z8_len1275139.region002"
"NRRL3510","3510_Z8_len1275139",2,"3510_Z8__g007763--FGSG_08220..FSPOR_6074","3510_Z8__g007763--FGSG_08220..FSPOR_6074","complement(51615..52778)","no","3510_Z8_len1275139.region002"
"NRRL3510","3510_Z8_len1275139",2,"3510_Z8__g007764--FSPOR_6075","3510_Z8__g007764--FSPOR_6075","53423..54292","no","3510_Z8_len1275139.region002"
"NRRL3510","3510_Z8_len1275139",2,"3510_Z8__g007765--FGSG_09087..FSPOR_6076","3510_Z8__g007765--FGSG_09087..FSPOR_6076","54478..55197","no","3510_Z8_len1275139.region002"
"NRRL3510","3510_Z8_len1275139",2,"3510_Z8__g007766--FGSG_08221..FSPOR_6077","3510_Z8__g007766--FGSG_08221..FSPOR_6077","complement(55417..57224)","no","3510_Z8_len1275139.region002"
"NRRL3510","3510_Z8_len1275139",2,"3510_Z8__g007767","3510_Z8__g007767","complement(62469..64517)","no","3510_Z8_len1275139.region002"
"NRRL3510","3510_Z8_len1275139",2,"3510_Z8__g007768--FSPOR_6081","3510_Z8__g007768--FSPOR_6081","complement(70655..71026)","no","3510_Z8_len1275139.region002"
"NRRL3510","3510_Z8_len1275139",2,"3510_Z8__g007769--FGSG_13418..FSPOR_6082","3510_Z8__g007769--FGSG_13418..FSPOR_6082","73105..74817","no","3510_Z8_len1275139.region002"
"NRRL3510","3510_Z8_len1275139",2,"3510_Z8__g007770--FGSG_08227..FSPOR_6083","3510_Z8__g007770--FGSG_08227..FSPOR_6083","complement(75487..77568)","no","3510_Z8_len1275139.region002"
"NRRL3510","3510_Z8_len1275139",2,"3510_Z8__g007771--FGSG_08228..FSPOR_6084","3510_Z8__g007771--FGSG_08228..FSPOR_6084","78440..80153","no","3510_Z8_len1275139.region002"
"NRRL3510","3510_Z8_len1275139",2,"3510_Z8__g007772--FSPOR_6086","3510_Z8__g007772--FSPOR_6086","complement(83405..84261)","no","3510_Z8_len1275139.region002"
"NRRL3510","3510_Z8_len1275139",2,"CTF1_2","3510_Z8__g007773--FSPOR_6087","complement(85137..89649)","no","3510_Z8_len1275139.region002"
"NRRL3510","3510_Z8_len1275139",2,"3510_Z8__g007774--FGSG_08230..FSPOR_6088","3510_Z8__g007774--FGSG_08230..FSPOR_6088","93025..94770","no","3510_Z8_len1275139.region002"
"NRRL3510","3510_Z8_len1275139",2,"3510_Z8__g007775--FSPOR_6089","3510_Z8__g007775--FSPOR_6089","complement(96125..97354)","no","3510_Z8_len1275139.region002"
"NRRL3510","3510_Z8_len1275139",3,"3510_Z8__g007841--FGSG_08313..FSPOR_10989","3510_Z8__g007841--FGSG_08313..FSPOR_10989","complement(6368..8105)","no","3510_Z8_len1275139.region003"
"NRRL3510","3510_Z8_len1275139",3,"UBC6","3510_Z8__g007842--FGSG_08314..FSPOR_10990","8626..9535","no","3510_Z8_len1275139.region003"
"NRRL3510","3510_Z8_len1275139",3,"3510_Z8__g007843--FGSG_08315..FSPOR_10991","3510_Z8__g007843--FGSG_08315..FSPOR_10991","10712..13315","no","3510_Z8_len1275139.region003"
"NRRL3510","3510_Z8_len1275139",3,"3510_Z8__g007844--FGSG_08316..FSPOR_10992","3510_Z8__g007844--FGSG_08316..FSPOR_10992","14680..16441","no","3510_Z8_len1275139.region003"
"NRRL3510","3510_Z8_len1275139",3,"3510_Z8__g007845--FGSG_08317..FSPOR_10993","3510_Z8__g007845--FGSG_08317..FSPOR_10993","complement(16807..17886)","no","3510_Z8_len1275139.region003"
"NRRL3510","3510_Z8_len1275139",3,"3510_Z8__g007846--FGSG_08318..FSPOR_10994","3510_Z8__g007846--FGSG_08318..FSPOR_10994","18590..19768","no","3510_Z8_len1275139.region003"
"NRRL3510","3510_Z8_len1275139",3,"3510_Z8__g007847--FGSG_13394..FSPOR_10995","3510_Z8__g007847--FGSG_13394..FSPOR_10995","complement(20001..23781)","no","3510_Z8_len1275139.region003"
"NRRL3510","3510_Z8_len1275139",3,"3510_Z8__g007848--FGSG_08320..FSPOR_10996","3510_Z8__g007848--FGSG_08320..FSPOR_10996","26523..28148","no","3510_Z8_len1275139.region003"
"NRRL3510","3510_Z8_len1275139",3,"3510_Z8__g007849--FGSG_08323..FSPOR_10998","3510_Z8__g007849--FGSG_08323..FSPOR_10998","35226..35774","no","3510_Z8_len1275139.region003"
"NRRL3510","3510_Z8_len1275139",3,"3510_Z8__g007850--FGSG_08324..FSPOR_10999","3510_Z8__g007850--FGSG_08324..FSPOR_10999","37200..38213","no","3510_Z8_len1275139.region003"
"NRRL3510","3510_Z8_len1275139",4,"3510_Z8__g007905--FGSG_08374..FSPOR_3531","3510_Z8__g007905--FGSG_08374..FSPOR_3531","5546..6331","no","3510_Z8_len1275139.region004"
"NRRL3510","3510_Z8_len1275139",4,"3510_Z8__g007906","3510_Z8__g007906","6622..6703","yes","3510_Z8_len1275139.region004"
"NRRL3510","3510_Z8_len1275139",4,"3510_Z8__g007907--FSPOR_3530","3510_Z8__g007907--FSPOR_3530","7294..7719","no","3510_Z8_len1275139.region004"
"NRRL3510","3510_Z8_len1275139",4,"3510_Z8__g007908","3510_Z8__g007908","complement(8739..8820)","yes","3510_Z8_len1275139.region004"
"NRRL3510","3510_Z8_len1275139",4,"MIC33_1","3510_Z8__g007909--FGSG_08375..FSPOR_3529","complement(9353..10623)","no","3510_Z8_len1275139.region004"
"NRRL3510","3510_Z8_len1275139",4,"3510_Z8__g007910--FGSG_08376..FSPOR_3528","3510_Z8__g007910--FGSG_08376..FSPOR_3528","15511..16986","no","3510_Z8_len1275139.region004"
"NRRL3510","3510_Z8_len1275139",4,"3510_Z8__g007911--FGSG_08377..FSPOR_3527","3510_Z8__g007911--FGSG_08377..FSPOR_3527","complement(17056..18654)","no","3510_Z8_len1275139.region004"
"NRRL3510","3510_Z8_len1275139",4,"3510_Z8__g007912--FGSG_08378..FSPOR_3526","3510_Z8__g007912--FGSG_08378..FSPOR_3526","20001..21479","no","3510_Z8_len1275139.region004"
"NRRL3510","3510_Z8_len1275139",4,"3510_Z8__g007913--FGSG_08380..FSPOR_3525","3510_Z8__g007913--FGSG_08380..FSPOR_3525","24965..27866","no","3510_Z8_len1275139.region004"
"NRRL3510","3510_Z8_len1275139",4,"BFR2","3510_Z8__g007914--FGSG_08381..FSPOR_3523","complement(28794..30470)","no","3510_Z8_len1275139.region004"
"NRRL3510","3510_Z8_len1275139",4,"3510_Z8__g007915--FGSG_08382..FSPOR_3522","3510_Z8__g007915--FGSG_08382..FSPOR_3522","31366..31952","no","3510_Z8_len1275139.region004"
"NRRL3510","3510_Z8_len1275139",4,"3510_Z8__g007916--FGSG_08383..FSPOR_3521","3510_Z8__g007916--FGSG_08383..FSPOR_3521","complement(32311..33266)","no","3510_Z8_len1275139.region004"
"NRRL3510","3510_Z8_len1275139",4,"3510_Z8__g007917--FGSG_08384..FSPOR_3520","3510_Z8__g007917--FGSG_08384..FSPOR_3520","35416..37197","no","3510_Z8_len1275139.region004"
"NRRL3510","3510_Z8_len1275139",4,"3510_Z8__g007918--FGSG_08385..FSPOR_3519","3510_Z8__g007918--FGSG_08385..FSPOR_3519","complement(37535..39658)","no","3510_Z8_len1275139.region004"
"NRRL3510","3510_Z8_len1275139",4,"CYC3","3510_Z8__g007919--FGSG_08386..FSPOR_3518","40326..41389","no","3510_Z8_len1275139.region004"
