"Accession","cluster","chrm","region","locus_tag","gene","type","bb_type","start","end","strand"
"NRRL6477","6477_Z1_len5435389.region001","6477_Z1_len5435389",1,"6477_Z1__g000266--FGSG_08791..FSPOR_8623","6477_Z1__g000266--FGSG_08791..FSPOR_8623","other","N/A",931389,934281,1
"NRRL6477","6477_Z1_len5435389.region001","6477_Z1_len5435389",1,"6477_Z1__g000267--FGSG_08792..FSPOR_8624","6477_Z1__g000267--FGSG_08792..FSPOR_8624","other","N/A",935506,935908,1
"NRRL6477","6477_Z1_len5435389.region001","6477_Z1_len5435389",1,"6477_Z1__g000268--FGSG_08793..FSPOR_8625","6477_Z1__g000268--FGSG_08793..FSPOR_8625","other","N/A",935973,936935,-1
"NRRL6477","6477_Z1_len5435389.region001","6477_Z1_len5435389",1,"6477_Z1__g000269--FGSG_08794..FSPOR_8626","6477_Z1__g000269--FGSG_08794..FSPOR_8626","transport","N/A",938768,940249,-1
"NRRL6477","6477_Z1_len5435389.region001","6477_Z1_len5435389",1,"6477_Z1__g000270--FGSG_08795..FSPOR_8627","6477_Z1__g000270--FGSG_08795..FSPOR_8627","biosynthetic","T1PKS",944464,951956,1
"NRRL6477","6477_Z1_len5435389.region001","6477_Z1_len5435389",1,"6477_Z1__g000272--FGSG_08796..FSPOR_8628","6477_Z1__g000272--FGSG_08796..FSPOR_8628","other","N/A",952832,954339,-1
"NRRL6477","6477_Z1_len5435389.region001","6477_Z1_len5435389",1,"6477_Z1__g000273--FGSG_08797..FSPOR_8629","6477_Z1__g000273--FGSG_08797..FSPOR_8629","other","N/A",956135,958173,1
"NRRL6477","6477_Z1_len5435389.region001","6477_Z1_len5435389",1,"6477_Z1__g000274--FGSG_08798..FSPOR_8630","6477_Z1__g000274--FGSG_08798..FSPOR_8630","other","N/A",959370,960953,-1
"NRRL6477","6477_Z1_len5435389.region001","6477_Z1_len5435389",1,"6477_Z1__g000275--FGSG_08799..FSPOR_8631","6477_Z1__g000275--FGSG_08799..FSPOR_8631","transport","N/A",962119,963747,1
"NRRL6477","6477_Z1_len5435389.region001","6477_Z1_len5435389",1,"6477_Z1__g000277--FGSG_08801..FSPOR_8633","6477_Z1__g000277--FGSG_08801..FSPOR_8633","other","N/A",968304,969156,1
"NRRL6477","6477_Z1_len5435389.region001","6477_Z1_len5435389",1,"6477_Z1__g000278--FGSG_08802..FSPOR_8634","6477_Z1__g000278--FGSG_08802..FSPOR_8634","transport","N/A",969932,971348,1
"NRRL6477","6477_Z1_len5435389.region001","6477_Z1_len5435389",1,"YAP1","6477_Z1__g000276--FGSG_08800..FSPOR_8632","other","N/A",965649,967520,1
"NRRL6477","6477_Z1_len5435389.region002","6477_Z1_len5435389",2,"6477_Z1__g000732--FGSG_03063..FSPOR_4849","6477_Z1__g000732--FGSG_03063..FSPOR_4849","other","N/A",2364632,2366243,1
"NRRL6477","6477_Z1_len5435389.region002","6477_Z1_len5435389",2,"6477_Z1__g000733--FGSG_03064..FSPOR_4848","6477_Z1__g000733--FGSG_03064..FSPOR_4848","other","N/A",2366879,2367895,-1
"NRRL6477","6477_Z1_len5435389.region002","6477_Z1_len5435389",2,"6477_Z1__g000734--FGSG_03065..FSPOR_4847","6477_Z1__g000734--FGSG_03065..FSPOR_4847","biosynthetic-additional","N/A",2368773,2370675,-1
"NRRL6477","6477_Z1_len5435389.region002","6477_Z1_len5435389",2,"6477_Z1__g000735--FGSG_03066..FSPOR_4846","6477_Z1__g000735--FGSG_03066..FSPOR_4846","biosynthetic","terpene",2371271,2373294,-1
"NRRL6477","6477_Z1_len5435389.region002","6477_Z1_len5435389",2,"6477_Z1__g000736--FGSG_03067..FSPOR_4845","6477_Z1__g000736--FGSG_03067..FSPOR_4845","other","N/A",2374138,2376304,1
"NRRL6477","6477_Z1_len5435389.region002","6477_Z1_len5435389",2,"6477_Z1__g000737--FGSG_03068..FSPOR_4844","6477_Z1__g000737--FGSG_03068..FSPOR_4844","other","N/A",2376573,2378497,-1
"NRRL6477","6477_Z1_len5435389.region002","6477_Z1_len5435389",2,"6477_Z1__g000738--FGSG_03069..FSPOR_4843","6477_Z1__g000738--FGSG_03069..FSPOR_4843","other","N/A",2380033,2381118,-1
"NRRL6477","6477_Z1_len5435389.region002","6477_Z1_len5435389",2,"6477_Z1__g000739--FGSG_03070..FSPOR_4842","6477_Z1__g000739--FGSG_03070..FSPOR_4842","other","N/A",2382188,2382577,-1
"NRRL6477","6477_Z1_len5435389.region003","6477_Z1_len5435389",3,"6477_Z1__g000907--FGSG_03250..FSPOR_5880","6477_Z1__g000907--FGSG_03250..FSPOR_5880","other","N/A",2837270,2838693,1
"NRRL6477","6477_Z1_len5435389.region003","6477_Z1_len5435389",3,"6477_Z1__g000908--FGSG_03251..FSPOR_5881","6477_Z1__g000908--FGSG_03251..FSPOR_5881","other","N/A",2839199,2840200,-1
"NRRL6477","6477_Z1_len5435389.region003","6477_Z1_len5435389",3,"6477_Z1__g000909--FGSG_03252..FSPOR_5882","6477_Z1__g000909--FGSG_03252..FSPOR_5882","other","N/A",2843343,2847350,1
"NRRL6477","6477_Z1_len5435389.region003","6477_Z1_len5435389",3,"6477_Z1__g000910--FGSG_03255..FSPOR_5883","6477_Z1__g000910--FGSG_03255..FSPOR_5883","biosynthetic-additional","N/A",2847704,2848747,-1
"NRRL6477","6477_Z1_len5435389.region003","6477_Z1_len5435389",3,"6477_Z1__g000911--FGSG_03256..FSPOR_5884","6477_Z1__g000911--FGSG_03256..FSPOR_5884","biosynthetic-additional","N/A",2849579,2850483,-1
"NRRL6477","6477_Z1_len5435389.region003","6477_Z1_len5435389",3,"6477_Z1__g000912--FGSG_03257..FSPOR_5885","6477_Z1__g000912--FGSG_03257..FSPOR_5885","biosynthetic","NRPS-like",2851223,2854155,1
"NRRL6477","6477_Z1_len5435389.region003","6477_Z1_len5435389",3,"6477_Z1__g000913--FGSG_03258..FSPOR_5886","6477_Z1__g000913--FGSG_03258..FSPOR_5886","biosynthetic-additional","N/A",2854551,2855577,1
"NRRL6477","6477_Z1_len5435389.region003","6477_Z1_len5435389",3,"6477_Z1__g000914--FGSG_03259..FSPOR_5887","6477_Z1__g000914--FGSG_03259..FSPOR_5887","biosynthetic-additional","N/A",2856300,2857640,1
"NRRL6477","6477_Z1_len5435389.region003","6477_Z1_len5435389",3,"6477_Z1__g000915--FGSG_03260..FSPOR_5888","6477_Z1__g000915--FGSG_03260..FSPOR_5888","biosynthetic-additional","N/A",2857992,2859673,1
"NRRL6477","6477_Z1_len5435389.region003","6477_Z1_len5435389",3,"6477_Z1__g000916--FGSG_03261..FSPOR_5889","6477_Z1__g000916--FGSG_03261..FSPOR_5889","other","N/A",2859897,2861382,-1
"NRRL6477","6477_Z1_len5435389.region003","6477_Z1_len5435389",3,"6477_Z1__g000917--FGSG_03262..FSPOR_5890","6477_Z1__g000917--FGSG_03262..FSPOR_5890","biosynthetic-additional","N/A",2862934,2863983,1
"NRRL6477","6477_Z1_len5435389.region003","6477_Z1_len5435389",3,"6477_Z1__g000918--FGSG_03263..FSPOR_5891","6477_Z1__g000918--FGSG_03263..FSPOR_5891","other","N/A",2864533,2866086,1
"NRRL6477","6477_Z1_len5435389.region003","6477_Z1_len5435389",3,"6477_Z1__g000919--FGSG_03264..FSPOR_5892","6477_Z1__g000919--FGSG_03264..FSPOR_5892","biosynthetic-additional","N/A",2867926,2869083,1
"NRRL6477","6477_Z1_len5435389.region003","6477_Z1_len5435389",3,"6477_Z1__g000920--FGSG_03265..FSPOR_5893","6477_Z1__g000920--FGSG_03265..FSPOR_5893","other","N/A",2871385,2872655,1
"NRRL6477","6477_Z1_len5435389.region003","6477_Z1_len5435389",3,"GUT2","6477_Z1__g000906--FGSG_03249..FSPOR_5879","biosynthetic-additional","N/A",2833154,2835264,1
"NRRL6477","6477_Z1_len5435389.region004","6477_Z1_len5435389",4,"6477_Z1__g000986--FGSG_03330..FSPOR_5956","6477_Z1__g000986--FGSG_03330..FSPOR_5956","transport","N/A",3051455,3053003,-1
"NRRL6477","6477_Z1_len5435389.region004","6477_Z1_len5435389",4,"6477_Z1__g000988--FGSG_03332..FSPOR_9266","6477_Z1__g000988--FGSG_03332..FSPOR_9266","other","N/A",3054932,3056336,1
"NRRL6477","6477_Z1_len5435389.region004","6477_Z1_len5435389",4,"6477_Z1__g000989--FGSG_03333..FSPOR_9267","6477_Z1__g000989--FGSG_03333..FSPOR_9267","other","N/A",3057126,3058220,1
"NRRL6477","6477_Z1_len5435389.region004","6477_Z1_len5435389",4,"6477_Z1__g000990--FGSG_03334..FSPOR_11523","6477_Z1__g000990--FGSG_03334..FSPOR_11523","other","N/A",3058509,3059049,-1
"NRRL6477","6477_Z1_len5435389.region004","6477_Z1_len5435389",4,"6477_Z1__g000991--FGSG_03337..FSPOR_11522","6477_Z1__g000991--FGSG_03337..FSPOR_11522","other","N/A",3059922,3063272,1
"NRRL6477","6477_Z1_len5435389.region004","6477_Z1_len5435389",4,"6477_Z1__g000992--FGSG_03338..FSPOR_3727","6477_Z1__g000992--FGSG_03338..FSPOR_3727","other","N/A",3064698,3065206,1
"NRRL6477","6477_Z1_len5435389.region004","6477_Z1_len5435389",4,"6477_Z1__g000993--FGSG_03339..FSPOR_3726","6477_Z1__g000993--FGSG_03339..FSPOR_3726","other","N/A",3067532,3068031,1
"NRRL6477","6477_Z1_len5435389.region004","6477_Z1_len5435389",4,"6477_Z1__g000995--FGSG_03341..FSPOR_3724","6477_Z1__g000995--FGSG_03341..FSPOR_3724","other","N/A",3079457,3080098,-1
"NRRL6477","6477_Z1_len5435389.region004","6477_Z1_len5435389",4,"6477_Z1__g000996--FGSG_03342..FSPOR_3723","6477_Z1__g000996--FGSG_03342..FSPOR_3723","biosynthetic-additional","N/A",3082929,3083894,1
"NRRL6477","6477_Z1_len5435389.region004","6477_Z1_len5435389",4,"6477_Z1__g000997--FGSG_03343..FSPOR_3722","6477_Z1__g000997--FGSG_03343..FSPOR_3722","other","N/A",3084513,3087892,1
"NRRL6477","6477_Z1_len5435389.region004","6477_Z1_len5435389",4,"6477_Z1__g000998--FGSG_03344..FSPOR_3721","6477_Z1__g000998--FGSG_03344..FSPOR_3721","other","N/A",3088746,3090015,1
"NRRL6477","6477_Z1_len5435389.region004","6477_Z1_len5435389",4,"6477_Z1__g000999--FGSG_03345..FSPOR_3720","6477_Z1__g000999--FGSG_03345..FSPOR_3720","transport","N/A",3090244,3092123,-1
"NRRL6477","6477_Z1_len5435389.region004","6477_Z1_len5435389",4,"6477_Z1__g001000--FGSG_03346..FSPOR_3719","6477_Z1__g001000--FGSG_03346..FSPOR_3719","biosynthetic-additional","N/A",3092957,3094747,1
"NRRL6477","6477_Z1_len5435389.region004","6477_Z1_len5435389",4,"GPY1","6477_Z1__g000994--FGSG_03340..FSPOR_3725","biosynthetic","T1PKS",3070449,3078942,1
"NRRL6477","6477_Z1_len5435389.region005","6477_Z1_len5435389",5,"TRI10","6477_Z1__g001198--FGSG_03538..FSPOR_6148","other","N/A",3604085,3605070,1
"NRRL6477","6477_Z1_len5435389.region005","6477_Z1_len5435389",5,"TRI11","6477_Z1__g001199","biosynthetic-additional","N/A",3606919,3608640,-1
"NRRL6477","6477_Z1_len5435389.region005","6477_Z1_len5435389",5,"TRI12","6477_Z1__g001200--FGSG_03540..FSPOR_6149","transport","N/A",3609282,3611183,-1
"NRRL6477","6477_Z1_len5435389.region005","6477_Z1_len5435389",5,"TRI3","6477_Z1__g001195--FGSG_03534..FSPOR_6145","other","N/A",3593566,3595348,1
"NRRL6477","6477_Z1_len5435389.region005","6477_Z1_len5435389",5,"TRI4","6477_Z1__g001196--FGSG_03535..FSPOR_6146","biosynthetic-additional","N/A",3596109,3597851,-1
"NRRL6477","6477_Z1_len5435389.region005","6477_Z1_len5435389",5,"TRI5","6477_Z1__g001197--FGSG_03537..FSPOR_6147","biosynthetic","terpene",3601930,3603114,1
"NRRL6477","6477_Z1_len5435389.region005","6477_Z1_len5435389",5,"TRI7","6477_Z1__g001194--FGSG_03533..FSPOR_6144","other","N/A",3591960,3592792,1
"NRRL6477","6477_Z1_len5435389.region006","6477_Z1_len5435389",6,"6477_Z1__g001394--FGSG_11311..FSPOR_1129","6477_Z1__g001394--FGSG_11311..FSPOR_1129","biosynthetic-additional","N/A",4081654,4082496,-1
"NRRL6477","6477_Z1_len5435389.region006","6477_Z1_len5435389",6,"6477_Z1__g001395--FGSG_03725..FSPOR_1130","6477_Z1__g001395--FGSG_03725..FSPOR_1130","transport","N/A",4083333,4085141,-1
"NRRL6477","6477_Z1_len5435389.region006","6477_Z1_len5435389",6,"6477_Z1__g001397--FGSG_03726..FSPOR_1131","6477_Z1__g001397--FGSG_03726..FSPOR_1131","transport","N/A",4087048,4088733,-1
"NRRL6477","6477_Z1_len5435389.region006","6477_Z1_len5435389",6,"6477_Z1__g001398--FGSG_03727..FSPOR_1133","6477_Z1__g001398--FGSG_03727..FSPOR_1133","other","N/A",4090683,4091955,1
"NRRL6477","6477_Z1_len5435389.region006","6477_Z1_len5435389",6,"6477_Z1__g001399--FGSG_03728..FSPOR_1134","6477_Z1__g001399--FGSG_03728..FSPOR_1134","biosynthetic-additional","N/A",4093024,4094126,1
"NRRL6477","6477_Z1_len5435389.region006","6477_Z1_len5435389",6,"6477_Z1__g001400--FGSG_03729..FSPOR_1135","6477_Z1__g001400--FGSG_03729..FSPOR_1135","biosynthetic-additional","N/A",4094943,4096237,1
"NRRL6477","6477_Z1_len5435389.region006","6477_Z1_len5435389",6,"6477_Z1__g001401--FGSG_03730..FSPOR_1136","6477_Z1__g001401--FGSG_03730..FSPOR_1136","other","N/A",4096635,4098523,-1
"NRRL6477","6477_Z1_len5435389.region006","6477_Z1_len5435389",6,"6477_Z1__g001402--FGSG_03731..FSPOR_1137","6477_Z1__g001402--FGSG_03731..FSPOR_1137","biosynthetic-additional","N/A",4099401,4100495,1
"NRRL6477","6477_Z1_len5435389.region006","6477_Z1_len5435389",6,"6477_Z1__g001403--FGSG_03732..FSPOR_1138","6477_Z1__g001403--FGSG_03732..FSPOR_1138","other","N/A",4101315,4103242,1
"NRRL6477","6477_Z1_len5435389.region006","6477_Z1_len5435389",6,"6477_Z1__g001404--FGSG_03734..FSPOR_1139","6477_Z1__g001404--FGSG_03734..FSPOR_1139","other","N/A",4103544,4104222,-1
"NRRL6477","6477_Z1_len5435389.region006","6477_Z1_len5435389",6,"6477_Z1__g001406--FGSG_03736..FSPOR_1142","6477_Z1__g001406--FGSG_03736..FSPOR_1142","biosynthetic","isocyanide-nrp",4113281,4117068,1
"NRRL6477","6477_Z1_len5435389.region006","6477_Z1_len5435389",6,"6477_Z1__g001407--FGSG_03737..FSPOR_1143","6477_Z1__g001407--FGSG_03737..FSPOR_1143","transport","N/A",4118173,4119927,1
"NRRL6477","6477_Z1_len5435389.region006","6477_Z1_len5435389",6,"6477_Z1__g001408--FGSG_03738..FSPOR_1144","6477_Z1__g001408--FGSG_03738..FSPOR_1144","biosynthetic-additional","N/A",4120249,4121322,-1
"NRRL6477","6477_Z1_len5435389.region006","6477_Z1_len5435389",6,"6477_Z1__g001410--FGSG_12390..FSPOR_1146","6477_Z1__g001410--FGSG_12390..FSPOR_1146","other","N/A",4124387,4126603,1
"NRRL6477","6477_Z1_len5435389.region006","6477_Z1_len5435389",6,"6477_Z1__g001411--FGSG_12389..FSPOR_1147","6477_Z1__g001411--FGSG_12389..FSPOR_1147","other","N/A",4127096,4128535,1
"NRRL6477","6477_Z1_len5435389.region006","6477_Z1_len5435389",6,"6477_Z1__g001412--FGSG_03742..FSPOR_1148","6477_Z1__g001412--FGSG_03742..FSPOR_1148","other","N/A",4128950,4131517,-1
"NRRL6477","6477_Z1_len5435389.region006","6477_Z1_len5435389",6,"6477_Z1__g001413--FGSG_03741..FSPOR_1149","6477_Z1__g001413--FGSG_03741..FSPOR_1149","biosynthetic-additional","N/A",4132825,4134635,-1
"NRRL6477","6477_Z1_len5435389.region006","6477_Z1_len5435389",6,"6477_Z1__g001415--FGSG_03743..FSPOR_1150","6477_Z1__g001415--FGSG_03743..FSPOR_1150","other","N/A",4137387,4138351,1
"NRRL6477","6477_Z1_len5435389.region006","6477_Z1_len5435389",6,"6477_Z1__g001416--FGSG_03744..FSPOR_1151","6477_Z1__g001416--FGSG_03744..FSPOR_1151","transport","N/A",4138788,4140734,-1
"NRRL6477","6477_Z1_len5435389.region006","6477_Z1_len5435389",6,"6477_Z1__g001417--FGSG_03745..FSPOR_1152","6477_Z1__g001417--FGSG_03745..FSPOR_1152","biosynthetic-additional","N/A",4142801,4144087,-1
"NRRL6477","6477_Z1_len5435389.region006","6477_Z1_len5435389",6,"6477_Z1__g001418--FGSG_03746..FSPOR_1153","6477_Z1__g001418--FGSG_03746..FSPOR_1153","biosynthetic-additional","N/A",4146652,4147527,1
"NRRL6477","6477_Z1_len5435389.region006","6477_Z1_len5435389",6,"6477_Z1__g001420--FGSG_03748..FSPOR_1155","6477_Z1__g001420--FGSG_03748..FSPOR_1155","other","N/A",4155296,4156109,-1
"NRRL6477","6477_Z1_len5435389.region006","6477_Z1_len5435389",6,"6477_Z1__g001421--FSPOR_1156","6477_Z1__g001421--FSPOR_1156","other","N/A",4157297,4157588,-1
"NRRL6477","6477_Z1_len5435389.region006","6477_Z1_len5435389",6,"6477_Z1__g001422--FGSG_12386..FSPOR_1157","6477_Z1__g001422--FGSG_12386..FSPOR_1157","biosynthetic-additional","N/A",4161387,4162526,1
"NRRL6477","6477_Z1_len5435389.region006","6477_Z1_len5435389",6,"6477_Z1__g001423--FGSG_03752..FSPOR_1158","6477_Z1__g001423--FGSG_03752..FSPOR_1158","other","N/A",4162687,4163815,-1
"NRRL6477","6477_Z1_len5435389.region006","6477_Z1_len5435389",6,"6477_Z1__g001424--FGSG_03751..FSPOR_1159","6477_Z1__g001424--FGSG_03751..FSPOR_1159","other","N/A",4164993,4166914,1
"NRRL6477","6477_Z1_len5435389.region006","6477_Z1_len5435389",6,"6477_Z1__g001425--FGSG_03750..FSPOR_1160","6477_Z1__g001425--FGSG_03750..FSPOR_1160","other","N/A",4167278,4170010,-1
"NRRL6477","6477_Z1_len5435389.region006","6477_Z1_len5435389",6,"6477_Z1__g001426--FGSG_03749..FSPOR_1162","6477_Z1__g001426--FGSG_03749..FSPOR_1162","other","N/A",4171890,4173333,-1
"NRRL6477","6477_Z1_len5435389.region006","6477_Z1_len5435389",6,"ATF1_1","6477_Z1__g001409--FGSG_03739..FSPOR_1145","other","N/A",4122060,4123508,1
"NRRL6477","6477_Z1_len5435389.region006","6477_Z1_len5435389",6,"CDR1","6477_Z1__g001405--FGSG_03735..FSPOR_1141","biosynthetic","isocyanide-nrp",4104531,4111500,-1
"NRRL6477","6477_Z1_len5435389.region006","6477_Z1_len5435389",6,"NPS6","6477_Z1__g001419--FGSG_03747..FSPOR_1154","biosynthetic","NRPS",4148899,4155164,1
"NRRL6477","6477_Z1_len5435389.region007","6477_Z1_len5435389",7,"6477_Z1__g001843--FGSG_01956..FSPOR_1023","6477_Z1__g001843--FGSG_01956..FSPOR_1023","other","N/A",5298993,5300846,1
"NRRL6477","6477_Z1_len5435389.region007","6477_Z1_len5435389",7,"6477_Z1__g001844--FGSG_01957..FSPOR_1022","6477_Z1__g001844--FGSG_01957..FSPOR_1022","other","N/A",5302604,5303607,1
"NRRL6477","6477_Z1_len5435389.region007","6477_Z1_len5435389",7,"6477_Z1__g001845--FGSG_01958..FSPOR_1021","6477_Z1__g001845--FGSG_01958..FSPOR_1021","biosynthetic-additional","N/A",5303850,5304458,-1
"NRRL6477","6477_Z1_len5435389.region007","6477_Z1_len5435389",7,"6477_Z1__g001847--FGSG_01960..FSPOR_1019","6477_Z1__g001847--FGSG_01960..FSPOR_1019","other","N/A",5310980,5311366,1
"NRRL6477","6477_Z1_len5435389.region007","6477_Z1_len5435389",7,"6477_Z1__g001849--FSPOR_1017","6477_Z1__g001849--FSPOR_1017","biosynthetic-additional","N/A",5340518,5342569,-1
"NRRL6477","6477_Z1_len5435389.region007","6477_Z1_len5435389",7,"6477_Z1__g001850--FSPOR_1016","6477_Z1__g001850--FSPOR_1016","transport","N/A",5343452,5347558,1
"NRRL6477","6477_Z1_len5435389.region007","6477_Z1_len5435389",7,"6477_Z1__g001851--FSPOR_1015","6477_Z1__g001851--FSPOR_1015","other","N/A",5348053,5348908,-1
"NRRL6477","6477_Z1_len5435389.region007","6477_Z1_len5435389",7,"6477_Z1__g001853--FSPOR_1013","6477_Z1__g001853--FSPOR_1013","other","N/A",5361241,5362136,1
"NRRL6477","6477_Z1_len5435389.region007","6477_Z1_len5435389",7,"6477_Z1__g001854--FSPOR_1012","6477_Z1__g001854--FSPOR_1012","other","N/A",5362528,5363961,-1
"NRRL6477","6477_Z1_len5435389.region007","6477_Z1_len5435389",7,"6477_Z1__g001855--FGSG_01962..FSPOR_1011","6477_Z1__g001855--FGSG_01962..FSPOR_1011","biosynthetic-additional","N/A",5365432,5367483,-1
"NRRL6477","6477_Z1_len5435389.region007","6477_Z1_len5435389",7,"6477_Z1__g001856--FGSG_01963..FSPOR_1010","6477_Z1__g001856--FGSG_01963..FSPOR_1010","other","N/A",5368517,5369904,1
"NRRL6477","6477_Z1_len5435389.region007","6477_Z1_len5435389",7,"6477_Z1__g001857--FGSG_12039..FSPOR_1009","6477_Z1__g001857--FGSG_12039..FSPOR_1009","other","N/A",5370586,5376032,-1
"NRRL6477","6477_Z1_len5435389.region007","6477_Z1_len5435389",7,"ANB1","6477_Z1__g001842--FGSG_01955..FSPOR_1024","other","N/A",5297320,5298207,1
"NRRL6477","6477_Z1_len5435389.region007","6477_Z1_len5435389",7,"ERG5","6477_Z1__g001846--FGSG_01959..FSPOR_1020","biosynthetic-additional","N/A",5305238,5307083,-1
"NRRL6477","6477_Z1_len5435389.region007","6477_Z1_len5435389",7,"NRPS32","6477_Z1__g001848--FGSG_13878..FSPOR_1018","biosynthetic","NRPS",5312019,5338921,-1
"NRRL6477","6477_Z1_len5435389.region007","6477_Z1_len5435389",7,"PKS40","6477_Z1__g001852--FSPOR_1014","biosynthetic","T1PKS",5350027,5357913,1
"NRRL6477","6477_Z1_len5435389.region007","6477_Z1_len5435389",7,"VPS52","6477_Z1__g001841--FGSG_01954..FSPOR_1025","other","N/A",5293517,5295602,-1
"NRRL6477","6477_Z11_len1542866.region001","6477_Z11_len1542866",1,"6477_Z11__g009163--FGSG_10517..FSPOR_10930","6477_Z11__g009163--FGSG_10517..FSPOR_10930","other","N/A",877082,879100,1
"NRRL6477","6477_Z11_len1542866.region001","6477_Z11_len1542866",1,"6477_Z11__g009164--FGSG_10516..FSPOR_10929","6477_Z11__g009164--FGSG_10516..FSPOR_10929","other","N/A",881478,882727,1
"NRRL6477","6477_Z11_len1542866.region001","6477_Z11_len1542866",1,"6477_Z11__g009165--FGSG_10520..FSPOR_10928","6477_Z11__g009165--FGSG_10520..FSPOR_10928","other","N/A",887223,888959,-1
"NRRL6477","6477_Z11_len1542866.region001","6477_Z11_len1542866",1,"6477_Z11__g009166--FGSG_10521..FSPOR_10927","6477_Z11__g009166--FGSG_10521..FSPOR_10927","biosynthetic-additional","N/A",889619,890524,1
"NRRL6477","6477_Z11_len1542866.region001","6477_Z11_len1542866",1,"6477_Z11__g009167--FGSG_10522..FSPOR_10926","6477_Z11__g009167--FGSG_10522..FSPOR_10926","other","N/A",893157,895922,1
"NRRL6477","6477_Z11_len1542866.region001","6477_Z11_len1542866",1,"6477_Z11__g009168--FGSG_10523..FSPOR_10925","6477_Z11__g009168--FGSG_10523..FSPOR_10925","biosynthetic","NRPS",896433,904075,-1
"NRRL6477","6477_Z11_len1542866.region001","6477_Z11_len1542866",1,"6477_Z11__g009169--FSPOR_10924","6477_Z11__g009169--FSPOR_10924","other","N/A",905850,906368,-1
"NRRL6477","6477_Z11_len1542866.region001","6477_Z11_len1542866",1,"6477_Z11__g009170--FGSG_10524..FSPOR_10923","6477_Z11__g009170--FGSG_10524..FSPOR_10923","other","N/A",906957,910090,-1
"NRRL6477","6477_Z11_len1542866.region001","6477_Z11_len1542866",1,"6477_Z11__g009171--FGSG_10526..FSPOR_10922","6477_Z11__g009171--FGSG_10526..FSPOR_10922","other","N/A",912519,914885,1
"NRRL6477","6477_Z11_len1542866.region001","6477_Z11_len1542866",1,"6477_Z11__g009172--FGSG_10525..FSPOR_10921","6477_Z11__g009172--FGSG_10525..FSPOR_10921","biosynthetic-additional","N/A",915778,917085,1
"NRRL6477","6477_Z11_len1542866.region001","6477_Z11_len1542866",1,"6477_Z11__g009173--FGSG_10528..FSPOR_10920","6477_Z11__g009173--FGSG_10528..FSPOR_10920","other","N/A",918882,921573,1
"NRRL6477","6477_Z11_len1542866.region001","6477_Z11_len1542866",1,"6477_Z11__g009174--FGSG_10529..FSPOR_10919","6477_Z11__g009174--FGSG_10529..FSPOR_10919","other","N/A",922026,923636,-1
"NRRL6477","6477_Z11_len1542866.region002","6477_Z11_len1542866",2,"6477_Z11__g009286--FSPOR_4485","6477_Z11__g009286--FSPOR_4485","other","N/A",1312232,1313800,-1
"NRRL6477","6477_Z11_len1542866.region002","6477_Z11_len1542866",2,"6477_Z11__g009287--FSPOR_4486","6477_Z11__g009287--FSPOR_4486","other","N/A",1314142,1315877,-1
"NRRL6477","6477_Z11_len1542866.region002","6477_Z11_len1542866",2,"6477_Z11__g009288--FGSG_12407..FSPOR_4487","6477_Z11__g009288--FGSG_12407..FSPOR_4487","biosynthetic-additional","N/A",1319037,1319516,-1
"NRRL6477","6477_Z11_len1542866.region002","6477_Z11_len1542866",2,"6477_Z11__g009289--FGSG_12406..FSPOR_4488","6477_Z11__g009289--FGSG_12406..FSPOR_4488","other","N/A",1320227,1320793,-1
"NRRL6477","6477_Z11_len1542866.region002","6477_Z11_len1542866",2,"6477_Z11__g009290--FGSG_07815..FSPOR_4489","6477_Z11__g009290--FGSG_07815..FSPOR_4489","other","N/A",1322837,1324006,1
"NRRL6477","6477_Z11_len1542866.region002","6477_Z11_len1542866",2,"6477_Z11__g009291--FGSG_10604..FSPOR_4490","6477_Z11__g009291--FGSG_10604..FSPOR_4490","other","N/A",1324586,1326388,-1
"NRRL6477","6477_Z11_len1542866.region002","6477_Z11_len1542866",2,"6477_Z11__g009292--FGSG_10605..FSPOR_4491","6477_Z11__g009292--FGSG_10605..FSPOR_4491","other","N/A",1327001,1327663,1
"NRRL6477","6477_Z11_len1542866.region002","6477_Z11_len1542866",2,"6477_Z11__g009293--FGSG_04682..FSPOR_4493","6477_Z11__g009293--FGSG_04682..FSPOR_4493","other","N/A",1330354,1331355,1
"NRRL6477","6477_Z11_len1542866.region002","6477_Z11_len1542866",2,"6477_Z11__g009294--FGSG_10617..FSPOR_4494","6477_Z11__g009294--FGSG_10617..FSPOR_4494","biosynthetic","NRPS-like",1332162,1335472,-1
"NRRL6477","6477_Z11_len1542866.region002","6477_Z11_len1542866",2,"6477_Z11__g009295--FSPOR_4496","6477_Z11__g009295--FSPOR_4496","other","N/A",1343804,1344310,1
"NRRL6477","6477_Z11_len1542866.region002","6477_Z11_len1542866",2,"6477_Z11__g009296--FSPOR_4497","6477_Z11__g009296--FSPOR_4497","biosynthetic-additional","N/A",1347462,1349259,1
"NRRL6477","6477_Z11_len1542866.region002","6477_Z11_len1542866",2,"6477_Z11__g009297--FSPOR_4498","6477_Z11__g009297--FSPOR_4498","other","N/A",1349391,1350437,-1
"NRRL6477","6477_Z11_len1542866.region002","6477_Z11_len1542866",2,"6477_Z11__g009298--FSPOR_4499","6477_Z11__g009298--FSPOR_4499","other","N/A",1352369,1353125,1
"NRRL6477","6477_Z11_len1542866.region002","6477_Z11_len1542866",2,"6477_Z11__g009299--FGSG_04745..FSPOR_4500","6477_Z11__g009299--FGSG_04745..FSPOR_4500","other","N/A",1353239,1353525,1
"NRRL6477","6477_Z11_len1542866.region002","6477_Z11_len1542866",2,"6477_Z11__g009300--FGSG_10626..FSPOR_4501","6477_Z11__g009300--FGSG_10626..FSPOR_4501","other","N/A",1353858,1354799,1
"NRRL6477","6477_Z11_len1542866.region003","6477_Z11_len1542866",3,"6477_Z11__g009311","6477_Z11__g009311","other","N/A",1394917,1395414,-1
"NRRL6477","6477_Z11_len1542866.region003","6477_Z11_len1542866",3,"6477_Z11__g009312--FSPOR_4515","6477_Z11__g009312--FSPOR_4515","transport","N/A",1400980,1401906,1
"NRRL6477","6477_Z11_len1542866.region003","6477_Z11_len1542866",3,"6477_Z11__g009313--FGSG_04615..FSPOR_4516","6477_Z11__g009313--FGSG_04615..FSPOR_4516","biosynthetic","CDPS",1402762,1403505,1
"NRRL6477","6477_Z11_len1542866.region003","6477_Z11_len1542866",3,"6477_Z11__g009314--FSPOR_4517","6477_Z11__g009314--FSPOR_4517","other","N/A",1404588,1405175,1
"NRRL6477","6477_Z11_len1542866.region003","6477_Z11_len1542866",3,"6477_Z11__g009315--FSPOR_4518","6477_Z11__g009315--FSPOR_4518","other","N/A",1406328,1406746,1
"NRRL6477","6477_Z11_len1542866.region003","6477_Z11_len1542866",3,"6477_Z11__g009316--FGSG_10653..FSPOR_4519","6477_Z11__g009316--FGSG_10653..FSPOR_4519","other","N/A",1411222,1412163,1
"NRRL6477","6477_Z11_len1542866.region004","6477_Z11_len1542866",4,"6477_Z11__g009333--FGSG_10674..FSPOR_4531","6477_Z11__g009333--FGSG_10674..FSPOR_4531","other","N/A",1448085,1449545,-1
"NRRL6477","6477_Z11_len1542866.region004","6477_Z11_len1542866",4,"6477_Z11__g009334--FGSG_10673..FSPOR_4532","6477_Z11__g009334--FGSG_10673..FSPOR_4532","biosynthetic-additional","N/A",1450386,1451943,-1
"NRRL6477","6477_Z11_len1542866.region004","6477_Z11_len1542866",4,"6477_Z11__g009335--FGSG_10672..FSPOR_4533","6477_Z11__g009335--FGSG_10672..FSPOR_4533","biosynthetic-additional","N/A",1452733,1453344,-1
"NRRL6477","6477_Z11_len1542866.region004","6477_Z11_len1542866",4,"6477_Z11__g009337--FGSG_10670..FSPOR_4535","6477_Z11__g009337--FGSG_10670..FSPOR_4535","other","N/A",1455075,1456139,-1
"NRRL6477","6477_Z11_len1542866.region004","6477_Z11_len1542866",4,"6477_Z11__g009338--FGSG_10669..FSPOR_4536","6477_Z11__g009338--FGSG_10669..FSPOR_4536","biosynthetic-additional","N/A",1456953,1458855,-1
"NRRL6477","6477_Z11_len1542866.region004","6477_Z11_len1542866",4,"6477_Z11__g009339--FGSG_02399..FSPOR_4537","6477_Z11__g009339--FGSG_02399..FSPOR_4537","other","N/A",1459669,1461389,-1
"NRRL6477","6477_Z11_len1542866.region004","6477_Z11_len1542866",4,"6477_Z11__g009340","6477_Z11__g009340","regulatory","N/A",1462103,1463336,-1
"NRRL6477","6477_Z11_len1542866.region004","6477_Z11_len1542866",4,"6477_Z11__g009341--FGSG_02394..FSPOR_4542","6477_Z11__g009341--FGSG_02394..FSPOR_4542","biosynthetic","NRPS-like",1467601,1470081,1
"NRRL6477","6477_Z11_len1542866.region004","6477_Z11_len1542866",4,"6477_Z11__g009342--FSPOR_10228","6477_Z11__g009342--FSPOR_10228","other","N/A",1472907,1475818,-1
"NRRL6477","6477_Z11_len1542866.region004","6477_Z11_len1542866",4,"6477_Z11__g009343--FSPOR_10229","6477_Z11__g009343--FSPOR_10229","other","N/A",1476664,1478541,1
"NRRL6477","6477_Z11_len1542866.region004","6477_Z11_len1542866",4,"6477_Z11__g009344--FSPOR_10231","6477_Z11__g009344--FSPOR_10231","other","N/A",1481520,1483081,1
"NRRL6477","6477_Z11_len1542866.region004","6477_Z11_len1542866",4,"6477_Z11__g009345--FSPOR_10232","6477_Z11__g009345--FSPOR_10232","transport","N/A",1483977,1485784,1
"NRRL6477","6477_Z11_len1542866.region004","6477_Z11_len1542866",4,"6477_Z11__g009346--FSPOR_10233","6477_Z11__g009346--FSPOR_10233","other","N/A",1489390,1490918,-1
"NRRL6477","6477_Z11_len1542866.region004","6477_Z11_len1542866",4,"6477_Z11__g009347--FSPOR_10234","6477_Z11__g009347--FSPOR_10234","other","N/A",1491473,1492840,1
"NRRL6477","6477_Z11_len1542866.region004","6477_Z11_len1542866",4,"6477_Z11__g009348--FSPOR_10235","6477_Z11__g009348--FSPOR_10235","other","N/A",1493343,1494739,-1
"NRRL6477","6477_Z11_len1542866.region004","6477_Z11_len1542866",4,"6477_Z11__g009349--FSPOR_10236","6477_Z11__g009349--FSPOR_10236","transport","N/A",1495206,1496994,1
"NRRL6477","6477_Z11_len1542866.region004","6477_Z11_len1542866",4,"6477_Z11__g009350--FGSG_02882..FSPOR_10237","6477_Z11__g009350--FGSG_02882..FSPOR_10237","other","N/A",1499242,1502766,-1
"NRRL6477","6477_Z11_len1542866.region004","6477_Z11_len1542866",4,"6477_Z11__g009351--FGSG_12207..FSPOR_10238","6477_Z11__g009351--FGSG_12207..FSPOR_10238","other","N/A",1504199,1504470,-1
"NRRL6477","6477_Z11_len1542866.region004","6477_Z11_len1542866",4,"6477_Z11__g009352--FGSG_04662..FSPOR_10239","6477_Z11__g009352--FGSG_04662..FSPOR_10239","biosynthetic","fungal-RiPP-like",1505145,1506095,1
"NRRL6477","6477_Z11_len1542866.region004","6477_Z11_len1542866",4,"6477_Z11__g009353--FSPOR_10240","6477_Z11__g009353--FSPOR_10240","other","N/A",1506453,1507787,-1
"NRRL6477","6477_Z11_len1542866.region004","6477_Z11_len1542866",4,"6477_Z11__g009354--FSPOR_10241","6477_Z11__g009354--FSPOR_10241","transport","N/A",1508493,1510185,1
"NRRL6477","6477_Z11_len1542866.region004","6477_Z11_len1542866",4,"6477_Z11__g009355--FSPOR_10243","6477_Z11__g009355--FSPOR_10243","other","N/A",1514140,1515531,1
"NRRL6477","6477_Z11_len1542866.region004","6477_Z11_len1542866",4,"6477_Z11__g009356","6477_Z11__g009356","other","N/A",1516291,1519126,-1
"NRRL6477","6477_Z11_len1542866.region004","6477_Z11_len1542866",4,"6477_Z11__g009357","6477_Z11__g009357","other","N/A",1519325,1520720,1
"NRRL6477","6477_Z11_len1542866.region004","6477_Z11_len1542866",4,"6477_Z11__g009358--FSPOR_10250","6477_Z11__g009358--FSPOR_10250","other","N/A",1520724,1522956,1
"NRRL6477","6477_Z11_len1542866.region004","6477_Z11_len1542866",4,"6477_Z11__g009359--FGSG_03946..FSPOR_10248","6477_Z11__g009359--FGSG_03946..FSPOR_10248","other","N/A",1526630,1527050,1
"NRRL6477","6477_Z11_len1542866.region004","6477_Z11_len1542866",4,"6477_Z11__g009360--FGSG_10634..FSPOR_9953","6477_Z11__g009360--FGSG_10634..FSPOR_9953","other","N/A",1528950,1529745,1
"NRRL6477","6477_Z11_len1542866.region004","6477_Z11_len1542866",4,"6477_Z11__g009361--FSPOR_11962","6477_Z11__g009361--FSPOR_11962","other","N/A",1531159,1531935,1
"NRRL6477","6477_Z11_len1542866.region004","6477_Z11_len1542866",4,"6477_Z11__g009362","6477_Z11__g009362","other","N/A",1532562,1532903,1
"NRRL6477","6477_Z11_len1542866.region004","6477_Z11_len1542866",4,"LEU2","6477_Z11__g009336--FGSG_10671..FSPOR_4534","other","N/A",1453813,1454964,1
"NRRL6477","6477_Z12_len1519656.region001","6477_Z12_len1519656",1,"6477_Z12__g009363--FSPOR_10061","6477_Z12__g009363--FSPOR_10061","biosynthetic","T1PKS",2715,11036,-1
"NRRL6477","6477_Z12_len1519656.region001","6477_Z12_len1519656",1,"6477_Z12__g009365--FGSG_08005..FSPOR_10058","6477_Z12__g009365--FGSG_08005..FSPOR_10058","biosynthetic-additional","N/A",19528,20423,1
"NRRL6477","6477_Z12_len1519656.region001","6477_Z12_len1519656",1,"6477_Z12__g009366--FSPOR_10057","6477_Z12__g009366--FSPOR_10057","other","N/A",20853,21326,-1
"NRRL6477","6477_Z12_len1519656.region001","6477_Z12_len1519656",1,"6477_Z12__g009367--FSPOR_10056","6477_Z12__g009367--FSPOR_10056","biosynthetic-additional","N/A",21939,23543,1
"NRRL6477","6477_Z12_len1519656.region001","6477_Z12_len1519656",1,"6477_Z12__g009368--FSPOR_10055","6477_Z12__g009368--FSPOR_10055","other","N/A",24371,26242,-1
"NRRL6477","6477_Z12_len1519656.region001","6477_Z12_len1519656",1,"6477_Z12__g009369--FSPOR_10054","6477_Z12__g009369--FSPOR_10054","biosynthetic-additional","N/A",28119,30068,1
"NRRL6477","6477_Z12_len1519656.region001","6477_Z12_len1519656",1,"MT1_2","6477_Z12__g009364--FSPOR_10059","biosynthetic-additional","N/A",16055,17740,1
"NRRL6477","6477_Z12_len1519656.region002","6477_Z12_len1519656",2,"6477_Z12__g009487--FGSG_11405..FSPOR_8227","6477_Z12__g009487--FGSG_11405..FSPOR_8227","biosynthetic-additional","N/A",367324,368622,-1
"NRRL6477","6477_Z12_len1519656.region002","6477_Z12_len1519656",2,"6477_Z12__g009488--FGSG_13967..FSPOR_8226","6477_Z12__g009488--FGSG_13967..FSPOR_8226","other","N/A",371324,371710,1
"NRRL6477","6477_Z12_len1519656.region002","6477_Z12_len1519656",2,"6477_Z12__g009489--FGSG_11401..FSPOR_8225","6477_Z12__g009489--FGSG_11401..FSPOR_8225","other","N/A",373042,373635,-1
"NRRL6477","6477_Z12_len1519656.region002","6477_Z12_len1519656",2,"6477_Z12__g009491--FGSG_11400..FSPOR_8224","6477_Z12__g009491--FGSG_11400..FSPOR_8224","biosynthetic-additional","N/A",375228,376313,1
"NRRL6477","6477_Z12_len1519656.region002","6477_Z12_len1519656",2,"6477_Z12__g009498--FGSG_11393..FSPOR_8217","6477_Z12__g009498--FGSG_11393..FSPOR_8217","other","N/A",395207,395863,-1
"NRRL6477","6477_Z12_len1519656.region002","6477_Z12_len1519656",2,"6477_Z12__g009500--FGSG_11391..FSPOR_8216","6477_Z12__g009500--FGSG_11391..FSPOR_8216","other","N/A",397178,399496,-1
"NRRL6477","6477_Z12_len1519656.region002","6477_Z12_len1519656",2,"6477_Z12__g009501--FGSG_13971..FSPOR_8215","6477_Z12__g009501--FGSG_13971..FSPOR_8215","transport","N/A",401938,403149,1
"NRRL6477","6477_Z12_len1519656.region002","6477_Z12_len1519656",2,"6477_Z12__g009504--FGSG_11389..FSPOR_11717","6477_Z12__g009504--FGSG_11389..FSPOR_11717","biosynthetic-additional","N/A",407183,408933,-1
"NRRL6477","6477_Z12_len1519656.region002","6477_Z12_len1519656",2,"6477_Z12__g009505","6477_Z12__g009505","other","N/A",409870,410744,1
"NRRL6477","6477_Z12_len1519656.region002","6477_Z12_len1519656",2,"6477_Z12__g009506--FGSG_11388..FSPOR_11718","6477_Z12__g009506--FGSG_11388..FSPOR_11718","biosynthetic-additional","N/A",411956,413239,1
"NRRL6477","6477_Z12_len1519656.region002","6477_Z12_len1519656",2,"CHRY1","6477_Z12__g009496--FGSG_11395..FSPOR_8219","biosynthetic","NRPS",386540,393810,1
"NRRL6477","6477_Z12_len1519656.region002","6477_Z12_len1519656",2,"CHRY2","6477_Z12__g009495--FGSG_11396..FSPOR_8220","biosynthetic-additional","N/A",382666,384952,-1
"NRRL6477","6477_Z12_len1519656.region002","6477_Z12_len1519656",2,"CHRY3","6477_Z12__g009494--FGSG_11397..FSPOR_8221","other","N/A",381256,382440,1
"NRRL6477","6477_Z12_len1519656.region002","6477_Z12_len1519656",2,"CHRY4","6477_Z12__g009493--FGSG_11398..FSPOR_8222","biosynthetic-additional","N/A",379762,380547,-1
"NRRL6477","6477_Z12_len1519656.region002","6477_Z12_len1519656",2,"CHRY5","6477_Z12__g009492--FGSG_11399..FSPOR_8223","biosynthetic-additional","N/A",377490,379274,1
"NRRL6477","6477_Z12_len1519656.region002","6477_Z12_len1519656",2,"CHRY6","6477_Z12__g009497--FGSG_11394..FSPOR_8218","other","N/A",394111,394931,1
"NRRL6477","6477_Z12_len1519656.region003","6477_Z12_len1519656",3,"6477_Z12__g009581--FGSG_11316..FSPOR_9120","6477_Z12__g009581--FGSG_11316..FSPOR_9120","biosynthetic-additional","N/A",603038,604288,1
"NRRL6477","6477_Z12_len1519656.region003","6477_Z12_len1519656",3,"6477_Z12__g009582","6477_Z12__g009582","other","N/A",604513,605069,1
"NRRL6477","6477_Z12_len1519656.region003","6477_Z12_len1519656",3,"6477_Z12__g009583--FGSG_11326..FSPOR_9121","6477_Z12__g009583--FGSG_11326..FSPOR_9121","other","N/A",609343,611144,-1
"NRRL6477","6477_Z12_len1519656.region003","6477_Z12_len1519656",3,"6477_Z12__g009585--FGSG_11327..FSPOR_9122","6477_Z12__g009585--FGSG_11327..FSPOR_9122","biosynthetic","terpene",612503,614172,-1
"NRRL6477","6477_Z12_len1519656.region003","6477_Z12_len1519656",3,"6477_Z12__g009586--FGSG_11328..FSPOR_9123","6477_Z12__g009586--FGSG_11328..FSPOR_9123","other","N/A",615553,616599,1
"NRRL6477","6477_Z12_len1519656.region003","6477_Z12_len1519656",3,"6477_Z12__g009587--FGSG_11329..FSPOR_9124","6477_Z12__g009587--FGSG_11329..FSPOR_9124","other","N/A",620898,621434,1
"NRRL6477","6477_Z12_len1519656.region004","6477_Z12_len1519656",4,"6477_Z12__g009845--FGSG_11056..FSPOR_4647","6477_Z12__g009845--FGSG_11056..FSPOR_4647","other","N/A",1230485,1231660,1
"NRRL6477","6477_Z12_len1519656.region004","6477_Z12_len1519656",4,"6477_Z12__g009846--FGSG_11055..FSPOR_4646","6477_Z12__g009846--FGSG_11055..FSPOR_4646","other","N/A",1231922,1233601,1
"NRRL6477","6477_Z12_len1519656.region004","6477_Z12_len1519656",4,"6477_Z12__g009848--FGSG_11022..FSPOR_4644","6477_Z12__g009848--FGSG_11022..FSPOR_4644","biosynthetic-additional","N/A",1236931,1238065,-1
"NRRL6477","6477_Z12_len1519656.region004","6477_Z12_len1519656",4,"6477_Z12__g009849--FGSG_11023..FSPOR_4643","6477_Z12__g009849--FGSG_11023..FSPOR_4643","other","N/A",1238516,1239179,1
"NRRL6477","6477_Z12_len1519656.region004","6477_Z12_len1519656",4,"6477_Z12__g009851","6477_Z12__g009851","biosynthetic-additional","N/A",1240018,1240489,-1
"NRRL6477","6477_Z12_len1519656.region004","6477_Z12_len1519656",4,"6477_Z12__g009852--FGSG_11024..FSPOR_4642","6477_Z12__g009852--FGSG_11024..FSPOR_4642","biosynthetic-additional","N/A",1240577,1241674,-1
"NRRL6477","6477_Z12_len1519656.region004","6477_Z12_len1519656",4,"6477_Z12__g009853--FSPOR_4641","6477_Z12__g009853--FSPOR_4641","other","N/A",1242839,1246041,1
"NRRL6477","6477_Z12_len1519656.region004","6477_Z12_len1519656",4,"6477_Z12__g009856--FGSG_11026..FSPOR_4638","6477_Z12__g009856--FGSG_11026..FSPOR_4638","biosynthetic","NRPS",1249722,1264036,-1
"NRRL6477","6477_Z12_len1519656.region004","6477_Z12_len1519656",4,"6477_Z12__g009857--FGSG_11027..FSPOR_4637","6477_Z12__g009857--FGSG_11027..FSPOR_4637","biosynthetic-additional","N/A",1264674,1265957,-1
"NRRL6477","6477_Z12_len1519656.region004","6477_Z12_len1519656",4,"6477_Z12__g009858--FGSG_11028..FSPOR_4636","6477_Z12__g009858--FGSG_11028..FSPOR_4636","transport","N/A",1266930,1271129,1
"NRRL6477","6477_Z12_len1519656.region004","6477_Z12_len1519656",4,"6477_Z12__g009859--FGSG_11029..FSPOR_4635","6477_Z12__g009859--FGSG_11029..FSPOR_4635","transport","N/A",1272351,1274270,1
"NRRL6477","6477_Z12_len1519656.region004","6477_Z12_len1519656",4,"6477_Z12__g009860--FGSG_11030..FSPOR_4634","6477_Z12__g009860--FGSG_11030..FSPOR_4634","other","N/A",1276343,1277155,1
"NRRL6477","6477_Z12_len1519656.region004","6477_Z12_len1519656",4,"6477_Z12__g009861--FGSG_11031..FSPOR_4633","6477_Z12__g009861--FGSG_11031..FSPOR_4633","other","N/A",1279525,1280157,1
"NRRL6477","6477_Z12_len1519656.region004","6477_Z12_len1519656",4,"6477_Z12__g009862--FGSG_13866..FSPOR_4632","6477_Z12__g009862--FGSG_13866..FSPOR_4632","transport","N/A",1280893,1282547,-1
"NRRL6477","6477_Z12_len1519656.region004","6477_Z12_len1519656",4,"LYS1","6477_Z12__g009847--FGSG_11054..FSPOR_4645","biosynthetic-additional","N/A",1235234,1236562,1
"NRRL6477","6477_Z12_len1519656.region004","6477_Z12_len1519656",4,"TRI15","6477_Z12__g009854--FGSG_11025..FSPOR_4639","other","N/A",1247137,1248093,-1
"NRRL6477","6477_Z12_len1519656.region005","6477_Z12_len1519656",5,"6477_Z12__g009893--FGSG_11000..FSPOR_4599","6477_Z12__g009893--FGSG_11000..FSPOR_4599","other","N/A",1359091,1359705,-1
"NRRL6477","6477_Z12_len1519656.region005","6477_Z12_len1519656",5,"6477_Z12__g009894--FGSG_10999..FSPOR_4598","6477_Z12__g009894--FGSG_10999..FSPOR_4598","other","N/A",1360378,1361183,-1
"NRRL6477","6477_Z12_len1519656.region005","6477_Z12_len1519656",5,"6477_Z12__g009895--FGSG_10998..FSPOR_4597","6477_Z12__g009895--FGSG_10998..FSPOR_4597","biosynthetic-additional","N/A",1363099,1364692,-1
"NRRL6477","6477_Z12_len1519656.region005","6477_Z12_len1519656",5,"6477_Z12__g009896--FGSG_10996..FSPOR_4596","6477_Z12__g009896--FGSG_10996..FSPOR_4596","other","N/A",1366371,1368397,1
"NRRL6477","6477_Z12_len1519656.region005","6477_Z12_len1519656",5,"6477_Z12__g009897--FSPOR_4595","6477_Z12__g009897--FSPOR_4595","other","N/A",1368559,1369671,-1
"NRRL6477","6477_Z12_len1519656.region005","6477_Z12_len1519656",5,"6477_Z12__g009898--FGSG_10460..FSPOR_4593","6477_Z12__g009898--FGSG_10460..FSPOR_4593","biosynthetic-additional","N/A",1374577,1375692,-1
"NRRL6477","6477_Z12_len1519656.region005","6477_Z12_len1519656",5,"6477_Z12__g009899--FSPOR_4592","6477_Z12__g009899--FSPOR_4592","biosynthetic","T1PKS;NRPS",1376965,1388898,1
"NRRL6477","6477_Z12_len1519656.region005","6477_Z12_len1519656",5,"6477_Z12__g009900","6477_Z12__g009900","other","N/A",1389625,1390174,-1
"NRRL6477","6477_Z12_len1519656.region005","6477_Z12_len1519656",5,"6477_Z12__g009901--FSPOR_4590","6477_Z12__g009901--FSPOR_4590","biosynthetic-additional","N/A",1391736,1392710,-1
"NRRL6477","6477_Z12_len1519656.region005","6477_Z12_len1519656",5,"6477_Z12__g009902--FSPOR_4589","6477_Z12__g009902--FSPOR_4589","biosynthetic-additional","N/A",1393184,1394814,1
"NRRL6477","6477_Z12_len1519656.region005","6477_Z12_len1519656",5,"6477_Z12__g009903--FGSG_10983..FSPOR_4588","6477_Z12__g009903--FGSG_10983..FSPOR_4588","other","N/A",1394969,1396416,-1
"NRRL6477","6477_Z12_len1519656.region005","6477_Z12_len1519656",5,"6477_Z12__g009904--FGSG_10982..FSPOR_4587","6477_Z12__g009904--FGSG_10982..FSPOR_4587","biosynthetic-additional","N/A",1398388,1400730,-1
"NRRL6477","6477_Z12_len1519656.region005","6477_Z12_len1519656",5,"6477_Z12__g009905--FGSG_13880..FSPOR_4586","6477_Z12__g009905--FGSG_13880..FSPOR_4586","biosynthetic-additional","N/A",1401254,1402225,-1
"NRRL6477","6477_Z12_len1519656.region005","6477_Z12_len1519656",5,"6477_Z12__g009906--FGSG_13881..FSPOR_4585","6477_Z12__g009906--FGSG_13881..FSPOR_4585","other","N/A",1402493,1404106,-1
"NRRL6477","6477_Z12_len1519656.region005","6477_Z12_len1519656",5,"6477_Z12__g009907","6477_Z12__g009907","other","N/A",1404375,1406032,-1
"NRRL6477","6477_Z13_len1408813.region001","6477_Z13_len1408813",1,"6477_Z13__g010038--FGSG_06468..FSPOR_384","6477_Z13__g010038--FGSG_06468..FSPOR_384","transport","N/A",267818,269487,-1
"NRRL6477","6477_Z13_len1408813.region001","6477_Z13_len1408813",1,"6477_Z13__g010039","6477_Z13__g010039","other","N/A",273879,274370,1
"NRRL6477","6477_Z13_len1408813.region001","6477_Z13_len1408813",1,"6477_Z13__g010040--FGSG_06466..FSPOR_385","6477_Z13__g010040--FGSG_06466..FSPOR_385","other","N/A",275425,276197,1
"NRRL6477","6477_Z13_len1408813.region001","6477_Z13_len1408813",1,"6477_Z13__g010041--FGSG_06465..FSPOR_386","6477_Z13__g010041--FGSG_06465..FSPOR_386","biosynthetic-additional","N/A",276385,277477,-1
"NRRL6477","6477_Z13_len1408813.region001","6477_Z13_len1408813",1,"6477_Z13__g010042--FGSG_06464..FSPOR_387","6477_Z13__g010042--FGSG_06464..FSPOR_387","transport","N/A",281255,282863,1
"NRRL6477","6477_Z13_len1408813.region001","6477_Z13_len1408813",1,"6477_Z13__g010043--FGSG_06463..FSPOR_388","6477_Z13__g010043--FGSG_06463..FSPOR_388","other","N/A",283741,285779,1
"NRRL6477","6477_Z13_len1408813.region001","6477_Z13_len1408813",1,"6477_Z13__g010044--FGSG_06462..FSPOR_389","6477_Z13__g010044--FGSG_06462..FSPOR_389","biosynthetic","NRPS-like",286205,291247,-1
"NRRL6477","6477_Z13_len1408813.region001","6477_Z13_len1408813",1,"6477_Z13__g010045--FGSG_06480..FSPOR_401","6477_Z13__g010045--FGSG_06480..FSPOR_401","biosynthetic-additional","N/A",294891,295955,-1
"NRRL6477","6477_Z13_len1408813.region001","6477_Z13_len1408813",1,"6477_Z13__g010046","6477_Z13__g010046","other","N/A",296234,296814,-1
"NRRL6477","6477_Z13_len1408813.region001","6477_Z13_len1408813",1,"6477_Z13__g010047--FGSG_12927..FSPOR_400","6477_Z13__g010047--FGSG_12927..FSPOR_400","other","N/A",297687,298894,-1
"NRRL6477","6477_Z13_len1408813.region001","6477_Z13_len1408813",1,"6477_Z13__g010048--FGSG_06482..FSPOR_399","6477_Z13__g010048--FGSG_06482..FSPOR_399","other","N/A",299830,300930,-1
"NRRL6477","6477_Z13_len1408813.region001","6477_Z13_len1408813",1,"6477_Z13__g010049--FGSG_06483..FSPOR_398","6477_Z13__g010049--FGSG_06483..FSPOR_398","other","N/A",303837,304397,-1
"NRRL6477","6477_Z13_len1408813.region001","6477_Z13_len1408813",1,"6477_Z13__g010050--FGSG_06484..FSPOR_397","6477_Z13__g010050--FGSG_06484..FSPOR_397","transport","N/A",306038,307519,-1
"NRRL6477","6477_Z13_len1408813.region001","6477_Z13_len1408813",1,"6477_Z13__g010051--FSPOR_396","6477_Z13__g010051--FSPOR_396","other","N/A",308571,309579,1
"NRRL6477","6477_Z13_len1408813.region001","6477_Z13_len1408813",1,"6477_Z13__g010052--FGSG_11457..FSPOR_395","6477_Z13__g010052--FGSG_11457..FSPOR_395","other","N/A",310033,310418,-1
"NRRL6477","6477_Z13_len1408813.region002","6477_Z13_len1408813",2,"6477_Z13__g010079--FGSG_06501..FSPOR_3294","6477_Z13__g010079--FGSG_06501..FSPOR_3294","other","N/A",406399,408015,-1
"NRRL6477","6477_Z13_len1408813.region002","6477_Z13_len1408813",2,"6477_Z13__g010080--FGSG_06502..FSPOR_3293","6477_Z13__g010080--FGSG_06502..FSPOR_3293","other","N/A",409867,411595,1
"NRRL6477","6477_Z13_len1408813.region002","6477_Z13_len1408813",2,"6477_Z13__g010081--FGSG_06503..FSPOR_3292","6477_Z13__g010081--FGSG_06503..FSPOR_3292","other","N/A",412425,413635,-1
"NRRL6477","6477_Z13_len1408813.region002","6477_Z13_len1408813",2,"6477_Z13__g010082","6477_Z13__g010082","other","N/A",414020,415086,-1
"NRRL6477","6477_Z13_len1408813.region002","6477_Z13_len1408813",2,"6477_Z13__g010083--FGSG_06504..FSPOR_3291","6477_Z13__g010083--FGSG_06504..FSPOR_3291","other","N/A",416227,420440,1
"NRRL6477","6477_Z13_len1408813.region002","6477_Z13_len1408813",2,"6477_Z13__g010084--FGSG_06505..FSPOR_3290","6477_Z13__g010084--FGSG_06505..FSPOR_3290","other","N/A",420958,421788,-1
"NRRL6477","6477_Z13_len1408813.region002","6477_Z13_len1408813",2,"6477_Z13__g010085--FGSG_06506..FSPOR_3289","6477_Z13__g010085--FGSG_06506..FSPOR_3289","other","N/A",423193,424125,-1
"NRRL6477","6477_Z13_len1408813.region002","6477_Z13_len1408813",2,"6477_Z13__g010086--FGSG_06507..FSPOR_3288","6477_Z13__g010086--FGSG_06507..FSPOR_3288","biosynthetic","NRPS-like",426052,429900,-1
"NRRL6477","6477_Z13_len1408813.region002","6477_Z13_len1408813",2,"6477_Z13__g010087--FGSG_06508..FSPOR_3287","6477_Z13__g010087--FGSG_06508..FSPOR_3287","biosynthetic-additional","N/A",433171,434718,-1
"NRRL6477","6477_Z13_len1408813.region002","6477_Z13_len1408813",2,"6477_Z13__g010090--FGSG_06511..FSPOR_3284","6477_Z13__g010090--FGSG_06511..FSPOR_3284","other","N/A",442904,445851,-1
"NRRL6477","6477_Z13_len1408813.region002","6477_Z13_len1408813",2,"6477_Z13__g010091--FGSG_06512..FSPOR_3283","6477_Z13__g010091--FGSG_06512..FSPOR_3283","other","N/A",449245,449708,1
"NRRL6477","6477_Z13_len1408813.region002","6477_Z13_len1408813",2,"ATG17","6477_Z13__g010089--FGSG_06510..FSPOR_3285","other","N/A",440458,442078,-1
"NRRL6477","6477_Z13_len1408813.region002","6477_Z13_len1408813",2,"PNS1","6477_Z13__g010088--FGSG_06509..FSPOR_3286","other","N/A",438283,439931,1
"NRRL6477","6477_Z13_len1408813.region003","6477_Z13_len1408813",3,"6477_Z13__g010203--FGSG_12950..FSPOR_631","6477_Z13__g010203--FGSG_12950..FSPOR_631","other","N/A",779020,780105,-1
"NRRL6477","6477_Z13_len1408813.region003","6477_Z13_len1408813",3,"6477_Z13__g010204--FGSG_06627..FSPOR_632","6477_Z13__g010204--FGSG_06627..FSPOR_632","other","N/A",781534,782591,-1
"NRRL6477","6477_Z13_len1408813.region003","6477_Z13_len1408813",3,"6477_Z13__g010206--FGSG_06629..FSPOR_634","6477_Z13__g010206--FGSG_06629..FSPOR_634","other","N/A",786040,786734,-1
"NRRL6477","6477_Z13_len1408813.region003","6477_Z13_len1408813",3,"6477_Z13__g010207--FGSG_12952..FSPOR_635","6477_Z13__g010207--FGSG_12952..FSPOR_635","biosynthetic","betalactone",788797,790752,-1
"NRRL6477","6477_Z13_len1408813.region003","6477_Z13_len1408813",3,"6477_Z13__g010208--FGSG_06630..FSPOR_636","6477_Z13__g010208--FGSG_06630..FSPOR_636","other","N/A",792407,794827,1
"NRRL6477","6477_Z13_len1408813.region003","6477_Z13_len1408813",3,"6477_Z13__g010210--FGSG_06631..FSPOR_637","6477_Z13__g010210--FGSG_06631..FSPOR_637","biosynthetic","betalactone",795464,801275,-1
"NRRL6477","6477_Z13_len1408813.region003","6477_Z13_len1408813",3,"6477_Z13__g010211--FGSG_06632..FSPOR_638","6477_Z13__g010211--FGSG_06632..FSPOR_638","other","N/A",803197,805491,1
"NRRL6477","6477_Z13_len1408813.region003","6477_Z13_len1408813",3,"6477_Z13__g010212--FGSG_06633..FSPOR_639","6477_Z13__g010212--FGSG_06633..FSPOR_639","other","N/A",807628,809410,1
"NRRL6477","6477_Z13_len1408813.region003","6477_Z13_len1408813",3,"6477_Z13__g010213--FGSG_06634..FSPOR_640","6477_Z13__g010213--FGSG_06634..FSPOR_640","other","N/A",809724,810587,-1
"NRRL6477","6477_Z13_len1408813.region003","6477_Z13_len1408813",3,"DRS1","6477_Z13__g010205--FGSG_06628..FSPOR_633","other","N/A",783190,785626,1
"NRRL6477","6477_Z14_len1234751.region001","6477_Z14_len1234751",1,"6477_Z14__g010519--FGSG_10101..FSPOR_2740","6477_Z14__g010519--FGSG_10101..FSPOR_2740","other","N/A",457149,458409,1
"NRRL6477","6477_Z14_len1234751.region001","6477_Z14_len1234751",1,"6477_Z14__g010520--FGSG_10100..FSPOR_2741","6477_Z14__g010520--FGSG_10100..FSPOR_2741","other","N/A",458724,459707,-1
"NRRL6477","6477_Z14_len1234751.region001","6477_Z14_len1234751",1,"6477_Z14__g010521","6477_Z14__g010521","other","N/A",460944,461727,-1
"NRRL6477","6477_Z14_len1234751.region001","6477_Z14_len1234751",1,"6477_Z14__g010522--FGSG_10098..FSPOR_2742","6477_Z14__g010522--FGSG_10098..FSPOR_2742","transport","N/A",461925,463694,-1
"NRRL6477","6477_Z14_len1234751.region001","6477_Z14_len1234751",1,"6477_Z14__g010523--FGSG_10097..FSPOR_2743","6477_Z14__g010523--FGSG_10097..FSPOR_2743","biosynthetic","terpene",465897,467147,1
"NRRL6477","6477_Z14_len1234751.region001","6477_Z14_len1234751",1,"6477_Z14__g010524--FGSG_10096..FSPOR_2744","6477_Z14__g010524--FGSG_10096..FSPOR_2744","other","N/A",467545,469109,-1
"NRRL6477","6477_Z14_len1234751.region001","6477_Z14_len1234751",1,"6477_Z14__g010525--FGSG_10095..FSPOR_2745","6477_Z14__g010525--FGSG_10095..FSPOR_2745","regulatory","N/A",472462,476344,1
"NRRL6477","6477_Z15_len1185119.region001","6477_Z15_len1185119",1,"6477_Z15__g010804--FGSG_10606..FSPOR_7568","6477_Z15__g010804--FGSG_10606..FSPOR_7568","other","N/A",351387,352435,-1
"NRRL6477","6477_Z15_len1185119.region001","6477_Z15_len1185119",1,"6477_Z15__g010807--FSPOR_7561","6477_Z15__g010807--FSPOR_7561","other","N/A",367050,367920,-1
"NRRL6477","6477_Z15_len1185119.region001","6477_Z15_len1185119",1,"CLM1","6477_Z15__g010805--FGSG_10397..FSPOR_7566","biosynthetic","terpene",359531,360808,1
"NRRL6477","6477_Z15_len1185119.region001","6477_Z15_len1185119",1,"CLM2","6477_Z15__g010806","biosynthetic-additional","N/A",362227,363870,1
"NRRL6477","6477_Z15_len1185119.region002","6477_Z15_len1185119",2,"6477_Z15__g010810--FSPOR_5252","6477_Z15__g010810--FSPOR_5252","other","N/A",382390,383865,-1
"NRRL6477","6477_Z15_len1185119.region002","6477_Z15_len1185119",2,"6477_Z15__g010811--FSPOR_5253","6477_Z15__g010811--FSPOR_5253","biosynthetic-additional","N/A",385450,387200,-1
"NRRL6477","6477_Z15_len1185119.region002","6477_Z15_len1185119",2,"6477_Z15__g010812--FGSG_04704..FSPOR_5254","6477_Z15__g010812--FGSG_04704..FSPOR_5254","other","N/A",389020,389828,-1
"NRRL6477","6477_Z15_len1185119.region002","6477_Z15_len1185119",2,"6477_Z15__g010813--FGSG_08009..FSPOR_5255","6477_Z15__g010813--FGSG_08009..FSPOR_5255","other","N/A",391742,393407,-1
"NRRL6477","6477_Z15_len1185119.region002","6477_Z15_len1185119",2,"6477_Z15__g010814","6477_Z15__g010814","other","N/A",393936,395394,-1
"NRRL6477","6477_Z15_len1185119.region002","6477_Z15_len1185119",2,"6477_Z15__g010815--FGSG_13458..FSPOR_5256","6477_Z15__g010815--FGSG_13458..FSPOR_5256","other","N/A",396359,398021,1
"NRRL6477","6477_Z15_len1185119.region002","6477_Z15_len1185119",2,"6477_Z15__g010816--FSPOR_5257","6477_Z15__g010816--FSPOR_5257","biosynthetic-additional","N/A",398967,400978,1
"NRRL6477","6477_Z15_len1185119.region002","6477_Z15_len1185119",2,"6477_Z15__g010819--FSPOR_5260","6477_Z15__g010819--FSPOR_5260","biosynthetic-additional","N/A",419753,420505,1
"NRRL6477","6477_Z15_len1185119.region002","6477_Z15_len1185119",2,"APF1","6477_Z15__g010817--FSPOR_5258","biosynthetic","NRPS",401178,416612,-1
"NRRL6477","6477_Z15_len1185119.region002","6477_Z15_len1185119",2,"APF11","6477_Z15__g010818--FSPOR_5259","transport","N/A",417319,419302,1
"NRRL6477","6477_Z15_len1185119.region002","6477_Z15_len1185119",2,"APF12","6477_Z15__g010824--FSPOR_5264","other","N/A",429856,431961,-1
"NRRL6477","6477_Z15_len1185119.region002","6477_Z15_len1185119",2,"APF6","6477_Z15__g010823--FSPOR_5263","biosynthetic-additional","N/A",427778,429004,-1
"NRRL6477","6477_Z15_len1185119.region002","6477_Z15_len1185119",2,"APF7","6477_Z15__g010822--FSPOR_5262","biosynthetic-additional","N/A",426532,427582,1
"NRRL6477","6477_Z15_len1185119.region002","6477_Z15_len1185119",2,"APF8","6477_Z15__g010821","other","N/A",424294,424741,-1
"NRRL6477","6477_Z15_len1185119.region002","6477_Z15_len1185119",2,"APF9","6477_Z15__g010820--FSPOR_5261","biosynthetic-additional","N/A",421303,422340,-1
"NRRL6477","6477_Z15_len1185119.region003","6477_Z15_len1185119",3,"6477_Z15__g010865--FSPOR_6471","6477_Z15__g010865--FSPOR_6471","biosynthetic-additional","N/A",583926,585284,-1
"NRRL6477","6477_Z15_len1185119.region003","6477_Z15_len1185119",3,"6477_Z15__g010866--FSPOR_6469","6477_Z15__g010866--FSPOR_6469","other","N/A",590914,591761,-1
"NRRL6477","6477_Z15_len1185119.region003","6477_Z15_len1185119",3,"6477_Z15__g010867--FGSG_10700..FSPOR_6468","6477_Z15__g010867--FGSG_10700..FSPOR_6468","other","N/A",592994,594979,-1
"NRRL6477","6477_Z15_len1185119.region003","6477_Z15_len1185119",3,"6477_Z15__g010868--FGSG_13809..FSPOR_6467","6477_Z15__g010868--FGSG_13809..FSPOR_6467","other","N/A",596275,598927,1
"NRRL6477","6477_Z15_len1185119.region003","6477_Z15_len1185119",3,"6477_Z15__g010869--FGSG_10702..FSPOR_6465","6477_Z15__g010869--FGSG_10702..FSPOR_6465","biosynthetic","NRPS-like",603460,606531,1
"NRRL6477","6477_Z15_len1185119.region003","6477_Z15_len1185119",3,"6477_Z15__g010870","6477_Z15__g010870","other","N/A",609393,610667,-1
"NRRL6477","6477_Z15_len1185119.region003","6477_Z15_len1185119",3,"6477_Z15__g010871","6477_Z15__g010871","other","N/A",612787,613326,-1
"NRRL6477","6477_Z15_len1185119.region003","6477_Z15_len1185119",3,"6477_Z15__g010872","6477_Z15__g010872","other","N/A",615426,616457,1
"NRRL6477","6477_Z15_len1185119.region003","6477_Z15_len1185119",3,"6477_Z15__g010873","6477_Z15__g010873","other","N/A",617040,618125,1
"NRRL6477","6477_Z15_len1185119.region003","6477_Z15_len1185119",3,"6477_Z15__g010874","6477_Z15__g010874","other","N/A",618755,619188,-1
"NRRL6477","6477_Z15_len1185119.region003","6477_Z15_len1185119",3,"6477_Z15__g010875--FGSG_11645..FSPOR_6460","6477_Z15__g010875--FGSG_11645..FSPOR_6460","other","N/A",620844,622883,1
"NRRL6477","6477_Z15_len1185119.region003","6477_Z15_len1185119",3,"6477_Z15__g010876--FSPOR_6459","6477_Z15__g010876--FSPOR_6459","biosynthetic-additional","N/A",623956,625085,-1
"NRRL6477","6477_Z15_len1185119.region004","6477_Z15_len1185119",4,"6477_Z15__g010905--FGSG_10551..FSPOR_6434","6477_Z15__g010905--FGSG_10551..FSPOR_6434","other","N/A",700651,701436,1
"NRRL6477","6477_Z15_len1185119.region004","6477_Z15_len1185119",4,"6477_Z15__g010906--FGSG_03867..FSPOR_6433","6477_Z15__g010906--FGSG_03867..FSPOR_6433","biosynthetic-additional","N/A",702864,703814,-1
"NRRL6477","6477_Z15_len1185119.region004","6477_Z15_len1185119",4,"6477_Z15__g010907","6477_Z15__g010907","other","N/A",706469,707545,1
"NRRL6477","6477_Z15_len1185119.region004","6477_Z15_len1185119",4,"6477_Z15__g010908","6477_Z15__g010908","other","N/A",708442,709455,1
"NRRL6477","6477_Z15_len1185119.region004","6477_Z15_len1185119",4,"6477_Z15__g010909--FGSG_13822..FSPOR_6432","6477_Z15__g010909--FGSG_13822..FSPOR_6432","other","N/A",710073,713221,1
"NRRL6477","6477_Z15_len1185119.region004","6477_Z15_len1185119",4,"6477_Z15__g010910--FSPOR_9288","6477_Z15__g010910--FSPOR_9288","biosynthetic","NRPS",717518,720094,1
"NRRL6477","6477_Z15_len1185119.region004","6477_Z15_len1185119",4,"6477_Z15__g010911--FSPOR_9287","6477_Z15__g010911--FSPOR_9287","other","N/A",720865,721557,-1
"NRRL6477","6477_Z15_len1185119.region004","6477_Z15_len1185119",4,"6477_Z15__g010912","6477_Z15__g010912","biosynthetic-additional","N/A",722757,724075,1
"NRRL6477","6477_Z15_len1185119.region004","6477_Z15_len1185119",4,"6477_Z15__g010914--FSPOR_9285","6477_Z15__g010914--FSPOR_9285","other","N/A",725710,726406,-1
"NRRL6477","6477_Z15_len1185119.region004","6477_Z15_len1185119",4,"6477_Z15__g010915--FSPOR_9283","6477_Z15__g010915--FSPOR_9283","other","N/A",731538,733649,-1
"NRRL6477","6477_Z15_len1185119.region005","6477_Z15_len1185119",5,"6477_Z15__g010990--FGSG_10332..FSPOR_8552","6477_Z15__g010990--FGSG_10332..FSPOR_8552","other","N/A",1089224,1090078,-1
"NRRL6477","6477_Z15_len1185119.region005","6477_Z15_len1185119",5,"6477_Z15__g010991--FGSG_10331..FSPOR_8553","6477_Z15__g010991--FGSG_10331..FSPOR_8553","biosynthetic-additional","N/A",1090953,1091955,-1
"NRRL6477","6477_Z15_len1185119.region005","6477_Z15_len1185119",5,"6477_Z15__g010992--FGSG_10330..FSPOR_8554","6477_Z15__g010992--FGSG_10330..FSPOR_8554","other","N/A",1092819,1094173,1
"NRRL6477","6477_Z15_len1185119.region005","6477_Z15_len1185119",5,"6477_Z15__g010993--FGSG_13740..FSPOR_8555","6477_Z15__g010993--FGSG_13740..FSPOR_8555","biosynthetic-additional","N/A",1095002,1095958,1
"NRRL6477","6477_Z15_len1185119.region005","6477_Z15_len1185119",5,"6477_Z15__g010994--FGSG_13739..FSPOR_8556","6477_Z15__g010994--FGSG_13739..FSPOR_8556","biosynthetic-additional","N/A",1098142,1099430,1
"NRRL6477","6477_Z15_len1185119.region005","6477_Z15_len1185119",5,"6477_Z15__g010995--FGSG_09099..FSPOR_8557","6477_Z15__g010995--FGSG_09099..FSPOR_8557","other","N/A",1099816,1101439,-1
"NRRL6477","6477_Z15_len1185119.region005","6477_Z15_len1185119",5,"6477_Z15__g010996--FSPOR_8559","6477_Z15__g010996--FSPOR_8559","biosynthetic-additional","N/A",1103658,1104688,-1
"NRRL6477","6477_Z15_len1185119.region005","6477_Z15_len1185119",5,"6477_Z15__g010997--FSPOR_8560","6477_Z15__g010997--FSPOR_8560","transport","N/A",1105825,1107458,-1
"NRRL6477","6477_Z15_len1185119.region005","6477_Z15_len1185119",5,"6477_Z15__g010998--FSPOR_8561","6477_Z15__g010998--FSPOR_8561","biosynthetic","NRPS-like",1108194,1111950,1
"NRRL6477","6477_Z15_len1185119.region005","6477_Z15_len1185119",5,"6477_Z15__g010999--FSPOR_8563","6477_Z15__g010999--FSPOR_8563","other","N/A",1115877,1116587,-1
"NRRL6477","6477_Z15_len1185119.region005","6477_Z15_len1185119",5,"6477_Z15__g011000--FSPOR_8565","6477_Z15__g011000--FSPOR_8565","other","N/A",1119344,1119835,1
"NRRL6477","6477_Z15_len1185119.region005","6477_Z15_len1185119",5,"6477_Z15__g011001--FSPOR_8566","6477_Z15__g011001--FSPOR_8566","other","N/A",1120775,1121548,1
"NRRL6477","6477_Z15_len1185119.region005","6477_Z15_len1185119",5,"6477_Z15__g011002--FSPOR_8567","6477_Z15__g011002--FSPOR_8567","other","N/A",1122536,1122977,-1
"NRRL6477","6477_Z15_len1185119.region005","6477_Z15_len1185119",5,"6477_Z15__g011003--FSPOR_8568","6477_Z15__g011003--FSPOR_8568","other","N/A",1125133,1125555,-1
"NRRL6477","6477_Z15_len1185119.region005","6477_Z15_len1185119",5,"6477_Z15__g011004--FSPOR_8569","6477_Z15__g011004--FSPOR_8569","other","N/A",1128738,1129849,1
"NRRL6477","6477_Z17_len582469.region001","6477_Z17_len582469",1,"6477_Z17__g011203","6477_Z17__g011203","biosynthetic","NRPS",1888,42200,-1
"NRRL6477","6477_Z17_len582469.region001","6477_Z17_len582469",1,"6477_Z17__g011204","6477_Z17__g011204","biosynthetic-additional","N/A",43089,43853,1
"NRRL6477","6477_Z17_len582469.region001","6477_Z17_len582469",1,"6477_Z17__g011205","6477_Z17__g011205","other","N/A",43883,44880,-1
"NRRL6477","6477_Z17_len582469.region001","6477_Z17_len582469",1,"6477_Z17__g011206","6477_Z17__g011206","transport","N/A",46061,50258,1
"NRRL6477","6477_Z17_len582469.region001","6477_Z17_len582469",1,"6477_Z17__g011207","6477_Z17__g011207","transport","N/A",50505,51026,1
"NRRL6477","6477_Z17_len582469.region001","6477_Z17_len582469",1,"6477_Z17__g011208","6477_Z17__g011208","biosynthetic-additional","N/A",51881,53602,-1
"NRRL6477","6477_Z17_len582469.region001","6477_Z17_len582469",1,"6477_Z17__g011209","6477_Z17__g011209","biosynthetic-additional","N/A",54201,55320,1
"NRRL6477","6477_Z17_len582469.region001","6477_Z17_len582469",1,"6477_Z17__g011210","6477_Z17__g011210","other","N/A",55417,56223,-1
"NRRL6477","6477_Z17_len582469.region001","6477_Z17_len582469",1,"6477_Z17__g011211","6477_Z17__g011211","biosynthetic-additional","N/A",57274,58284,1
"NRRL6477","6477_Z17_len582469.region001","6477_Z17_len582469",1,"6477_Z17__g011212","6477_Z17__g011212","biosynthetic","T1PKS",59504,67231,1
"NRRL6477","6477_Z17_len582469.region001","6477_Z17_len582469",1,"6477_Z17__g011213","6477_Z17__g011213","biosynthetic-additional","N/A",81896,83251,-1
"NRRL6477","6477_Z17_len582469.region001","6477_Z17_len582469",1,"6477_Z17__g011214","6477_Z17__g011214","other","N/A",84058,85320,1
"NRRL6477","6477_Z18_len579297.region001","6477_Z18_len579297",1,"6477_Z18__g011385--FGSG_08320..FSPOR_10996","6477_Z18__g011385--FGSG_08320..FSPOR_10996","biosynthetic-additional","N/A",1231,2856,-1
"NRRL6477","6477_Z18_len579297.region001","6477_Z18_len579297",1,"6477_Z18__g011386--FGSG_13394..FSPOR_10995","6477_Z18__g011386--FGSG_13394..FSPOR_10995","biosynthetic","NRPS",5604,9349,1
"NRRL6477","6477_Z18_len579297.region001","6477_Z18_len579297",1,"6477_Z18__g011387--FGSG_08318..FSPOR_10994","6477_Z18__g011387--FGSG_08318..FSPOR_10994","other","N/A",9579,10760,-1
"NRRL6477","6477_Z18_len579297.region001","6477_Z18_len579297",1,"6477_Z18__g011388--FGSG_08317..FSPOR_10993","6477_Z18__g011388--FGSG_08317..FSPOR_10993","other","N/A",11452,12534,1
"NRRL6477","6477_Z18_len579297.region001","6477_Z18_len579297",1,"6477_Z18__g011389--FGSG_08316..FSPOR_10992","6477_Z18__g011389--FGSG_08316..FSPOR_10992","other","N/A",12888,14649,-1
"NRRL6477","6477_Z18_len579297.region001","6477_Z18_len579297",1,"6477_Z18__g011390--FGSG_08315..FSPOR_10991","6477_Z18__g011390--FGSG_08315..FSPOR_10991","other","N/A",16020,18623,-1
"NRRL6477","6477_Z18_len579297.region001","6477_Z18_len579297",1,"6477_Z18__g011391--FGSG_08314..FSPOR_10990","6477_Z18__g011391--FGSG_08314..FSPOR_10990","other","N/A",19801,20710,-1
"NRRL6477","6477_Z18_len579297.region001","6477_Z18_len579297",1,"6477_Z18__g011392--FGSG_08313..FSPOR_10989","6477_Z18__g011392--FGSG_08313..FSPOR_10989","other","N/A",21231,22968,1
"NRRL6477","6477_Z18_len579297.region002","6477_Z18_len579297",2,"6477_Z18__g011463--FSPOR_6089","6477_Z18__g011463--FSPOR_6089","biosynthetic-additional","N/A",250222,251451,1
"NRRL6477","6477_Z18_len579297.region002","6477_Z18_len579297",2,"6477_Z18__g011464--FGSG_08230..FSPOR_6088","6477_Z18__g011464--FGSG_08230..FSPOR_6088","other","N/A",252794,254535,-1
"NRRL6477","6477_Z18_len579297.region002","6477_Z18_len579297",2,"6477_Z18__g011465","6477_Z18__g011465","other","N/A",257910,259199,1
"NRRL6477","6477_Z18_len579297.region002","6477_Z18_len579297",2,"6477_Z18__g011466--FSPOR_6087","6477_Z18__g011466--FSPOR_6087","other","N/A",260527,262422,1
"NRRL6477","6477_Z18_len579297.region002","6477_Z18_len579297",2,"6477_Z18__g011467--FSPOR_6086","6477_Z18__g011467--FSPOR_6086","other","N/A",263296,264152,1
"NRRL6477","6477_Z18_len579297.region002","6477_Z18_len579297",2,"6477_Z18__g011468--FGSG_08228..FSPOR_6084","6477_Z18__g011468--FGSG_08228..FSPOR_6084","biosynthetic-additional","N/A",267402,269115,-1
"NRRL6477","6477_Z18_len579297.region002","6477_Z18_len579297",2,"6477_Z18__g011469--FGSG_08227..FSPOR_6083","6477_Z18__g011469--FGSG_08227..FSPOR_6083","biosynthetic","isocyanide",269988,272069,1
"NRRL6477","6477_Z18_len579297.region002","6477_Z18_len579297",2,"6477_Z18__g011470--FGSG_13418..FSPOR_6082","6477_Z18__g011470--FGSG_13418..FSPOR_6082","other","N/A",272739,274451,-1
"NRRL6477","6477_Z18_len579297.region002","6477_Z18_len579297",2,"6477_Z18__g011471--FSPOR_6081","6477_Z18__g011471--FSPOR_6081","other","N/A",276513,276884,1
"NRRL6477","6477_Z18_len579297.region002","6477_Z18_len579297",2,"6477_Z18__g011472","6477_Z18__g011472","other","N/A",278250,279252,-1
"NRRL6477","6477_Z18_len579297.region002","6477_Z18_len579297",2,"6477_Z18__g011473","6477_Z18__g011473","other","N/A",281882,285060,1
"NRRL6477","6477_Z18_len579297.region002","6477_Z18_len579297",2,"6477_Z18__g011474--FGSG_08221..FSPOR_6077","6477_Z18__g011474--FGSG_08221..FSPOR_6077","biosynthetic-additional","N/A",290309,292116,1
"NRRL6477","6477_Z18_len579297.region002","6477_Z18_len579297",2,"6477_Z18__g011475--FSPOR_6075","6477_Z18__g011475--FSPOR_6075","biosynthetic-additional","N/A",293244,294311,-1
"NRRL6477","6477_Z18_len579297.region002","6477_Z18_len579297",2,"6477_Z18__g011476--FGSG_08220..FSPOR_6074","6477_Z18__g011476--FGSG_08220..FSPOR_6074","other","N/A",295118,295921,1
"NRRL6477","6477_Z18_len579297.region002","6477_Z18_len579297",2,"6477_Z18__g011477--FGSG_13420..FSPOR_6073","6477_Z18__g011477--FGSG_13420..FSPOR_6073","other","N/A",296048,296654,-1
"NRRL6477","6477_Z18_len579297.region002","6477_Z18_len579297",2,"6477_Z18__g011478","6477_Z18__g011478","other","N/A",297916,298342,-1
"NRRL6477","6477_Z18_len579297.region002","6477_Z18_len579297",2,"6477_Z18__g011479--FGSG_08214..FSPOR_6072","6477_Z18__g011479--FGSG_08214..FSPOR_6072","other","N/A",301881,302530,1
"NRRL6477","6477_Z18_len579297.region002","6477_Z18_len579297",2,"6477_Z18__g011480--FSPOR_6071","6477_Z18__g011480--FSPOR_6071","biosynthetic-additional","N/A",303538,305144,1
"NRRL6477","6477_Z18_len579297.region002","6477_Z18_len579297",2,"6477_Z18__g011481--FGSG_08210..FSPOR_6070","6477_Z18__g011481--FGSG_08210..FSPOR_6070","other","N/A",307699,308249,1
"NRRL6477","6477_Z18_len579297.region002","6477_Z18_len579297",2,"6477_Z18__g011484--FGSG_08207..FSPOR_6067","6477_Z18__g011484--FGSG_08207..FSPOR_6067","biosynthetic-additional","N/A",332475,334224,1
"NRRL6477","6477_Z18_len579297.region002","6477_Z18_len579297",2,"6477_Z18__g011485--FGSG_08206..FSPOR_6066","6477_Z18__g011485--FGSG_08206..FSPOR_6066","other","N/A",334505,334883,-1
"NRRL6477","6477_Z18_len579297.region002","6477_Z18_len579297",2,"6477_Z18__g011486--FGSG_08205..FSPOR_6065","6477_Z18__g011486--FGSG_08205..FSPOR_6065","biosynthetic-additional","N/A",336529,337863,1
"NRRL6477","6477_Z18_len579297.region002","6477_Z18_len579297",2,"6477_Z18__g011487--FGSG_08204..FSPOR_6064","6477_Z18__g011487--FGSG_08204..FSPOR_6064","other","N/A",338397,339628,-1
"NRRL6477","6477_Z18_len579297.region002","6477_Z18_len579297",2,"6477_Z18__g011488--FGSG_08203..FSPOR_6063","6477_Z18__g011488--FGSG_08203..FSPOR_6063","other","N/A",341405,343079,-1
"NRRL6477","6477_Z18_len579297.region002","6477_Z18_len579297",2,"6477_Z18__g011489","6477_Z18__g011489","other","N/A",344529,348088,-1
"NRRL6477","6477_Z18_len579297.region002","6477_Z18_len579297",2,"6477_Z18__g011490--FGSG_00021..FSPOR_11794","6477_Z18__g011490--FGSG_00021..FSPOR_11794","other","N/A",348363,349385,-1
"NRRL6477","6477_Z18_len579297.region002","6477_Z18_len579297",2,"NRPS7","6477_Z18__g011482--FGSG_08209..FSPOR_6069","biosynthetic","NRPS",308994,322176,-1
"NRRL6477","6477_Z18_len579297.region002","6477_Z18_len579297",2,"PKS6","6477_Z18__g011483--FGSG_08208..FSPOR_6068","biosynthetic","T1PKS",323562,331325,1
"NRRL6477","6477_Z18_len579297.region003","6477_Z18_len579297",3,"6477_Z18__g011495--FGSG_08192..FSPOR_6058","6477_Z18__g011495--FGSG_08192..FSPOR_6058","biosynthetic-additional","N/A",359819,360929,1
"NRRL6477","6477_Z18_len579297.region003","6477_Z18_len579297",3,"6477_Z18__g011496","6477_Z18__g011496","biosynthetic-additional","N/A",361012,361446,-1
"NRRL6477","6477_Z18_len579297.region003","6477_Z18_len579297",3,"6477_Z18__g011497--FGSG_08190..FSPOR_6056","6477_Z18__g011497--FGSG_08190..FSPOR_6056","other","N/A",363300,364293,1
"NRRL6477","6477_Z18_len579297.region003","6477_Z18_len579297",3,"6477_Z18__g011498--FGSG_13428..FSPOR_6054","6477_Z18__g011498--FGSG_13428..FSPOR_6054","other","N/A",369501,370946,-1
"NRRL6477","6477_Z18_len579297.region003","6477_Z18_len579297",3,"6477_Z18__g011499--FGSG_08188..FSPOR_6053","6477_Z18__g011499--FGSG_08188..FSPOR_6053","other","N/A",374153,377502,-1
"NRRL6477","6477_Z18_len579297.region003","6477_Z18_len579297",3,"6477_Z18__g011500--FGSG_08187..FSPOR_6052","6477_Z18__g011500--FGSG_08187..FSPOR_6052","biosynthetic-additional","N/A",378608,380403,1
"NRRL6477","6477_Z18_len579297.region003","6477_Z18_len579297",3,"6477_Z18__g011501--FGSG_08186..FSPOR_6051","6477_Z18__g011501--FGSG_08186..FSPOR_6051","biosynthetic-additional","N/A",381359,383243,1
"NRRL6477","6477_Z18_len579297.region003","6477_Z18_len579297",3,"6477_Z18__g011502--FGSG_08185..FSPOR_6050","6477_Z18__g011502--FGSG_08185..FSPOR_6050","biosynthetic","isocyanide-nrp",383935,385396,-1
"NRRL6477","6477_Z18_len579297.region003","6477_Z18_len579297",3,"6477_Z18__g011503--FGSG_08184..FSPOR_6049","6477_Z18__g011503--FGSG_08184..FSPOR_6049","biosynthetic","isocyanide-nrp",386367,390528,-1
"NRRL6477","6477_Z18_len579297.region003","6477_Z18_len579297",3,"6477_Z18__g011504--FGSG_08183..FSPOR_6048","6477_Z18__g011504--FGSG_08183..FSPOR_6048","biosynthetic-additional","N/A",391607,393570,-1
"NRRL6477","6477_Z18_len579297.region003","6477_Z18_len579297",3,"6477_Z18__g011505--FGSG_08182..FSPOR_6047","6477_Z18__g011505--FGSG_08182..FSPOR_6047","other","N/A",394453,395472,-1
"NRRL6477","6477_Z18_len579297.region003","6477_Z18_len579297",3,"6477_Z18__g011506--FGSG_08181..FSPOR_6046","6477_Z18__g011506--FGSG_08181..FSPOR_6046","biosynthetic","terpene",397452,398716,1
"NRRL6477","6477_Z18_len579297.region003","6477_Z18_len579297",3,"6477_Z18__g011507","6477_Z18__g011507","other","N/A",399007,399423,-1
"NRRL6477","6477_Z18_len579297.region003","6477_Z18_len579297",3,"6477_Z18__g011508--FGSG_08175..FSPOR_6045","6477_Z18__g011508--FGSG_08175..FSPOR_6045","other","N/A",399813,401306,-1
"NRRL6477","6477_Z18_len579297.region003","6477_Z18_len579297",3,"6477_Z18__g011509--FSPOR_6044","6477_Z18__g011509--FSPOR_6044","biosynthetic-additional","N/A",404222,405885,1
"NRRL6477","6477_Z18_len579297.region003","6477_Z18_len579297",3,"6477_Z18__g011510--FGSG_08174..FSPOR_4192","6477_Z18__g011510--FGSG_08174..FSPOR_4192","other","N/A",406971,408003,1
"NRRL6477","6477_Z18_len579297.region003","6477_Z18_len579297",3,"6477_Z18__g011511--FGSG_08173..FSPOR_4191","6477_Z18__g011511--FGSG_08173..FSPOR_4191","other","N/A",408629,410474,-1
"NRRL6477","6477_Z18_len579297.region003","6477_Z18_len579297",3,"6477_Z18__g011512--FGSG_08172..FSPOR_4190","6477_Z18__g011512--FGSG_08172..FSPOR_4190","other","N/A",411322,411778,-1
"NRRL6477","6477_Z2_len4026043.region001","6477_Z2_len4026043",1,"6477_Z2__g002658--FGSG_00455..FSPOR_10177","6477_Z2__g002658--FGSG_00455..FSPOR_10177","other","N/A",2575943,2576959,1
"NRRL6477","6477_Z2_len4026043.region001","6477_Z2_len4026043",1,"6477_Z2__g002659--FGSG_00454..FSPOR_10178","6477_Z2__g002659--FGSG_00454..FSPOR_10178","biosynthetic-additional","N/A",2577839,2579265,1
"NRRL6477","6477_Z2_len4026043.region001","6477_Z2_len4026043",1,"6477_Z2__g002660--FGSG_00453..FSPOR_10179","6477_Z2__g002660--FGSG_00453..FSPOR_10179","other","N/A",2579793,2580492,-1
"NRRL6477","6477_Z2_len4026043.region001","6477_Z2_len4026043",1,"6477_Z2__g002661--FGSG_00452..FSPOR_10180","6477_Z2__g002661--FGSG_00452..FSPOR_10180","biosynthetic-additional","N/A",2581998,2582744,1
"NRRL6477","6477_Z2_len4026043.region001","6477_Z2_len4026043",1,"6477_Z2__g002662--FGSG_00451..FSPOR_10181","6477_Z2__g002662--FGSG_00451..FSPOR_10181","biosynthetic","terpene",2582867,2583802,-1
"NRRL6477","6477_Z2_len4026043.region001","6477_Z2_len4026043",1,"6477_Z2__g002663--FGSG_00450..FSPOR_10182","6477_Z2__g002663--FGSG_00450..FSPOR_10182","other","N/A",2585407,2586327,-1
"NRRL6477","6477_Z2_len4026043.region001","6477_Z2_len4026043",1,"PWP1","6477_Z2__g002664--FGSG_00449..FSPOR_10183","other","N/A",2589520,2591206,-1
"NRRL6477","6477_Z2_len4026043.region002","6477_Z2_len4026043",2,"6477_Z2__g003026--FSPOR_6970","6477_Z2__g003026--FSPOR_6970","other","N/A",3737292,3739871,1
"NRRL6477","6477_Z2_len4026043.region002","6477_Z2_len4026043",2,"6477_Z2__g003027--FSPOR_8882","6477_Z2__g003027--FSPOR_8882","biosynthetic-additional","N/A",3740601,3741770,-1
"NRRL6477","6477_Z2_len4026043.region002","6477_Z2_len4026043",2,"6477_Z2__g003028--FSPOR_8884","6477_Z2__g003028--FSPOR_8884","transport","N/A",3746633,3748185,1
"NRRL6477","6477_Z2_len4026043.region002","6477_Z2_len4026043",2,"6477_Z2__g003029--FSPOR_8885","6477_Z2__g003029--FSPOR_8885","biosynthetic-additional","N/A",3748290,3749368,-1
"NRRL6477","6477_Z2_len4026043.region002","6477_Z2_len4026043",2,"6477_Z2__g003030--FSPOR_8886","6477_Z2__g003030--FSPOR_8886","biosynthetic-additional","N/A",3751099,3753576,-1
"NRRL6477","6477_Z2_len4026043.region002","6477_Z2_len4026043",2,"6477_Z2__g003031--FSPOR_8887","6477_Z2__g003031--FSPOR_8887","biosynthetic","isocyanide",3756311,3758476,1
"NRRL6477","6477_Z2_len4026043.region002","6477_Z2_len4026043",2,"6477_Z2__g003032--FSPOR_8888","6477_Z2__g003032--FSPOR_8888","other","N/A",3759110,3759688,-1
"NRRL6477","6477_Z2_len4026043.region002","6477_Z2_len4026043",2,"6477_Z2__g003033","6477_Z2__g003033","biosynthetic-additional","N/A",3764298,3765374,1
"NRRL6477","6477_Z2_len4026043.region002","6477_Z2_len4026043",2,"6477_Z2__g003034","6477_Z2__g003034","other","N/A",3770328,3770961,1
"NRRL6477","6477_Z2_len4026043.region002","6477_Z2_len4026043",2,"6477_Z2__g003035--FGSG_00031..FSPOR_8893","6477_Z2__g003035--FGSG_00031..FSPOR_8893","other","N/A",3773111,3777282,-1
"NRRL6477","6477_Z21_len264541.region001","6477_Z21_len264541",1,"6477_Z21__g011832--FGSG_01781..FSPOR_2683","6477_Z21__g011832--FGSG_01781..FSPOR_2683","other","N/A",130965,132227,1
"NRRL6477","6477_Z21_len264541.region001","6477_Z21_len264541",1,"6477_Z21__g011833","6477_Z21__g011833","other","N/A",132301,133209,1
"NRRL6477","6477_Z21_len264541.region001","6477_Z21_len264541",1,"6477_Z21__g011834--FGSG_01782..FSPOR_2682","6477_Z21__g011834--FGSG_01782..FSPOR_2682","other","N/A",133384,133920,-1
"NRRL6477","6477_Z21_len264541.region001","6477_Z21_len264541",1,"6477_Z21__g011835--FGSG_01784..FSPOR_2680","6477_Z21__g011835--FGSG_01784..FSPOR_2680","other","N/A",136181,137365,1
"NRRL6477","6477_Z21_len264541.region001","6477_Z21_len264541",1,"6477_Z21__g011836--FGSG_01785..FSPOR_2679","6477_Z21__g011836--FGSG_01785..FSPOR_2679","other","N/A",138128,139513,1
"NRRL6477","6477_Z21_len264541.region001","6477_Z21_len264541",1,"6477_Z21__g011837--FGSG_01786..FSPOR_2678","6477_Z21__g011837--FGSG_01786..FSPOR_2678","biosynthetic-additional","N/A",140131,142034,1
"NRRL6477","6477_Z21_len264541.region001","6477_Z21_len264541",1,"6477_Z21__g011838--FGSG_01787..FSPOR_2677","6477_Z21__g011838--FGSG_01787..FSPOR_2677","other","N/A",142351,143154,-1
"NRRL6477","6477_Z21_len264541.region001","6477_Z21_len264541",1,"6477_Z21__g011839","6477_Z21__g011839","other","N/A",144090,144452,-1
"NRRL6477","6477_Z21_len264541.region001","6477_Z21_len264541",1,"6477_Z21__g011840--FGSG_01789..FSPOR_2676","6477_Z21__g011840--FGSG_01789..FSPOR_2676","other","N/A",146874,149102,1
"NRRL6477","6477_Z21_len264541.region001","6477_Z21_len264541",1,"6477_Z21__g011841--FGSG_01790..FSPOR_2675","6477_Z21__g011841--FGSG_01790..FSPOR_2675","biosynthetic","T1PKS",149712,153703,1
"NRRL6477","6477_Z21_len264541.region001","6477_Z21_len264541",1,"6477_Z21__g011842","6477_Z21__g011842","biosynthetic-additional","N/A",153707,157306,1
"NRRL6477","6477_Z21_len264541.region001","6477_Z21_len264541",1,"6477_Z21__g011843--FGSG_01791..FSPOR_2674","6477_Z21__g011843--FGSG_01791..FSPOR_2674","other","N/A",157996,159388,1
"NRRL6477","6477_Z21_len264541.region001","6477_Z21_len264541",1,"6477_Z21__g011844--FGSG_01792..FSPOR_2673","6477_Z21__g011844--FGSG_01792..FSPOR_2673","transport","N/A",160071,161840,-1
"NRRL6477","6477_Z21_len264541.region001","6477_Z21_len264541",1,"6477_Z21__g011845--FGSG_01793..FSPOR_2672","6477_Z21__g011845--FGSG_01793..FSPOR_2672","other","N/A",162251,162890,1
"NRRL6477","6477_Z21_len264541.region001","6477_Z21_len264541",1,"6477_Z21__g011846--FGSG_01794..FSPOR_2671","6477_Z21__g011846--FGSG_01794..FSPOR_2671","biosynthetic-additional","N/A",163972,165038,1
"NRRL6477","6477_Z21_len264541.region001","6477_Z21_len264541",1,"6477_Z21__g011847--FGSG_01796..FSPOR_2669","6477_Z21__g011847--FGSG_01796..FSPOR_2669","biosynthetic-additional","N/A",168290,168994,1
"NRRL6477","6477_Z21_len264541.region001","6477_Z21_len264541",1,"6477_Z21__g011848--FGSG_01797..FSPOR_2668","6477_Z21__g011848--FGSG_01797..FSPOR_2668","other","N/A",169529,170973,-1
"NRRL6477","6477_Z21_len264541.region001","6477_Z21_len264541",1,"6477_Z21__g011849--FGSG_01798..FSPOR_2667","6477_Z21__g011849--FGSG_01798..FSPOR_2667","other","N/A",171552,172325,-1
"NRRL6477","6477_Z23_len236378.region001","6477_Z23_len236378",1,"6477_Z23__g011975--FGSG_08386..FSPOR_3518","6477_Z23__g011975--FGSG_08386..FSPOR_3518","other","N/A",34404,35467,-1
"NRRL6477","6477_Z23_len236378.region001","6477_Z23_len236378",1,"6477_Z23__g011976--FGSG_08385..FSPOR_3519","6477_Z23__g011976--FGSG_08385..FSPOR_3519","other","N/A",36135,38258,1
"NRRL6477","6477_Z23_len236378.region001","6477_Z23_len236378",1,"6477_Z23__g011977--FGSG_08384..FSPOR_3520","6477_Z23__g011977--FGSG_08384..FSPOR_3520","other","N/A",38596,40377,-1
"NRRL6477","6477_Z23_len236378.region001","6477_Z23_len236378",1,"6477_Z23__g011978--FGSG_08383..FSPOR_3521","6477_Z23__g011978--FGSG_08383..FSPOR_3521","other","N/A",42527,43482,1
"NRRL6477","6477_Z23_len236378.region001","6477_Z23_len236378",1,"6477_Z23__g011979--FGSG_08382..FSPOR_3522","6477_Z23__g011979--FGSG_08382..FSPOR_3522","other","N/A",43842,44943,-1
"NRRL6477","6477_Z23_len236378.region001","6477_Z23_len236378",1,"6477_Z23__g011981--FGSG_08380..FSPOR_3525","6477_Z23__g011981--FGSG_08380..FSPOR_3525","other","N/A",47932,50833,-1
"NRRL6477","6477_Z23_len236378.region001","6477_Z23_len236378",1,"6477_Z23__g011982--FGSG_08378..FSPOR_3526","6477_Z23__g011982--FGSG_08378..FSPOR_3526","biosynthetic","T3PKS",54299,55777,-1
"NRRL6477","6477_Z23_len236378.region001","6477_Z23_len236378",1,"6477_Z23__g011983--FGSG_08377..FSPOR_3527","6477_Z23__g011983--FGSG_08377..FSPOR_3527","biosynthetic-additional","N/A",57214,58709,1
"NRRL6477","6477_Z23_len236378.region001","6477_Z23_len236378",1,"6477_Z23__g011984--FGSG_08376..FSPOR_3528","6477_Z23__g011984--FGSG_08376..FSPOR_3528","other","N/A",58779,60239,-1
"NRRL6477","6477_Z23_len236378.region001","6477_Z23_len236378",1,"6477_Z23__g011987--FSPOR_3530","6477_Z23__g011987--FSPOR_3530","other","N/A",68043,68456,-1
"NRRL6477","6477_Z23_len236378.region001","6477_Z23_len236378",1,"6477_Z23__g011989--FGSG_08374..FSPOR_3531","6477_Z23__g011989--FGSG_08374..FSPOR_3531","other","N/A",69430,70215,-1
"NRRL6477","6477_Z23_len236378.region001","6477_Z23_len236378",1,"BFR2","6477_Z23__g011980--FGSG_08381..FSPOR_3523","other","N/A",45328,47004,1
"NRRL6477","6477_Z23_len236378.region001","6477_Z23_len236378",1,"MIC33_2","6477_Z23__g011985--FGSG_08375..FSPOR_3529","other","N/A",65382,66414,1
"NRRL6477","6477_Z3_len3101840.region001","6477_Z3_len3101840",1,"6477_Z3__g003308--FGSG_07670..FSPOR_1778","6477_Z3__g003308--FGSG_07670..FSPOR_1778","other","N/A",606414,607248,-1
"NRRL6477","6477_Z3_len3101840.region001","6477_Z3_len3101840",1,"6477_Z3__g003309--FGSG_07671..FSPOR_1777","6477_Z3__g003309--FGSG_07671..FSPOR_1777","biosynthetic-additional","N/A",607773,609152,-1
"NRRL6477","6477_Z3_len3101840.region001","6477_Z3_len3101840",1,"6477_Z3__g003310--FGSG_07672..FSPOR_1776","6477_Z3__g003310--FGSG_07672..FSPOR_1776","other","N/A",613001,614392,-1
"NRRL6477","6477_Z3_len3101840.region001","6477_Z3_len3101840",1,"6477_Z3__g003311--FGSG_07673..FSPOR_1775","6477_Z3__g003311--FGSG_07673..FSPOR_1775","biosynthetic","terpene",615392,616414,1
"NRRL6477","6477_Z3_len3101840.region001","6477_Z3_len3101840",1,"6477_Z3__g003312","6477_Z3__g003312","other","N/A",617565,618355,1
"NRRL6477","6477_Z3_len3101840.region001","6477_Z3_len3101840",1,"6477_Z3__g003313--FGSG_13181..FSPOR_1773","6477_Z3__g003313--FGSG_13181..FSPOR_1773","other","N/A",619698,620291,1
"NRRL6477","6477_Z3_len3101840.region001","6477_Z3_len3101840",1,"6477_Z3__g003314--FGSG_13182..FSPOR_1772","6477_Z3__g003314--FGSG_13182..FSPOR_1772","other","N/A",620522,621100,-1
"NRRL6477","6477_Z3_len3101840.region001","6477_Z3_len3101840",1,"6477_Z3__g003315--FSPOR_1771","6477_Z3__g003315--FSPOR_1771","other","N/A",621713,622225,-1
"NRRL6477","6477_Z3_len3101840.region001","6477_Z3_len3101840",1,"6477_Z3__g003316--FGSG_07676..FSPOR_1770","6477_Z3__g003316--FGSG_07676..FSPOR_1770","other","N/A",622930,623367,1
"NRRL6477","6477_Z3_len3101840.region001","6477_Z3_len3101840",1,"6477_Z3__g003317--FGSG_13184..FSPOR_1769","6477_Z3__g003317--FGSG_13184..FSPOR_1769","other","N/A",623681,624664,-1
"NRRL6477","6477_Z3_len3101840.region002","6477_Z3_len3101840",2,"6477_Z3__g003368--FSPOR_1720","6477_Z3__g003368--FSPOR_1720","other","N/A",747820,748183,1
"NRRL6477","6477_Z3_len3101840.region002","6477_Z3_len3101840",2,"6477_Z3__g003369--FGSG_13202..FSPOR_1719","6477_Z3__g003369--FGSG_13202..FSPOR_1719","biosynthetic-additional","N/A",750578,751552,1
"NRRL6477","6477_Z3_len3101840.region002","6477_Z3_len3101840",2,"6477_Z3__g003370--FGSG_07728..FSPOR_1718","6477_Z3__g003370--FGSG_07728..FSPOR_1718","other","N/A",752117,752825,1
"NRRL6477","6477_Z3_len3101840.region002","6477_Z3_len3101840",2,"6477_Z3__g003371--FGSG_07756..FSPOR_1717","6477_Z3__g003371--FGSG_07756..FSPOR_1717","other","N/A",757058,758674,1
"NRRL6477","6477_Z3_len3101840.region002","6477_Z3_len3101840",2,"6477_Z3__g003372--FGSG_07757..FSPOR_1716","6477_Z3__g003372--FGSG_07757..FSPOR_1716","other","N/A",758848,760176,-1
"NRRL6477","6477_Z3_len3101840.region002","6477_Z3_len3101840",2,"6477_Z3__g003375--FGSG_07758..FSPOR_1713","6477_Z3__g003375--FGSG_07758..FSPOR_1713","biosynthetic-additional","N/A",777048,778166,1
"NRRL6477","6477_Z3_len3101840.region002","6477_Z3_len3101840",2,"6477_Z3__g003376","6477_Z3__g003376","other","N/A",779434,783007,1
"NRRL6477","6477_Z3_len3101840.region002","6477_Z3_len3101840",2,"6477_Z3__g003377","6477_Z3__g003377","other","N/A",783920,784360,1
"NRRL6477","6477_Z3_len3101840.region002","6477_Z3_len3101840",2,"6477_Z3__g003378--FGSG_07760..FSPOR_1711","6477_Z3__g003378--FGSG_07760..FSPOR_1711","other","N/A",786856,787642,-1
"NRRL6477","6477_Z3_len3101840.region002","6477_Z3_len3101840",2,"6477_Z3__g003379--FSPOR_1710","6477_Z3__g003379--FSPOR_1710","other","N/A",788463,789215,1
"NRRL6477","6477_Z3_len3101840.region002","6477_Z3_len3101840",2,"6477_Z3__g003380--FGSG_02302..FSPOR_1709","6477_Z3__g003380--FGSG_02302..FSPOR_1709","other","N/A",789718,790866,-1
"NRRL6477","6477_Z3_len3101840.region002","6477_Z3_len3101840",2,"6477_Z3__g003381--FSPOR_1708","6477_Z3__g003381--FSPOR_1708","biosynthetic-additional","N/A",792472,794781,1
"NRRL6477","6477_Z3_len3101840.region002","6477_Z3_len3101840",2,"BEA1","6477_Z3__g003374--FSPOR_1714","biosynthetic","NRPS",767083,776478,1
"NRRL6477","6477_Z3_len3101840.region002","6477_Z3_len3101840",2,"PAN5","6477_Z3__g003373--FSPOR_1715","other","N/A",764072,765421,-1
"NRRL6477","6477_Z3_len3101840.region003","6477_Z3_len3101840",3,"6477_Z3__g003416--FGSG_10445..FSPOR_1675","6477_Z3__g003416--FGSG_10445..FSPOR_1675","biosynthetic-additional","N/A",874178,876571,1
"NRRL6477","6477_Z3_len3101840.region003","6477_Z3_len3101840",3,"6477_Z3__g003417","6477_Z3__g003417","other","N/A",877720,878276,-1
"NRRL6477","6477_Z3_len3101840.region003","6477_Z3_len3101840",3,"6477_Z3__g003418","6477_Z3__g003418","biosynthetic-additional","N/A",879009,880694,1
"NRRL6477","6477_Z3_len3101840.region003","6477_Z3_len3101840",3,"6477_Z3__g003419--FGSG_07792..FSPOR_1674","6477_Z3__g003419--FGSG_07792..FSPOR_1674","other","N/A",881113,882230,-1
"NRRL6477","6477_Z3_len3101840.region003","6477_Z3_len3101840",3,"6477_Z3__g003420--FGSG_07793..FSPOR_1673","6477_Z3__g003420--FGSG_07793..FSPOR_1673","biosynthetic-additional","N/A",884111,885166,1
"NRRL6477","6477_Z3_len3101840.region003","6477_Z3_len3101840",3,"6477_Z3__g003421--FGSG_07794..FSPOR_1672","6477_Z3__g003421--FGSG_07794..FSPOR_1672","other","N/A",887338,888506,1
"NRRL6477","6477_Z3_len3101840.region003","6477_Z3_len3101840",3,"6477_Z3__g003422--FGSG_07797..FSPOR_1670","6477_Z3__g003422--FGSG_07797..FSPOR_1670","biosynthetic-additional","N/A",890241,891545,-1
"NRRL6477","6477_Z3_len3101840.region003","6477_Z3_len3101840",3,"6477_Z3__g003432--FGSG_13224..FSPOR_1659","6477_Z3__g003432--FGSG_13224..FSPOR_1659","other","N/A",921598,923835,1
"NRRL6477","6477_Z3_len3101840.region003","6477_Z3_len3101840",3,"FUS1","6477_Z3__g003423--FGSG_07798..FSPOR_1668","biosynthetic","NRPS;T1PKS",893644,905489,-1
"NRRL6477","6477_Z3_len3101840.region003","6477_Z3_len3101840",3,"FUS2","6477_Z3__g003424--FGSG_13222..FSPOR_1667","biosynthetic-additional","N/A",906085,907344,1
"NRRL6477","6477_Z3_len3101840.region003","6477_Z3_len3101840",3,"FUS3","6477_Z3__g003425--FGSG_13223..FSPOR_1666","biosynthetic-additional","N/A",908189,908910,1
"NRRL6477","6477_Z3_len3101840.region003","6477_Z3_len3101840",3,"FUS4","6477_Z3__g003426--FGSG_07800..FSPOR_1665","other","N/A",909112,910425,-1
"NRRL6477","6477_Z3_len3101840.region003","6477_Z3_len3101840",3,"FUS5","6477_Z3__g003427--FGSG_07801..FSPOR_1664","other","N/A",911260,911961,1
"NRRL6477","6477_Z3_len3101840.region003","6477_Z3_len3101840",3,"FUS6","6477_Z3__g003428--FGSG_07802..FSPOR_1663","transport","N/A",913575,915254,1
"NRRL6477","6477_Z3_len3101840.region003","6477_Z3_len3101840",3,"FUS7","6477_Z3__g003429--FGSG_07803..FSPOR_1662","biosynthetic-additional","N/A",915591,917432,1
"NRRL6477","6477_Z3_len3101840.region003","6477_Z3_len3101840",3,"FUS8","6477_Z3__g003430--FGSG_07804..FSPOR_1661","biosynthetic-additional","N/A",918109,919767,1
"NRRL6477","6477_Z3_len3101840.region003","6477_Z3_len3101840",3,"FUS9","6477_Z3__g003431--FGSG_07805..FSPOR_1660","other","N/A",920168,921283,1
"NRRL6477","6477_Z3_len3101840.region004","6477_Z3_len3101840",4,"6477_Z3__g004023--FGSG_07072..FSPOR_9618","6477_Z3__g004023--FGSG_07072..FSPOR_9618","other","N/A",2777088,2777658,1
"NRRL6477","6477_Z3_len3101840.region004","6477_Z3_len3101840",4,"6477_Z3__g004024--FGSG_07071..FSPOR_9617","6477_Z3__g004024--FGSG_07071..FSPOR_9617","other","N/A",2780077,2781453,1
"NRRL6477","6477_Z3_len3101840.region004","6477_Z3_len3101840",4,"6477_Z3__g004025--FGSG_07070..FSPOR_9616","6477_Z3__g004025--FGSG_07070..FSPOR_9616","other","N/A",2782227,2783463,-1
"NRRL6477","6477_Z3_len3101840.region004","6477_Z3_len3101840",4,"6477_Z3__g004026--FGSG_07069..FSPOR_9615","6477_Z3__g004026--FGSG_07069..FSPOR_9615","other","N/A",2784269,2785223,1
"NRRL6477","6477_Z3_len3101840.region004","6477_Z3_len3101840",4,"6477_Z3__g004027--FGSG_07068..FSPOR_9614","6477_Z3__g004027--FGSG_07068..FSPOR_9614","other","N/A",2786675,2789310,-1
"NRRL6477","6477_Z3_len3101840.region004","6477_Z3_len3101840",4,"6477_Z3__g004029--FGSG_07066..FSPOR_9612","6477_Z3__g004029--FGSG_07066..FSPOR_9612","biosynthetic","fungal-RiPP-like",2805235,2806175,1
"NRRL6477","6477_Z3_len3101840.region004","6477_Z3_len3101840",4,"6477_Z3__g004030--FGSG_07065..FSPOR_9611","6477_Z3__g004030--FGSG_07065..FSPOR_9611","other","N/A",2807215,2808501,1
"NRRL6477","6477_Z3_len3101840.region004","6477_Z3_len3101840",4,"6477_Z3__g004031--FGSG_07064..FSPOR_9610","6477_Z3__g004031--FGSG_07064..FSPOR_9610","other","N/A",2809306,2813068,-1
"NRRL6477","6477_Z3_len3101840.region004","6477_Z3_len3101840",4,"6477_Z3__g004032","6477_Z3__g004032","other","N/A",2818371,2818879,1
"NRRL6477","6477_Z3_len3101840.region004","6477_Z3_len3101840",4,"6477_Z3__g004033--FGSG_07063..FSPOR_9609","6477_Z3__g004033--FGSG_07063..FSPOR_9609","other","N/A",2818939,2819862,-1
"NRRL6477","6477_Z3_len3101840.region004","6477_Z3_len3101840",4,"6477_Z3__g004035--FGSG_07061..FSPOR_9607","6477_Z3__g004035--FGSG_07061..FSPOR_9607","other","N/A",2824355,2825689,1
"NRRL6477","6477_Z3_len3101840.region004","6477_Z3_len3101840",4,"6477_Z3__g004039--FGSG_07057..FSPOR_9603","6477_Z3__g004039--FGSG_07057..FSPOR_9603","other","N/A",2830293,2831139,-1
"NRRL6477","6477_Z3_len3101840.region004","6477_Z3_len3101840",4,"6477_Z3__g004040--FGSG_07056..FSPOR_9602","6477_Z3__g004040--FGSG_07056..FSPOR_9602","other","N/A",2832547,2833800,1
"NRRL6477","6477_Z3_len3101840.region004","6477_Z3_len3101840",4,"BNA1","6477_Z3__g004038--FGSG_07058..FSPOR_9604","other","N/A",2829533,2830221,1
"NRRL6477","6477_Z3_len3101840.region004","6477_Z3_len3101840",4,"CTR2","6477_Z3__g004037--FGSG_07059..FSPOR_9605","other","N/A",2828203,2828854,-1
"NRRL6477","6477_Z3_len3101840.region004","6477_Z3_len3101840",4,"ERD1","6477_Z3__g004034--FGSG_07062..FSPOR_9608","other","N/A",2822109,2822981,1
"NRRL6477","6477_Z3_len3101840.region004","6477_Z3_len3101840",4,"PCD1","6477_Z3__g004036--FGSG_07060..FSPOR_9606","other","N/A",2826313,2827620,1
"NRRL6477","6477_Z3_len3101840.region004","6477_Z3_len3101840",4,"UME6","6477_Z3__g004028--FGSG_07067..FSPOR_9613","other","N/A",2800232,2802359,1
"NRRL6477","6477_Z4_len2618018.region001","6477_Z4_len2618018",1,"6477_Z4__g004134--FGSG_05366..FSPOR_361","6477_Z4__g004134--FGSG_05366..FSPOR_361","other","N/A",47355,48408,-1
"NRRL6477","6477_Z4_len2618018.region001","6477_Z4_len2618018",1,"6477_Z4__g004135--FGSG_05367..FSPOR_360","6477_Z4__g004135--FGSG_05367..FSPOR_360","other","N/A",49364,51076,1
"NRRL6477","6477_Z4_len2618018.region001","6477_Z4_len2618018",1,"6477_Z4__g004136--FGSG_05368..FSPOR_359","6477_Z4__g004136--FGSG_05368..FSPOR_359","transport","N/A",51182,52972,-1
"NRRL6477","6477_Z4_len2618018.region001","6477_Z4_len2618018",1,"6477_Z4__g004137--FGSG_05369..FSPOR_358","6477_Z4__g004137--FGSG_05369..FSPOR_358","other","N/A",55198,55902,-1
"NRRL6477","6477_Z4_len2618018.region001","6477_Z4_len2618018",1,"6477_Z4__g004138--FGSG_05370..FSPOR_357","6477_Z4__g004138--FGSG_05370..FSPOR_357","other","N/A",56436,59289,-1
"NRRL6477","6477_Z4_len2618018.region001","6477_Z4_len2618018",1,"6477_Z4__g004141--FGSG_05373..FSPOR_354","6477_Z4__g004141--FGSG_05373..FSPOR_354","other","N/A",85440,87953,-1
"NRRL6477","6477_Z4_len2618018.region001","6477_Z4_len2618018",1,"6477_Z4__g004142--FGSG_05374..FSPOR_353","6477_Z4__g004142--FGSG_05374..FSPOR_353","other","N/A",89388,91019,-1
"NRRL6477","6477_Z4_len2618018.region001","6477_Z4_len2618018",1,"6477_Z4__g004143--FGSG_05375..FSPOR_352","6477_Z4__g004143--FGSG_05375..FSPOR_352","biosynthetic-additional","N/A",93909,95438,1
"NRRL6477","6477_Z4_len2618018.region001","6477_Z4_len2618018",1,"BYE1","6477_Z4__g004132--FGSG_05364..FSPOR_363","other","N/A",42240,44911,-1
"NRRL6477","6477_Z4_len2618018.region001","6477_Z4_len2618018",1,"NPS2","6477_Z4__g004140--FGSG_05372..FSPOR_355","biosynthetic","NRP-metallophore;NRPS",70489,85123,1
"NRRL6477","6477_Z4_len2618018.region001","6477_Z4_len2618018",1,"PRE9","6477_Z4__g004133--FGSG_05365..FSPOR_362","other","N/A",46157,47106,1
"NRRL6477","6477_Z4_len2618018.region001","6477_Z4_len2618018",1,"rpl29","6477_Z4__g004146","other","N/A",103096,103472,-1
"NRRL6477","6477_Z4_len2618018.region001","6477_Z4_len2618018",1,"SID1","6477_Z4__g004139--FGSG_05371..FSPOR_356","biosynthetic","NRP-metallophore",61081,62806,-1
"NRRL6477","6477_Z4_len2618018.region001","6477_Z4_len2618018",1,"TFC4","6477_Z4__g004144--FGSG_05376..FSPOR_351","other","N/A",95887,99004,-1
"NRRL6477","6477_Z4_len2618018.region001","6477_Z4_len2618018",1,"VTS1","6477_Z4__g004145--FGSG_05377..FSPOR_350","other","N/A",99768,101724,-1
"NRRL6477","6477_Z4_len2618018.region002","6477_Z4_len2618018",2,"6477_Z4__g004569--FGSG_12813..FSPOR_5052","6477_Z4__g004569--FGSG_12813..FSPOR_5052","other","N/A",1425063,1427539,-1
"NRRL6477","6477_Z4_len2618018.region002","6477_Z4_len2618018",2,"6477_Z4__g004570--FGSG_12814..FSPOR_5051","6477_Z4__g004570--FGSG_12814..FSPOR_5051","other","N/A",1428081,1429427,-1
"NRRL6477","6477_Z4_len2618018.region002","6477_Z4_len2618018",2,"6477_Z4__g004571--FGSG_05790..FSPOR_5048","6477_Z4__g004571--FGSG_05790..FSPOR_5048","other","N/A",1434912,1435640,1
"NRRL6477","6477_Z4_len2618018.region002","6477_Z4_len2618018",2,"6477_Z4__g004572--FGSG_05791..FSPOR_5047","6477_Z4__g004572--FGSG_05791..FSPOR_5047","other","N/A",1436406,1437910,1
"NRRL6477","6477_Z4_len2618018.region002","6477_Z4_len2618018",2,"6477_Z4__g004573--FGSG_05792..FSPOR_5046","6477_Z4__g004573--FGSG_05792..FSPOR_5046","biosynthetic-additional","N/A",1438099,1439444,-1
"NRRL6477","6477_Z4_len2618018.region002","6477_Z4_len2618018",2,"6477_Z4__g004574--FGSG_05793..FSPOR_5045","6477_Z4__g004574--FGSG_05793..FSPOR_5045","other","N/A",1440888,1442143,1
"NRRL6477","6477_Z4_len2618018.region002","6477_Z4_len2618018",2,"6477_Z4__g004575--FGSG_05794..FSPOR_5044","6477_Z4__g004575--FGSG_05794..FSPOR_5044","biosynthetic","T1PKS",1442370,1452413,-1
"NRRL6477","6477_Z4_len2618018.region002","6477_Z4_len2618018",2,"6477_Z4__g004576--FGSG_05795..FSPOR_5043","6477_Z4__g004576--FGSG_05795..FSPOR_5043","other","N/A",1453051,1454610,-1
"NRRL6477","6477_Z4_len2618018.region002","6477_Z4_len2618018",2,"6477_Z4__g004577--FGSG_05796..FSPOR_5042","6477_Z4__g004577--FGSG_05796..FSPOR_5042","other","N/A",1455031,1456188,-1
"NRRL6477","6477_Z4_len2618018.region002","6477_Z4_len2618018",2,"6477_Z4__g004578--FGSG_05797..FSPOR_5041","6477_Z4__g004578--FGSG_05797..FSPOR_5041","other","N/A",1458568,1460418,1
"NRRL6477","6477_Z4_len2618018.region002","6477_Z4_len2618018",2,"6477_Z4__g004579--FGSG_05798..FSPOR_5040","6477_Z4__g004579--FGSG_05798..FSPOR_5040","other","N/A",1460824,1462437,-1
"NRRL6477","6477_Z4_len2618018.region002","6477_Z4_len2618018",2,"6477_Z4__g004580","6477_Z4__g004580","other","N/A",1463281,1463592,-1
"NRRL6477","6477_Z4_len2618018.region002","6477_Z4_len2618018",2,"6477_Z4__g004581--FGSG_05799..FSPOR_5039","6477_Z4__g004581--FGSG_05799..FSPOR_5039","biosynthetic-additional","N/A",1464507,1465326,-1
"NRRL6477","6477_Z4_len2618018.region002","6477_Z4_len2618018",2,"6477_Z4__g004582--FGSG_05800..FSPOR_5038","6477_Z4__g004582--FGSG_05800..FSPOR_5038","other","N/A",1465769,1468168,-1
"NRRL6477","6477_Z4_len2618018.region002","6477_Z4_len2618018",2,"6477_Z4__g004583--FGSG_05801..FSPOR_5037","6477_Z4__g004583--FGSG_05801..FSPOR_5037","transport","N/A",1468832,1470476,1
"NRRL6477","6477_Z4_len2618018.region003","6477_Z4_len2618018",3,"6477_Z4__g004818--FGSG_06038..FSPOR_9249","6477_Z4__g004818--FGSG_06038..FSPOR_9249","other","N/A",2142260,2142646,-1
"NRRL6477","6477_Z4_len2618018.region003","6477_Z4_len2618018",3,"6477_Z4__g004825--FGSG_06042..FSPOR_9243","6477_Z4__g004825--FGSG_06042..FSPOR_9243","other","N/A",2160369,2160983,1
"NRRL6477","6477_Z4_len2618018.region003","6477_Z4_len2618018",3,"6477_Z4__g004826--FGSG_06043..FSPOR_9242","6477_Z4__g004826--FGSG_06043..FSPOR_9242","other","N/A",2161156,2162074,-1
"NRRL6477","6477_Z4_len2618018.region003","6477_Z4_len2618018",3,"6477_Z4__g004831--FGSG_06046..FSPOR_9239","6477_Z4__g004831--FGSG_06046..FSPOR_9239","other","N/A",2170220,2172265,1
"NRRL6477","6477_Z4_len2618018.region003","6477_Z4_len2618018",3,"6477_Z4__g004833--FGSG_06048..FSPOR_2306","6477_Z4__g004833--FGSG_06048..FSPOR_2306","other","N/A",2177930,2178553,1
"NRRL6477","6477_Z4_len2618018.region003","6477_Z4_len2618018",3,"acl1","6477_Z4__g004820--FGSG_12857..FSPOR_9247","other","N/A",2149378,2151403,1
"NRRL6477","6477_Z4_len2618018.region003","6477_Z4_len2618018",3,"acl2_2","6477_Z4__g004819--FGSG_06039..FSPOR_9248","other","N/A",2144047,2145884,-1
"NRRL6477","6477_Z4_len2618018.region003","6477_Z4_len2618018",3,"EAF3_1","6477_Z4__g004822--FGSG_14036..FSPOR_9245","other","N/A",2153030,2154152,-1
"NRRL6477","6477_Z4_len2618018.region003","6477_Z4_len2618018",3,"EAF3_2","6477_Z4__g004823","other","N/A",2154618,2155141,-1
"NRRL6477","6477_Z4_len2618018.region003","6477_Z4_len2618018",3,"GAS4","6477_Z4__g004817--FGSG_06037..FSPOR_9250","other","N/A",2140248,2141874,1
"NRRL6477","6477_Z4_len2618018.region003","6477_Z4_len2618018",3,"LYS2","6477_Z4__g004824--FGSG_06041..FSPOR_9244","biosynthetic","NRPS-like",2156055,2159875,1
"NRRL6477","6477_Z4_len2618018.region003","6477_Z4_len2618018",3,"MRPL33","6477_Z4__g004821--FGSG_12858..FSPOR_9246","other","N/A",2152302,2152565,1
"NRRL6477","6477_Z4_len2618018.region003","6477_Z4_len2618018",3,"RPN3","6477_Z4__g004828--FGSG_06045..FSPOR_9240","other","N/A",2166349,2168203,1
"NRRL6477","6477_Z4_len2618018.region003","6477_Z4_len2618018",3,"SAS2","6477_Z4__g004832--FGSG_06047..FSPOR_9238","other","N/A",2172982,2175011,1
"NRRL6477","6477_Z4_len2618018.region003","6477_Z4_len2618018",3,"TAF12","6477_Z4__g004827--FGSG_06044..FSPOR_9241","other","N/A",2163158,2165297,1
"NRRL6477","6477_Z5_len2599593.region001","6477_Z5_len2599593",1,"6477_Z5__g005202--FGSG_09169..FSPOR_162","6477_Z5__g005202--FGSG_09169..FSPOR_162","biosynthetic-additional","N/A",624155,625296,-1
"NRRL6477","6477_Z5_len2599593.region001","6477_Z5_len2599593",1,"6477_Z5__g005203--FSPOR_161","6477_Z5__g005203--FSPOR_161","transport","N/A",625887,628549,-1
"NRRL6477","6477_Z5_len2599593.region001","6477_Z5_len2599593",1,"6477_Z5__g005204--FGSG_09177..FSPOR_159","6477_Z5__g005204--FGSG_09177..FSPOR_159","other","N/A",633125,634152,1
"NRRL6477","6477_Z5_len2599593.region001","6477_Z5_len2599593",1,"6477_Z5__g005205--FGSG_09178..FSPOR_158","6477_Z5__g005205--FGSG_09178..FSPOR_158","other","N/A",634952,637467,1
"NRRL6477","6477_Z5_len2599593.region001","6477_Z5_len2599593",1,"6477_Z5__g005206--FGSG_09179..FSPOR_157","6477_Z5__g005206--FGSG_09179..FSPOR_157","other","N/A",638267,638827,1
"NRRL6477","6477_Z5_len2599593.region001","6477_Z5_len2599593",1,"6477_Z5__g005207--FGSG_09180..FSPOR_156","6477_Z5__g005207--FGSG_09180..FSPOR_156","other","N/A",639453,641374,1
"NRRL6477","6477_Z5_len2599593.region001","6477_Z5_len2599593",1,"6477_Z5__g005208--FGSG_09181..FSPOR_155","6477_Z5__g005208--FGSG_09181..FSPOR_155","other","N/A",641938,643614,1
"NRRL6477","6477_Z5_len2599593.region001","6477_Z5_len2599593",1,"6477_Z5__g005212--FGSG_09185..FSPOR_150","6477_Z5__g005212--FGSG_09185..FSPOR_150","biosynthetic-additional","N/A",657903,659658,-1
"NRRL6477","6477_Z5_len2599593.region001","6477_Z5_len2599593",1,"6477_Z5__g005213--FGSG_09186..FSPOR_149","6477_Z5__g005213--FGSG_09186..FSPOR_149","biosynthetic-additional","N/A",660047,661174,-1
"NRRL6477","6477_Z5_len2599593.region001","6477_Z5_len2599593",1,"6477_Z5__g005215--FGSG_09188..FSPOR_147","6477_Z5__g005215--FGSG_09188..FSPOR_147","other","N/A",663779,664897,-1
"NRRL6477","6477_Z5_len2599593.region001","6477_Z5_len2599593",1,"6477_Z5__g005216--FGSG_09189..FSPOR_146","6477_Z5__g005216--FGSG_09189..FSPOR_146","other","N/A",666085,667297,1
"NRRL6477","6477_Z5_len2599593.region001","6477_Z5_len2599593",1,"6477_Z5__g005217","6477_Z5__g005217","other","N/A",667786,668775,1
"NRRL6477","6477_Z5_len2599593.region001","6477_Z5_len2599593",1,"6477_Z5__g005218","6477_Z5__g005218","other","N/A",669288,670001,1
"NRRL6477","6477_Z5_len2599593.region001","6477_Z5_len2599593",1,"FSR1","6477_Z5__g005209--FGSG_09182..FSPOR_154","biosynthetic","T1PKS",643983,651122,-1
"NRRL6477","6477_Z5_len2599593.region001","6477_Z5_len2599593",1,"FSR2","6477_Z5__g005210--FGSG_09183..FSPOR_153","biosynthetic-additional","N/A",651779,653006,1
"NRRL6477","6477_Z5_len2599593.region001","6477_Z5_len2599593",1,"FSR3","6477_Z5__g005211--FGSG_09184..FSPOR_152","other","N/A",653426,655118,-1
"NRRL6477","6477_Z5_len2599593.region001","6477_Z5_len2599593",1,"FSR5","6477_Z5__g005214--FGSG_09187..FSPOR_148","biosynthetic-additional","N/A",661931,662731,-1
"NRRL6477","6477_Z5_len2599593.region002","6477_Z5_len2599593",2,"6477_Z5__g005414--FGSG_09379..FSPOR_6274","6477_Z5__g005414--FGSG_09379..FSPOR_6274","other","N/A",1254636,1256822,1
"NRRL6477","6477_Z5_len2599593.region002","6477_Z5_len2599593",2,"6477_Z5__g005415--FGSG_09380..FSPOR_6273","6477_Z5__g005415--FGSG_09380..FSPOR_6273","other","N/A",1257881,1259620,-1
"NRRL6477","6477_Z5_len2599593.region002","6477_Z5_len2599593",2,"6477_Z5__g005417--FGSG_09382..FSPOR_6271","6477_Z5__g005417--FGSG_09382..FSPOR_6271","biosynthetic-additional","N/A",1264391,1265891,-1
"NRRL6477","6477_Z5_len2599593.region002","6477_Z5_len2599593",2,"6477_Z5__g005418--FGSG_09383..FSPOR_6270","6477_Z5__g005418--FGSG_09383..FSPOR_6270","biosynthetic-additional","N/A",1270590,1271329,1
"NRRL6477","6477_Z5_len2599593.region002","6477_Z5_len2599593",2,"ERG6_2","6477_Z5__g005416--FGSG_09381..FSPOR_6272","biosynthetic","terpene",1261737,1263282,1
"NRRL6477","6477_Z6_len2456035.region001","6477_Z6_len2456035",1,"6477_Z6__g006279--FGSG_02333..FSPOR_6903","6477_Z6__g006279--FGSG_02333..FSPOR_6903","other","N/A",1492831,1494060,1
"NRRL6477","6477_Z6_len2456035.region001","6477_Z6_len2456035",1,"6477_Z6__g006280--FGSG_02332..FSPOR_6902","6477_Z6__g006280--FGSG_02332..FSPOR_6902","other","N/A",1495029,1496042,-1
"NRRL6477","6477_Z6_len2456035.region001","6477_Z6_len2456035",1,"6477_Z6__g006282--FGSG_02329..FSPOR_6899","6477_Z6__g006282--FGSG_02329..FSPOR_6899","other","N/A",1502049,1503330,-1
"NRRL6477","6477_Z6_len2456035.region001","6477_Z6_len2456035",1,"6477_Z6__g006284--FGSG_02327..FSPOR_6897","6477_Z6__g006284--FGSG_02327..FSPOR_6897","biosynthetic-additional","N/A",1506279,1508080,-1
"NRRL6477","6477_Z6_len2456035.region001","6477_Z6_len2456035",1,"6477_Z6__g006285--FGSG_02326..FSPOR_6896","6477_Z6__g006285--FGSG_02326..FSPOR_6896","biosynthetic-additional","N/A",1508550,1509981,1
"NRRL6477","6477_Z6_len2456035.region001","6477_Z6_len2456035",1,"6477_Z6__g006286--FGSG_02325..FSPOR_6895","6477_Z6__g006286--FGSG_02325..FSPOR_6895","other","N/A",1510303,1510816,-1
"NRRL6477","6477_Z6_len2456035.region001","6477_Z6_len2456035",1,"6477_Z6__g006289--FGSG_02322..FSPOR_6892","6477_Z6__g006289--FGSG_02322..FSPOR_6892","transport","N/A",1521022,1522721,1
"NRRL6477","6477_Z6_len2456035.region001","6477_Z6_len2456035",1,"6477_Z6__g006290--FGSG_02321..FSPOR_6891","6477_Z6__g006290--FGSG_02321..FSPOR_6891","biosynthetic-additional","N/A",1523233,1524732,-1
"NRRL6477","6477_Z6_len2456035.region001","6477_Z6_len2456035",1,"6477_Z6__g006292--FGSG_02317..FSPOR_6889","6477_Z6__g006292--FGSG_02317..FSPOR_6889","other","N/A",1528185,1529261,-1
"NRRL6477","6477_Z6_len2456035.region001","6477_Z6_len2456035",1,"6477_Z6__g006293--FGSG_02316..FSPOR_6888","6477_Z6__g006293--FGSG_02316..FSPOR_6888","transport","N/A",1530337,1535287,-1
"NRRL6477","6477_Z6_len2456035.region001","6477_Z6_len2456035",1,"6477_Z6__g006294--FGSG_02315..FSPOR_6887","6477_Z6__g006294--FGSG_02315..FSPOR_6887","biosynthetic","NRPS",1538287,1561023,1
"NRRL6477","6477_Z6_len2456035.region001","6477_Z6_len2456035",1,"6477_Z6__g006295--FGSG_02314..FSPOR_6886","6477_Z6__g006295--FGSG_02314..FSPOR_6886","other","N/A",1561517,1563997,-1
"NRRL6477","6477_Z6_len2456035.region001","6477_Z6_len2456035",1,"6477_Z6__g006296--FSPOR_6885","6477_Z6__g006296--FSPOR_6885","other","N/A",1565820,1567731,-1
"NRRL6477","6477_Z6_len2456035.region001","6477_Z6_len2456035",1,"6477_Z6__g006297--FGSG_02313..FSPOR_6884","6477_Z6__g006297--FGSG_02313..FSPOR_6884","other","N/A",1569799,1570287,1
"NRRL6477","6477_Z6_len2456035.region001","6477_Z6_len2456035",1,"6477_Z6__g006298--FGSG_02312..FSPOR_6883","6477_Z6__g006298--FGSG_02312..FSPOR_6883","transport","N/A",1570377,1572092,-1
"NRRL6477","6477_Z6_len2456035.region001","6477_Z6_len2456035",1,"6477_Z6__g006299--FGSG_02311..FSPOR_6882","6477_Z6__g006299--FGSG_02311..FSPOR_6882","other","N/A",1573305,1575266,1
"NRRL6477","6477_Z6_len2456035.region001","6477_Z6_len2456035",1,"6477_Z6__g006300--FGSG_02309..FSPOR_6881","6477_Z6__g006300--FGSG_02309..FSPOR_6881","other","N/A",1575752,1576319,-1
"NRRL6477","6477_Z6_len2456035.region001","6477_Z6_len2456035",1,"6477_Z6__g006301--FGSG_02308..FSPOR_6880","6477_Z6__g006301--FGSG_02308..FSPOR_6880","other","N/A",1577402,1578913,1
"NRRL6477","6477_Z6_len2456035.region001","6477_Z6_len2456035",1,"AURL2","6477_Z6__g006281--FGSG_02330..FSPOR_6900","other","N/A",1499871,1501778,1
"NRRL6477","6477_Z6_len2456035.region001","6477_Z6_len2456035",1,"AURR1","6477_Z6__g006291--FGSG_02320..FSPOR_6890","other","N/A",1526142,1527353,1
"NRRL6477","6477_Z6_len2456035.region001","6477_Z6_len2456035",1,"AURR2","6477_Z6__g006288--FGSG_02323..FSPOR_6893","other","N/A",1518170,1520382,-1
"NRRL6477","6477_Z6_len2456035.region001","6477_Z6_len2456035",1,"GIP1","6477_Z6__g006283--FGSG_02328..FSPOR_6898","other","N/A",1503671,1505890,1
"NRRL6477","6477_Z6_len2456035.region001","6477_Z6_len2456035",1,"PKS12","6477_Z6__g006287--FGSG_02324..FSPOR_6894","biosynthetic","T1PKS",1512605,1517834,1
"NRRL6477","6477_Z6_len2456035.region002","6477_Z6_len2456035",2,"6477_Z6__g006338--FGSG_02259..FSPOR_6832","6477_Z6__g006338--FGSG_02259..FSPOR_6832","other","N/A",1684676,1685638,-1
"NRRL6477","6477_Z6_len2456035.region002","6477_Z6_len2456035",2,"6477_Z6__g006339--FGSG_02258..FSPOR_6831","6477_Z6__g006339--FGSG_02258..FSPOR_6831","biosynthetic-additional","N/A",1686408,1687584,1
"NRRL6477","6477_Z6_len2456035.region002","6477_Z6_len2456035",2,"6477_Z6__g006340--FGSG_12106..FSPOR_6830","6477_Z6__g006340--FGSG_12106..FSPOR_6830","other","N/A",1688586,1690306,1
"NRRL6477","6477_Z6_len2456035.region002","6477_Z6_len2456035",2,"6477_Z6__g006341--FGSG_12105..FSPOR_6829","6477_Z6__g006341--FGSG_12105..FSPOR_6829","other","N/A",1690814,1691641,1
"NRRL6477","6477_Z6_len2456035.region002","6477_Z6_len2456035",2,"6477_Z6__g006342--FGSG_02255..FSPOR_6828","6477_Z6__g006342--FGSG_02255..FSPOR_6828","other","N/A",1692786,1693509,1
"NRRL6477","6477_Z6_len2456035.region002","6477_Z6_len2456035",2,"6477_Z6__g006344--FGSG_07754..FSPOR_6826","6477_Z6__g006344--FGSG_07754..FSPOR_6826","other","N/A",1695644,1696582,1
"NRRL6477","6477_Z6_len2456035.region002","6477_Z6_len2456035",2,"6477_Z6__g006345--FGSG_02252..FSPOR_6825","6477_Z6__g006345--FGSG_02252..FSPOR_6825","transport","N/A",1697163,1698923,-1
"NRRL6477","6477_Z6_len2456035.region002","6477_Z6_len2456035",2,"6477_Z6__g006346--FGSG_07755..FSPOR_6824","6477_Z6__g006346--FGSG_07755..FSPOR_6824","other","N/A",1699738,1700235,-1
"NRRL6477","6477_Z6_len2456035.region002","6477_Z6_len2456035",2,"6477_Z6__g006347--FGSG_02251..FSPOR_6823","6477_Z6__g006347--FGSG_02251..FSPOR_6823","biosynthetic","NRPS-like",1701405,1704746,-1
"NRRL6477","6477_Z6_len2456035.region002","6477_Z6_len2456035",2,"6477_Z6__g006348","6477_Z6__g006348","other","N/A",1705291,1706818,-1
"NRRL6477","6477_Z6_len2456035.region002","6477_Z6_len2456035",2,"6477_Z6__g006349--FGSG_02249..FSPOR_6822","6477_Z6__g006349--FGSG_02249..FSPOR_6822","other","N/A",1707681,1708391,1
"NRRL6477","6477_Z6_len2456035.region002","6477_Z6_len2456035",2,"6477_Z6__g006350--FGSG_02248..FSPOR_6821","6477_Z6__g006350--FGSG_02248..FSPOR_6821","other","N/A",1709557,1711563,1
"NRRL6477","6477_Z6_len2456035.region002","6477_Z6_len2456035",2,"6477_Z6__g006351--FGSG_02247..FSPOR_6820","6477_Z6__g006351--FGSG_02247..FSPOR_6820","biosynthetic-additional","N/A",1711928,1712977,-1
"NRRL6477","6477_Z6_len2456035.region002","6477_Z6_len2456035",2,"6477_Z6__g006352--FGSG_02245..FSPOR_6819","6477_Z6__g006352--FGSG_02245..FSPOR_6819","other","N/A",1714302,1715273,-1
"NRRL6477","6477_Z6_len2456035.region002","6477_Z6_len2456035",2,"6477_Z6__g006353--FGSG_02244..FSPOR_6818","6477_Z6__g006353--FGSG_02244..FSPOR_6818","other","N/A",1716416,1719161,-1
"NRRL6477","6477_Z7_len2073932.region001","6477_Z7_len2073932",1,"6477_Z7__g007298--FGSG_05333..FSPOR_3567","6477_Z7__g007298--FGSG_05333..FSPOR_3567","other","N/A",1997271,1998003,1
"NRRL6477","6477_Z7_len2073932.region001","6477_Z7_len2073932",1,"6477_Z7__g007299--FGSG_05334..FSPOR_3568","6477_Z7__g007299--FGSG_05334..FSPOR_3568","biosynthetic-additional","N/A",1998598,2000381,1
"NRRL6477","6477_Z7_len2073932.region001","6477_Z7_len2073932",1,"6477_Z7__g007300--FGSG_05335..FSPOR_3569","6477_Z7__g007300--FGSG_05335..FSPOR_3569","other","N/A",2000402,2001623,-1
"NRRL6477","6477_Z7_len2073932.region001","6477_Z7_len2073932",1,"6477_Z7__g007302--FGSG_05337..FSPOR_3571","6477_Z7__g007302--FGSG_05337..FSPOR_3571","other","N/A",2005492,2011748,-1
"NRRL6477","6477_Z7_len2073932.region001","6477_Z7_len2073932",1,"6477_Z7__g007303--FGSG_01680..FSPOR_3572","6477_Z7__g007303--FGSG_01680..FSPOR_3572","biosynthetic","NRPS-like",2013126,2018178,-1
"NRRL6477","6477_Z7_len2073932.region001","6477_Z7_len2073932",1,"6477_Z7__g007304--FGSG_01681..FSPOR_3573","6477_Z7__g007304--FGSG_01681..FSPOR_3573","other","N/A",2018924,2020961,1
"NRRL6477","6477_Z7_len2073932.region001","6477_Z7_len2073932",1,"6477_Z7__g007305--FGSG_11984..FSPOR_3574","6477_Z7__g007305--FGSG_11984..FSPOR_3574","other","N/A",2021051,2023829,-1
"NRRL6477","6477_Z7_len2073932.region001","6477_Z7_len2073932",1,"6477_Z7__g007306--FGSG_11986..FSPOR_3576","6477_Z7__g007306--FGSG_11986..FSPOR_3576","biosynthetic-additional","N/A",2024637,2026256,-1
"NRRL6477","6477_Z7_len2073932.region001","6477_Z7_len2073932",1,"6477_Z7__g007307--FGSG_11987..FSPOR_3577","6477_Z7__g007307--FGSG_11987..FSPOR_3577","other","N/A",2027503,2029291,-1
"NRRL6477","6477_Z7_len2073932.region001","6477_Z7_len2073932",1,"6477_Z7__g007308","6477_Z7__g007308","transport","N/A",2030254,2034333,1
"NRRL6477","6477_Z7_len2073932.region001","6477_Z7_len2073932",1,"6477_Z7__g007309--FGSG_11988..FSPOR_3578","6477_Z7__g007309--FGSG_11988..FSPOR_3578","biosynthetic","NRPS",2034846,2039544,1
"NRRL6477","6477_Z7_len2073932.region001","6477_Z7_len2073932",1,"6477_Z7__g007310--FGSG_05339..FSPOR_3580","6477_Z7__g007310--FGSG_05339..FSPOR_3580","other","N/A",2044378,2045100,-1
"NRRL6477","6477_Z7_len2073932.region001","6477_Z7_len2073932",1,"6477_Z7__g007311--FGSG_05340..FSPOR_382","6477_Z7__g007311--FGSG_05340..FSPOR_382","other","N/A",2051488,2053170,1
"NRRL6477","6477_Z7_len2073932.region001","6477_Z7_len2073932",1,"6477_Z7__g007312--FGSG_05341..FSPOR_381","6477_Z7__g007312--FGSG_05341..FSPOR_381","other","N/A",2053816,2054385,-1
"NRRL6477","6477_Z7_len2073932.region001","6477_Z7_len2073932",1,"6477_Z7__g007313--FGSG_05342..FSPOR_380","6477_Z7__g007313--FGSG_05342..FSPOR_380","other","N/A",2056710,2057788,1
"NRRL6477","6477_Z7_len2073932.region001","6477_Z7_len2073932",1,"6477_Z7__g007314--FGSG_05343..FSPOR_379","6477_Z7__g007314--FGSG_05343..FSPOR_379","other","N/A",2058126,2059403,-1
"NRRL6477","6477_Z7_len2073932.region001","6477_Z7_len2073932",1,"MAK5","6477_Z7__g007301--FGSG_05336..FSPOR_3570","other","N/A",2002406,2004802,-1
"NRRL6477","6477_Z8_len1860651.region001","6477_Z8_len1860651",1,"6477_Z8__g007693","6477_Z8__g007693","other","N/A",1171297,1172009,-1
"NRRL6477","6477_Z8_len1860651.region001","6477_Z8_len1860651",1,"6477_Z8__g007695--FSPOR_4338","6477_Z8__g007695--FSPOR_4338","other","N/A",1179291,1179884,1
"NRRL6477","6477_Z8_len1860651.region001","6477_Z8_len1860651",1,"6477_Z8__g007696--FSPOR_4337","6477_Z8__g007696--FSPOR_4337","biosynthetic-additional","N/A",1183138,1183891,-1
"NRRL6477","6477_Z8_len1860651.region001","6477_Z8_len1860651",1,"6477_Z8__g007697--FGSG_11242..FSPOR_4336","6477_Z8__g007697--FGSG_11242..FSPOR_4336","biosynthetic","NI-siderophore",1185184,1188548,1
"NRRL6477","6477_Z8_len1860651.region001","6477_Z8_len1860651",1,"6477_Z8__g007698","6477_Z8__g007698","other","N/A",1189338,1189907,-1
"NRRL6477","6477_Z8_len1860651.region001","6477_Z8_len1860651",1,"6477_Z8__g007699--FGSG_09115..FSPOR_4333","6477_Z8__g007699--FGSG_09115..FSPOR_4333","biosynthetic-additional","N/A",1191668,1192840,1
"NRRL6477","6477_Z8_len1860651.region001","6477_Z8_len1860651",1,"6477_Z8__g007700--FGSG_04501..FSPOR_4332","6477_Z8__g007700--FGSG_04501..FSPOR_4332","other","N/A",1193229,1195871,1
"NRRL6477","6477_Z8_len1860651.region001","6477_Z8_len1860651",1,"6477_Z8__g007701--FGSG_04497..FSPOR_4331","6477_Z8__g007701--FGSG_04497..FSPOR_4331","other","N/A",1196489,1198282,-1
"NRRL6477","6477_Z8_len1860651.region001","6477_Z8_len1860651",1,"6477_Z8__g007702","6477_Z8__g007702","other","N/A",1198594,1199040,-1
"NRRL6477","6477_Z8_len1860651.region001","6477_Z8_len1860651",1,"6477_Z8__g007703--FGSG_09100..FSPOR_4330","6477_Z8__g007703--FGSG_09100..FSPOR_4330","other","N/A",1200419,1200754,-1
"NRRL6477","6477_Z9_len1569118.region001","6477_Z9_len1569118",1,"6477_Z9__g008293--FGSG_01662..FSPOR_4913","6477_Z9__g008293--FGSG_01662..FSPOR_4913","transport","N/A",1281889,1283861,1
"NRRL6477","6477_Z9_len1569118.region001","6477_Z9_len1569118",1,"6477_Z9__g008296--FGSG_01666..FSPOR_4915","6477_Z9__g008296--FGSG_01666..FSPOR_4915","other","N/A",1291153,1292398,-1
"NRRL6477","6477_Z9_len1569118.region001","6477_Z9_len1569118",1,"6477_Z9__g008297--FGSG_01667..FSPOR_4916","6477_Z9__g008297--FGSG_01667..FSPOR_4916","other","N/A",1292886,1293608,-1
"NRRL6477","6477_Z9_len1569118.region001","6477_Z9_len1569118",1,"6477_Z9__g008298--FGSG_01668..FSPOR_4917","6477_Z9__g008298--FGSG_01668..FSPOR_4917","other","N/A",1295306,1295632,1
"NRRL6477","6477_Z9_len1569118.region001","6477_Z9_len1569118",1,"6477_Z9__g008299--FGSG_01669..FSPOR_4918","6477_Z9__g008299--FGSG_01669..FSPOR_4918","other","N/A",1297739,1298517,1
"NRRL6477","6477_Z9_len1569118.region001","6477_Z9_len1569118",1,"6477_Z9__g008300--FGSG_01670..FSPOR_4919","6477_Z9__g008300--FGSG_01670..FSPOR_4919","other","N/A",1299368,1299966,1
"NRRL6477","6477_Z9_len1569118.region001","6477_Z9_len1569118",1,"6477_Z9__g008301--FGSG_01671..FSPOR_4920","6477_Z9__g008301--FGSG_01671..FSPOR_4920","other","N/A",1301298,1302314,-1
"NRRL6477","6477_Z9_len1569118.region001","6477_Z9_len1569118",1,"6477_Z9__g008303--FGSG_01673..FSPOR_4922","6477_Z9__g008303--FGSG_01673..FSPOR_4922","biosynthetic","fungal-RiPP-like",1309921,1311044,-1
"NRRL6477","6477_Z9_len1569118.region001","6477_Z9_len1569118",1,"6477_Z9__g008304--FGSG_01674..FSPOR_4923","6477_Z9__g008304--FGSG_01674..FSPOR_4923","other","N/A",1313148,1314066,1
"NRRL6477","6477_Z9_len1569118.region001","6477_Z9_len1569118",1,"6477_Z9__g008305--FGSG_01675..FSPOR_4924","6477_Z9__g008305--FGSG_01675..FSPOR_4924","biosynthetic-additional","N/A",1314707,1316539,-1
"NRRL6477","6477_Z9_len1569118.region001","6477_Z9_len1569118",1,"6477_Z9__g008306--FSPOR_4925","6477_Z9__g008306--FSPOR_4925","other","N/A",1320794,1324081,-1
"NRRL6477","6477_Z9_len1569118.region001","6477_Z9_len1569118",1,"6477_Z9__g008307--FSPOR_10442","6477_Z9__g008307--FSPOR_10442","other","N/A",1325798,1326662,1
"NRRL6477","6477_Z9_len1569118.region001","6477_Z9_len1569118",1,"6477_Z9__g008308--FGSG_01688..FSPOR_10441","6477_Z9__g008308--FGSG_01688..FSPOR_10441","other","N/A",1327054,1327881,1
"NRRL6477","6477_Z9_len1569118.region001","6477_Z9_len1569118",1,"6477_Z9__g008309--FGSG_01687..FSPOR_10440","6477_Z9__g008309--FGSG_01687..FSPOR_10440","other","N/A",1328038,1328998,-1
"NRRL6477","6477_Z9_len1569118.region001","6477_Z9_len1569118",1,"6477_Z9__g008310--FGSG_01686..FSPOR_10439","6477_Z9__g008310--FGSG_01686..FSPOR_10439","biosynthetic-additional","N/A",1330146,1331283,1
"NRRL6477","6477_Z9_len1569118.region001","6477_Z9_len1569118",1,"6477_Z9__g008311--FGSG_01685..FSPOR_10438","6477_Z9__g008311--FGSG_01685..FSPOR_10438","other","N/A",1331678,1333543,-1
"NRRL6477","6477_Z9_len1569118.region001","6477_Z9_len1569118",1,"6477_Z9__g008312--FGSG_01689..FSPOR_10437","6477_Z9__g008312--FGSG_01689..FSPOR_10437","other","N/A",1335206,1335707,1
"NRRL6477","6477_Z9_len1569118.region001","6477_Z9_len1569118",1,"NMT1_2","6477_Z9__g008302--FGSG_01672..FSPOR_4921","other","N/A",1307970,1309105,1
"NRRL6477","6477_Z9_len1569118.region001","6477_Z9_len1569118",1,"PRO11","6477_Z9__g008295--FGSG_01665..FSPOR_4914","other","N/A",1287799,1290388,-1
