"Accession","chrm","region","locus_tag","gene","start_end_strand","excluded_from_cluster","cluster"
"NRRL6477","6477_Z1_len5435389",1,"6477_Z1__g000266--FGSG_08791..FSPOR_8623","6477_Z1__g000266--FGSG_08791..FSPOR_8623","6926..9818","no","6477_Z1_len5435389.region001"
"NRRL6477","6477_Z1_len5435389",1,"6477_Z1__g000267--FGSG_08792..FSPOR_8624","6477_Z1__g000267--FGSG_08792..FSPOR_8624","11043..11445","no","6477_Z1_len5435389.region001"
"NRRL6477","6477_Z1_len5435389",1,"6477_Z1__g000268--FGSG_08793..FSPOR_8625","6477_Z1__g000268--FGSG_08793..FSPOR_8625","complement(11510..12472)","no","6477_Z1_len5435389.region001"
"NRRL6477","6477_Z1_len5435389",1,"6477_Z1__g000269--FGSG_08794..FSPOR_8626","6477_Z1__g000269--FGSG_08794..FSPOR_8626","complement(14305..15786)","no","6477_Z1_len5435389.region001"
"NRRL6477","6477_Z1_len5435389",1,"6477_Z1__g000270--FGSG_08795..FSPOR_8627","6477_Z1__g000270--FGSG_08795..FSPOR_8627","20001..27493","no","6477_Z1_len5435389.region001"
"NRRL6477","6477_Z1_len5435389",1,"6477_Z1__g000271","6477_Z1__g000271","complement(28013..28094)","yes","6477_Z1_len5435389.region001"
"NRRL6477","6477_Z1_len5435389",1,"6477_Z1__g000272--FGSG_08796..FSPOR_8628","6477_Z1__g000272--FGSG_08796..FSPOR_8628","complement(28369..29876)","no","6477_Z1_len5435389.region001"
"NRRL6477","6477_Z1_len5435389",1,"6477_Z1__g000273--FGSG_08797..FSPOR_8629","6477_Z1__g000273--FGSG_08797..FSPOR_8629","31672..33710","no","6477_Z1_len5435389.region001"
"NRRL6477","6477_Z1_len5435389",1,"6477_Z1__g000274--FGSG_08798..FSPOR_8630","6477_Z1__g000274--FGSG_08798..FSPOR_8630","complement(34907..36490)","no","6477_Z1_len5435389.region001"
"NRRL6477","6477_Z1_len5435389",1,"6477_Z1__g000275--FGSG_08799..FSPOR_8631","6477_Z1__g000275--FGSG_08799..FSPOR_8631","37656..39284","no","6477_Z1_len5435389.region001"
"NRRL6477","6477_Z1_len5435389",1,"YAP1","6477_Z1__g000276--FGSG_08800..FSPOR_8632","41186..43057","no","6477_Z1_len5435389.region001"
"NRRL6477","6477_Z1_len5435389",1,"6477_Z1__g000277--FGSG_08801..FSPOR_8633","6477_Z1__g000277--FGSG_08801..FSPOR_8633","43841..44693","no","6477_Z1_len5435389.region001"
"NRRL6477","6477_Z1_len5435389",1,"6477_Z1__g000278--FGSG_08802..FSPOR_8634","6477_Z1__g000278--FGSG_08802..FSPOR_8634","45469..46885","no","6477_Z1_len5435389.region001"
"NRRL6477","6477_Z1_len5435389",2,"6477_Z1__g000732--FGSG_03063..FSPOR_4849","6477_Z1__g000732--FGSG_03063..FSPOR_4849","3362..4973","no","6477_Z1_len5435389.region002"
"NRRL6477","6477_Z1_len5435389",2,"6477_Z1__g000733--FGSG_03064..FSPOR_4848","6477_Z1__g000733--FGSG_03064..FSPOR_4848","complement(5609..6625)","no","6477_Z1_len5435389.region002"
"NRRL6477","6477_Z1_len5435389",2,"6477_Z1__g000734--FGSG_03065..FSPOR_4847","6477_Z1__g000734--FGSG_03065..FSPOR_4847","complement(7503..9405)","no","6477_Z1_len5435389.region002"
"NRRL6477","6477_Z1_len5435389",2,"6477_Z1__g000735--FGSG_03066..FSPOR_4846","6477_Z1__g000735--FGSG_03066..FSPOR_4846","complement(10001..12024)","no","6477_Z1_len5435389.region002"
"NRRL6477","6477_Z1_len5435389",2,"6477_Z1__g000736--FGSG_03067..FSPOR_4845","6477_Z1__g000736--FGSG_03067..FSPOR_4845","12868..15034","no","6477_Z1_len5435389.region002"
"NRRL6477","6477_Z1_len5435389",2,"6477_Z1__g000737--FGSG_03068..FSPOR_4844","6477_Z1__g000737--FGSG_03068..FSPOR_4844","complement(15303..17227)","no","6477_Z1_len5435389.region002"
"NRRL6477","6477_Z1_len5435389",2,"6477_Z1__g000738--FGSG_03069..FSPOR_4843","6477_Z1__g000738--FGSG_03069..FSPOR_4843","complement(18763..19848)","no","6477_Z1_len5435389.region002"
"NRRL6477","6477_Z1_len5435389",2,"6477_Z1__g000739--FGSG_03070..FSPOR_4842","6477_Z1__g000739--FGSG_03070..FSPOR_4842","complement(20918..21307)","no","6477_Z1_len5435389.region002"
"NRRL6477","6477_Z1_len5435389",3,"GUT2","6477_Z1__g000906--FGSG_03249..FSPOR_5879","1932..4042","no","6477_Z1_len5435389.region003"
"NRRL6477","6477_Z1_len5435389",3,"6477_Z1__g000907--FGSG_03250..FSPOR_5880","6477_Z1__g000907--FGSG_03250..FSPOR_5880","6048..7471","no","6477_Z1_len5435389.region003"
"NRRL6477","6477_Z1_len5435389",3,"6477_Z1__g000908--FGSG_03251..FSPOR_5881","6477_Z1__g000908--FGSG_03251..FSPOR_5881","complement(7977..8978)","no","6477_Z1_len5435389.region003"
"NRRL6477","6477_Z1_len5435389",3,"6477_Z1__g000909--FGSG_03252..FSPOR_5882","6477_Z1__g000909--FGSG_03252..FSPOR_5882","12121..16128","no","6477_Z1_len5435389.region003"
"NRRL6477","6477_Z1_len5435389",3,"6477_Z1__g000910--FGSG_03255..FSPOR_5883","6477_Z1__g000910--FGSG_03255..FSPOR_5883","complement(16482..17525)","no","6477_Z1_len5435389.region003"
"NRRL6477","6477_Z1_len5435389",3,"6477_Z1__g000911--FGSG_03256..FSPOR_5884","6477_Z1__g000911--FGSG_03256..FSPOR_5884","complement(18357..19261)","no","6477_Z1_len5435389.region003"
"NRRL6477","6477_Z1_len5435389",3,"6477_Z1__g000912--FGSG_03257..FSPOR_5885","6477_Z1__g000912--FGSG_03257..FSPOR_5885","20001..22933","no","6477_Z1_len5435389.region003"
"NRRL6477","6477_Z1_len5435389",3,"6477_Z1__g000913--FGSG_03258..FSPOR_5886","6477_Z1__g000913--FGSG_03258..FSPOR_5886","23329..24355","no","6477_Z1_len5435389.region003"
"NRRL6477","6477_Z1_len5435389",3,"6477_Z1__g000914--FGSG_03259..FSPOR_5887","6477_Z1__g000914--FGSG_03259..FSPOR_5887","25078..26418","no","6477_Z1_len5435389.region003"
"NRRL6477","6477_Z1_len5435389",3,"6477_Z1__g000915--FGSG_03260..FSPOR_5888","6477_Z1__g000915--FGSG_03260..FSPOR_5888","26770..28451","no","6477_Z1_len5435389.region003"
"NRRL6477","6477_Z1_len5435389",3,"6477_Z1__g000916--FGSG_03261..FSPOR_5889","6477_Z1__g000916--FGSG_03261..FSPOR_5889","complement(28675..30160)","no","6477_Z1_len5435389.region003"
"NRRL6477","6477_Z1_len5435389",3,"6477_Z1__g000917--FGSG_03262..FSPOR_5890","6477_Z1__g000917--FGSG_03262..FSPOR_5890","31712..32761","no","6477_Z1_len5435389.region003"
"NRRL6477","6477_Z1_len5435389",3,"6477_Z1__g000918--FGSG_03263..FSPOR_5891","6477_Z1__g000918--FGSG_03263..FSPOR_5891","33311..34864","no","6477_Z1_len5435389.region003"
"NRRL6477","6477_Z1_len5435389",3,"6477_Z1__g000919--FGSG_03264..FSPOR_5892","6477_Z1__g000919--FGSG_03264..FSPOR_5892","36704..37861","no","6477_Z1_len5435389.region003"
"NRRL6477","6477_Z1_len5435389",3,"6477_Z1__g000920--FGSG_03265..FSPOR_5893","6477_Z1__g000920--FGSG_03265..FSPOR_5893","40163..41433","no","6477_Z1_len5435389.region003"
"NRRL6477","6477_Z1_len5435389",3,"6477_Z1__g000921","6477_Z1__g000921","42646..42743","yes","6477_Z1_len5435389.region003"
"NRRL6477","6477_Z1_len5435389",4,"6477_Z1__g000986--FGSG_03330..FSPOR_5956","6477_Z1__g000986--FGSG_03330..FSPOR_5956","complement(1007..2555)","no","6477_Z1_len5435389.region004"
"NRRL6477","6477_Z1_len5435389",4,"6477_Z1__g000987","6477_Z1__g000987","2959..3030","yes","6477_Z1_len5435389.region004"
"NRRL6477","6477_Z1_len5435389",4,"6477_Z1__g000988--FGSG_03332..FSPOR_9266","6477_Z1__g000988--FGSG_03332..FSPOR_9266","4484..5888","no","6477_Z1_len5435389.region004"
"NRRL6477","6477_Z1_len5435389",4,"6477_Z1__g000989--FGSG_03333..FSPOR_9267","6477_Z1__g000989--FGSG_03333..FSPOR_9267","6678..7772","no","6477_Z1_len5435389.region004"
"NRRL6477","6477_Z1_len5435389",4,"6477_Z1__g000990--FGSG_03334..FSPOR_11523","6477_Z1__g000990--FGSG_03334..FSPOR_11523","complement(8061..8601)","no","6477_Z1_len5435389.region004"
"NRRL6477","6477_Z1_len5435389",4,"6477_Z1__g000991--FGSG_03337..FSPOR_11522","6477_Z1__g000991--FGSG_03337..FSPOR_11522","9474..12824","no","6477_Z1_len5435389.region004"
"NRRL6477","6477_Z1_len5435389",4,"6477_Z1__g000992--FGSG_03338..FSPOR_3727","6477_Z1__g000992--FGSG_03338..FSPOR_3727","14250..14758","no","6477_Z1_len5435389.region004"
"NRRL6477","6477_Z1_len5435389",4,"6477_Z1__g000993--FGSG_03339..FSPOR_3726","6477_Z1__g000993--FGSG_03339..FSPOR_3726","17084..17583","no","6477_Z1_len5435389.region004"
"NRRL6477","6477_Z1_len5435389",4,"GPY1","6477_Z1__g000994--FGSG_03340..FSPOR_3725","20001..28494","no","6477_Z1_len5435389.region004"
"NRRL6477","6477_Z1_len5435389",4,"6477_Z1__g000995--FGSG_03341..FSPOR_3724","6477_Z1__g000995--FGSG_03341..FSPOR_3724","complement(29009..29650)","no","6477_Z1_len5435389.region004"
"NRRL6477","6477_Z1_len5435389",4,"6477_Z1__g000996--FGSG_03342..FSPOR_3723","6477_Z1__g000996--FGSG_03342..FSPOR_3723","32481..33446","no","6477_Z1_len5435389.region004"
"NRRL6477","6477_Z1_len5435389",4,"6477_Z1__g000997--FGSG_03343..FSPOR_3722","6477_Z1__g000997--FGSG_03343..FSPOR_3722","34065..37444","no","6477_Z1_len5435389.region004"
"NRRL6477","6477_Z1_len5435389",4,"6477_Z1__g000998--FGSG_03344..FSPOR_3721","6477_Z1__g000998--FGSG_03344..FSPOR_3721","38298..39567","no","6477_Z1_len5435389.region004"
"NRRL6477","6477_Z1_len5435389",4,"6477_Z1__g000999--FGSG_03345..FSPOR_3720","6477_Z1__g000999--FGSG_03345..FSPOR_3720","complement(39796..41675)","no","6477_Z1_len5435389.region004"
"NRRL6477","6477_Z1_len5435389",4,"6477_Z1__g001000--FGSG_03346..FSPOR_3719","6477_Z1__g001000--FGSG_03346..FSPOR_3719","42509..44299","no","6477_Z1_len5435389.region004"
"NRRL6477","6477_Z1_len5435389",5,"TRI7","6477_Z1__g001194--FGSG_03533..FSPOR_6144","31..863","no","6477_Z1_len5435389.region005"
"NRRL6477","6477_Z1_len5435389",5,"TRI3","6477_Z1__g001195--FGSG_03534..FSPOR_6145","1637..3419","no","6477_Z1_len5435389.region005"
"NRRL6477","6477_Z1_len5435389",5,"TRI4","6477_Z1__g001196--FGSG_03535..FSPOR_6146","complement(4180..5922)","no","6477_Z1_len5435389.region005"
"NRRL6477","6477_Z1_len5435389",5,"TRI5","6477_Z1__g001197--FGSG_03537..FSPOR_6147","10001..11185","no","6477_Z1_len5435389.region005"
"NRRL6477","6477_Z1_len5435389",5,"TRI10","6477_Z1__g001198--FGSG_03538..FSPOR_6148","12156..13141","no","6477_Z1_len5435389.region005"
"NRRL6477","6477_Z1_len5435389",5,"TRI11","6477_Z1__g001199","complement(14990..16711)","no","6477_Z1_len5435389.region005"
"NRRL6477","6477_Z1_len5435389",5,"TRI12","6477_Z1__g001200--FGSG_03540..FSPOR_6149","complement(17353..19254)","no","6477_Z1_len5435389.region005"
"NRRL6477","6477_Z1_len5435389",6,"6477_Z1__g001393","6477_Z1__g001393","complement(889..963)","yes","6477_Z1_len5435389.region006"
"NRRL6477","6477_Z1_len5435389",6,"6477_Z1__g001394--FGSG_11311..FSPOR_1129","6477_Z1__g001394--FGSG_11311..FSPOR_1129","complement(2124..2966)","no","6477_Z1_len5435389.region006"
"NRRL6477","6477_Z1_len5435389",6,"6477_Z1__g001395--FGSG_03725..FSPOR_1130","6477_Z1__g001395--FGSG_03725..FSPOR_1130","complement(3803..5611)","no","6477_Z1_len5435389.region006"
"NRRL6477","6477_Z1_len5435389",6,"6477_Z1__g001396","6477_Z1__g001396","7248..7321","yes","6477_Z1_len5435389.region006"
"NRRL6477","6477_Z1_len5435389",6,"6477_Z1__g001397--FGSG_03726..FSPOR_1131","6477_Z1__g001397--FGSG_03726..FSPOR_1131","complement(7518..9203)","no","6477_Z1_len5435389.region006"
"NRRL6477","6477_Z1_len5435389",6,"6477_Z1__g001398--FGSG_03727..FSPOR_1133","6477_Z1__g001398--FGSG_03727..FSPOR_1133","11153..12425","no","6477_Z1_len5435389.region006"
"NRRL6477","6477_Z1_len5435389",6,"6477_Z1__g001399--FGSG_03728..FSPOR_1134","6477_Z1__g001399--FGSG_03728..FSPOR_1134","13494..14596","no","6477_Z1_len5435389.region006"
"NRRL6477","6477_Z1_len5435389",6,"6477_Z1__g001400--FGSG_03729..FSPOR_1135","6477_Z1__g001400--FGSG_03729..FSPOR_1135","15413..16707","no","6477_Z1_len5435389.region006"
"NRRL6477","6477_Z1_len5435389",6,"6477_Z1__g001401--FGSG_03730..FSPOR_1136","6477_Z1__g001401--FGSG_03730..FSPOR_1136","complement(17105..18993)","no","6477_Z1_len5435389.region006"
"NRRL6477","6477_Z1_len5435389",6,"6477_Z1__g001402--FGSG_03731..FSPOR_1137","6477_Z1__g001402--FGSG_03731..FSPOR_1137","19871..20965","no","6477_Z1_len5435389.region006"
"NRRL6477","6477_Z1_len5435389",6,"6477_Z1__g001403--FGSG_03732..FSPOR_1138","6477_Z1__g001403--FGSG_03732..FSPOR_1138","21785..23712","no","6477_Z1_len5435389.region006"
"NRRL6477","6477_Z1_len5435389",6,"6477_Z1__g001404--FGSG_03734..FSPOR_1139","6477_Z1__g001404--FGSG_03734..FSPOR_1139","complement(24014..24692)","no","6477_Z1_len5435389.region006"
"NRRL6477","6477_Z1_len5435389",6,"CDR1","6477_Z1__g001405--FGSG_03735..FSPOR_1141","complement(25001..31970)","no","6477_Z1_len5435389.region006"
"NRRL6477","6477_Z1_len5435389",6,"6477_Z1__g001406--FGSG_03736..FSPOR_1142","6477_Z1__g001406--FGSG_03736..FSPOR_1142","33751..37538","no","6477_Z1_len5435389.region006"
"NRRL6477","6477_Z1_len5435389",6,"6477_Z1__g001407--FGSG_03737..FSPOR_1143","6477_Z1__g001407--FGSG_03737..FSPOR_1143","38643..40397","no","6477_Z1_len5435389.region006"
"NRRL6477","6477_Z1_len5435389",6,"6477_Z1__g001408--FGSG_03738..FSPOR_1144","6477_Z1__g001408--FGSG_03738..FSPOR_1144","complement(40719..41792)","no","6477_Z1_len5435389.region006"
"NRRL6477","6477_Z1_len5435389",6,"ATF1_1","6477_Z1__g001409--FGSG_03739..FSPOR_1145","42530..43978","no","6477_Z1_len5435389.region006"
"NRRL6477","6477_Z1_len5435389",6,"6477_Z1__g001410--FGSG_12390..FSPOR_1146","6477_Z1__g001410--FGSG_12390..FSPOR_1146","44857..47073","no","6477_Z1_len5435389.region006"
"NRRL6477","6477_Z1_len5435389",6,"6477_Z1__g001411--FGSG_12389..FSPOR_1147","6477_Z1__g001411--FGSG_12389..FSPOR_1147","47566..49005","no","6477_Z1_len5435389.region006"
"NRRL6477","6477_Z1_len5435389",6,"6477_Z1__g001412--FGSG_03742..FSPOR_1148","6477_Z1__g001412--FGSG_03742..FSPOR_1148","complement(49420..51987)","no","6477_Z1_len5435389.region006"
"NRRL6477","6477_Z1_len5435389",6,"6477_Z1__g001413--FGSG_03741..FSPOR_1149","6477_Z1__g001413--FGSG_03741..FSPOR_1149","complement(53295..55105)","no","6477_Z1_len5435389.region006"
"NRRL6477","6477_Z1_len5435389",6,"6477_Z1__g001414","6477_Z1__g001414","complement(56769..56868)","yes","6477_Z1_len5435389.region006"
"NRRL6477","6477_Z1_len5435389",6,"6477_Z1__g001415--FGSG_03743..FSPOR_1150","6477_Z1__g001415--FGSG_03743..FSPOR_1150","57857..58821","no","6477_Z1_len5435389.region006"
"NRRL6477","6477_Z1_len5435389",6,"6477_Z1__g001416--FGSG_03744..FSPOR_1151","6477_Z1__g001416--FGSG_03744..FSPOR_1151","complement(59258..61204)","no","6477_Z1_len5435389.region006"
"NRRL6477","6477_Z1_len5435389",6,"6477_Z1__g001417--FGSG_03745..FSPOR_1152","6477_Z1__g001417--FGSG_03745..FSPOR_1152","complement(63271..64557)","no","6477_Z1_len5435389.region006"
"NRRL6477","6477_Z1_len5435389",6,"6477_Z1__g001418--FGSG_03746..FSPOR_1153","6477_Z1__g001418--FGSG_03746..FSPOR_1153","67122..67997","no","6477_Z1_len5435389.region006"
"NRRL6477","6477_Z1_len5435389",6,"NPS6","6477_Z1__g001419--FGSG_03747..FSPOR_1154","69369..75634","no","6477_Z1_len5435389.region006"
"NRRL6477","6477_Z1_len5435389",6,"6477_Z1__g001420--FGSG_03748..FSPOR_1155","6477_Z1__g001420--FGSG_03748..FSPOR_1155","complement(75766..76579)","no","6477_Z1_len5435389.region006"
"NRRL6477","6477_Z1_len5435389",6,"6477_Z1__g001421--FSPOR_1156","6477_Z1__g001421--FSPOR_1156","complement(77767..78058)","no","6477_Z1_len5435389.region006"
"NRRL6477","6477_Z1_len5435389",6,"6477_Z1__g001422--FGSG_12386..FSPOR_1157","6477_Z1__g001422--FGSG_12386..FSPOR_1157","81857..82996","no","6477_Z1_len5435389.region006"
"NRRL6477","6477_Z1_len5435389",6,"6477_Z1__g001423--FGSG_03752..FSPOR_1158","6477_Z1__g001423--FGSG_03752..FSPOR_1158","complement(83157..84285)","no","6477_Z1_len5435389.region006"
"NRRL6477","6477_Z1_len5435389",6,"6477_Z1__g001424--FGSG_03751..FSPOR_1159","6477_Z1__g001424--FGSG_03751..FSPOR_1159","85463..87384","no","6477_Z1_len5435389.region006"
"NRRL6477","6477_Z1_len5435389",6,"6477_Z1__g001425--FGSG_03750..FSPOR_1160","6477_Z1__g001425--FGSG_03750..FSPOR_1160","complement(87748..90480)","no","6477_Z1_len5435389.region006"
"NRRL6477","6477_Z1_len5435389",6,"6477_Z1__g001426--FGSG_03749..FSPOR_1162","6477_Z1__g001426--FGSG_03749..FSPOR_1162","complement(92360..93803)","no","6477_Z1_len5435389.region006"
"NRRL6477","6477_Z1_len5435389",7,"VPS52","6477_Z1__g001841--FGSG_01954..FSPOR_1025","complement(1499..3584)","no","6477_Z1_len5435389.region007"
"NRRL6477","6477_Z1_len5435389",7,"ANB1","6477_Z1__g001842--FGSG_01955..FSPOR_1024","5302..6189","no","6477_Z1_len5435389.region007"
"NRRL6477","6477_Z1_len5435389",7,"6477_Z1__g001843--FGSG_01956..FSPOR_1023","6477_Z1__g001843--FGSG_01956..FSPOR_1023","6975..8828","no","6477_Z1_len5435389.region007"
"NRRL6477","6477_Z1_len5435389",7,"6477_Z1__g001844--FGSG_01957..FSPOR_1022","6477_Z1__g001844--FGSG_01957..FSPOR_1022","10586..11589","no","6477_Z1_len5435389.region007"
"NRRL6477","6477_Z1_len5435389",7,"6477_Z1__g001845--FGSG_01958..FSPOR_1021","6477_Z1__g001845--FGSG_01958..FSPOR_1021","complement(11832..12440)","no","6477_Z1_len5435389.region007"
"NRRL6477","6477_Z1_len5435389",7,"ERG5","6477_Z1__g001846--FGSG_01959..FSPOR_1020","complement(13220..15065)","no","6477_Z1_len5435389.region007"
"NRRL6477","6477_Z1_len5435389",7,"6477_Z1__g001847--FGSG_01960..FSPOR_1019","6477_Z1__g001847--FGSG_01960..FSPOR_1019","18962..19348","no","6477_Z1_len5435389.region007"
"NRRL6477","6477_Z1_len5435389",7,"NRPS32","6477_Z1__g001848--FGSG_13878..FSPOR_1018","complement(20001..46903)","no","6477_Z1_len5435389.region007"
"NRRL6477","6477_Z1_len5435389",7,"6477_Z1__g001849--FSPOR_1017","6477_Z1__g001849--FSPOR_1017","complement(48500..50551)","no","6477_Z1_len5435389.region007"
"NRRL6477","6477_Z1_len5435389",7,"6477_Z1__g001850--FSPOR_1016","6477_Z1__g001850--FSPOR_1016","51434..55540","no","6477_Z1_len5435389.region007"
"NRRL6477","6477_Z1_len5435389",7,"6477_Z1__g001851--FSPOR_1015","6477_Z1__g001851--FSPOR_1015","complement(56035..56890)","no","6477_Z1_len5435389.region007"
"NRRL6477","6477_Z1_len5435389",7,"PKS40","6477_Z1__g001852--FSPOR_1014","58009..65895","no","6477_Z1_len5435389.region007"
"NRRL6477","6477_Z1_len5435389",7,"6477_Z1__g001853--FSPOR_1013","6477_Z1__g001853--FSPOR_1013","69223..70118","no","6477_Z1_len5435389.region007"
"NRRL6477","6477_Z1_len5435389",7,"6477_Z1__g001854--FSPOR_1012","6477_Z1__g001854--FSPOR_1012","complement(70510..71943)","no","6477_Z1_len5435389.region007"
"NRRL6477","6477_Z1_len5435389",7,"6477_Z1__g001855--FGSG_01962..FSPOR_1011","6477_Z1__g001855--FGSG_01962..FSPOR_1011","complement(73414..75465)","no","6477_Z1_len5435389.region007"
"NRRL6477","6477_Z1_len5435389",7,"6477_Z1__g001856--FGSG_01963..FSPOR_1010","6477_Z1__g001856--FGSG_01963..FSPOR_1010","76499..77886","no","6477_Z1_len5435389.region007"
"NRRL6477","6477_Z1_len5435389",7,"6477_Z1__g001857--FGSG_12039..FSPOR_1009","6477_Z1__g001857--FGSG_12039..FSPOR_1009","complement(78568..84014)","no","6477_Z1_len5435389.region007"
"NRRL6477","6477_Z11_len1542866",1,"6477_Z11__g009163--FGSG_10517..FSPOR_10930","6477_Z11__g009163--FGSG_10517..FSPOR_10930","650..2668","no","6477_Z11_len1542866.region001"
"NRRL6477","6477_Z11_len1542866",1,"6477_Z11__g009164--FGSG_10516..FSPOR_10929","6477_Z11__g009164--FGSG_10516..FSPOR_10929","5046..6295","no","6477_Z11_len1542866.region001"
"NRRL6477","6477_Z11_len1542866",1,"6477_Z11__g009165--FGSG_10520..FSPOR_10928","6477_Z11__g009165--FGSG_10520..FSPOR_10928","complement(10791..12527)","no","6477_Z11_len1542866.region001"
"NRRL6477","6477_Z11_len1542866",1,"6477_Z11__g009166--FGSG_10521..FSPOR_10927","6477_Z11__g009166--FGSG_10521..FSPOR_10927","13187..14092","no","6477_Z11_len1542866.region001"
"NRRL6477","6477_Z11_len1542866",1,"6477_Z11__g009167--FGSG_10522..FSPOR_10926","6477_Z11__g009167--FGSG_10522..FSPOR_10926","16725..19490","no","6477_Z11_len1542866.region001"
"NRRL6477","6477_Z11_len1542866",1,"6477_Z11__g009168--FGSG_10523..FSPOR_10925","6477_Z11__g009168--FGSG_10523..FSPOR_10925","complement(20001..27643)","no","6477_Z11_len1542866.region001"
"NRRL6477","6477_Z11_len1542866",1,"6477_Z11__g009169--FSPOR_10924","6477_Z11__g009169--FSPOR_10924","complement(29418..29936)","no","6477_Z11_len1542866.region001"
"NRRL6477","6477_Z11_len1542866",1,"6477_Z11__g009170--FGSG_10524..FSPOR_10923","6477_Z11__g009170--FGSG_10524..FSPOR_10923","complement(30525..33658)","no","6477_Z11_len1542866.region001"
"NRRL6477","6477_Z11_len1542866",1,"6477_Z11__g009171--FGSG_10526..FSPOR_10922","6477_Z11__g009171--FGSG_10526..FSPOR_10922","36087..38453","no","6477_Z11_len1542866.region001"
"NRRL6477","6477_Z11_len1542866",1,"6477_Z11__g009172--FGSG_10525..FSPOR_10921","6477_Z11__g009172--FGSG_10525..FSPOR_10921","39346..40653","no","6477_Z11_len1542866.region001"
"NRRL6477","6477_Z11_len1542866",1,"6477_Z11__g009173--FGSG_10528..FSPOR_10920","6477_Z11__g009173--FGSG_10528..FSPOR_10920","42450..45141","no","6477_Z11_len1542866.region001"
"NRRL6477","6477_Z11_len1542866",1,"6477_Z11__g009174--FGSG_10529..FSPOR_10919","6477_Z11__g009174--FGSG_10529..FSPOR_10919","complement(45594..47204)","no","6477_Z11_len1542866.region001"
"NRRL6477","6477_Z11_len1542866",2,"6477_Z11__g009286--FSPOR_4485","6477_Z11__g009286--FSPOR_4485","complement(71..1639)","no","6477_Z11_len1542866.region002"
"NRRL6477","6477_Z11_len1542866",2,"6477_Z11__g009287--FSPOR_4486","6477_Z11__g009287--FSPOR_4486","complement(1981..3716)","no","6477_Z11_len1542866.region002"
"NRRL6477","6477_Z11_len1542866",2,"6477_Z11__g009288--FGSG_12407..FSPOR_4487","6477_Z11__g009288--FGSG_12407..FSPOR_4487","complement(6876..7355)","no","6477_Z11_len1542866.region002"
"NRRL6477","6477_Z11_len1542866",2,"6477_Z11__g009289--FGSG_12406..FSPOR_4488","6477_Z11__g009289--FGSG_12406..FSPOR_4488","complement(8066..8632)","no","6477_Z11_len1542866.region002"
"NRRL6477","6477_Z11_len1542866",2,"6477_Z11__g009290--FGSG_07815..FSPOR_4489","6477_Z11__g009290--FGSG_07815..FSPOR_4489","10676..11845","no","6477_Z11_len1542866.region002"
"NRRL6477","6477_Z11_len1542866",2,"6477_Z11__g009291--FGSG_10604..FSPOR_4490","6477_Z11__g009291--FGSG_10604..FSPOR_4490","complement(12425..14227)","no","6477_Z11_len1542866.region002"
"NRRL6477","6477_Z11_len1542866",2,"6477_Z11__g009292--FGSG_10605..FSPOR_4491","6477_Z11__g009292--FGSG_10605..FSPOR_4491","14840..15502","no","6477_Z11_len1542866.region002"
"NRRL6477","6477_Z11_len1542866",2,"6477_Z11__g009293--FGSG_04682..FSPOR_4493","6477_Z11__g009293--FGSG_04682..FSPOR_4493","18193..19194","no","6477_Z11_len1542866.region002"
"NRRL6477","6477_Z11_len1542866",2,"6477_Z11__g009294--FGSG_10617..FSPOR_4494","6477_Z11__g009294--FGSG_10617..FSPOR_4494","complement(20001..23311)","no","6477_Z11_len1542866.region002"
"NRRL6477","6477_Z11_len1542866",2,"6477_Z11__g009295--FSPOR_4496","6477_Z11__g009295--FSPOR_4496","31643..32149","no","6477_Z11_len1542866.region002"
"NRRL6477","6477_Z11_len1542866",2,"6477_Z11__g009296--FSPOR_4497","6477_Z11__g009296--FSPOR_4497","35301..37098","no","6477_Z11_len1542866.region002"
"NRRL6477","6477_Z11_len1542866",2,"6477_Z11__g009297--FSPOR_4498","6477_Z11__g009297--FSPOR_4498","complement(37230..38276)","no","6477_Z11_len1542866.region002"
"NRRL6477","6477_Z11_len1542866",2,"6477_Z11__g009298--FSPOR_4499","6477_Z11__g009298--FSPOR_4499","40208..40964","no","6477_Z11_len1542866.region002"
"NRRL6477","6477_Z11_len1542866",2,"6477_Z11__g009299--FGSG_04745..FSPOR_4500","6477_Z11__g009299--FGSG_04745..FSPOR_4500","41078..41364","no","6477_Z11_len1542866.region002"
"NRRL6477","6477_Z11_len1542866",2,"6477_Z11__g009300--FGSG_10626..FSPOR_4501","6477_Z11__g009300--FGSG_10626..FSPOR_4501","41697..42638","no","6477_Z11_len1542866.region002"
"NRRL6477","6477_Z11_len1542866",3,"6477_Z11__g009311","6477_Z11__g009311","complement(2156..2653)","no","6477_Z11_len1542866.region003"
"NRRL6477","6477_Z11_len1542866",3,"6477_Z11__g009312--FSPOR_4515","6477_Z11__g009312--FSPOR_4515","8219..9145","no","6477_Z11_len1542866.region003"
"NRRL6477","6477_Z11_len1542866",3,"6477_Z11__g009313--FGSG_04615..FSPOR_4516","6477_Z11__g009313--FGSG_04615..FSPOR_4516","10001..10744","no","6477_Z11_len1542866.region003"
"NRRL6477","6477_Z11_len1542866",3,"6477_Z11__g009314--FSPOR_4517","6477_Z11__g009314--FSPOR_4517","11827..12414","no","6477_Z11_len1542866.region003"
"NRRL6477","6477_Z11_len1542866",3,"6477_Z11__g009315--FSPOR_4518","6477_Z11__g009315--FSPOR_4518","13567..13985","no","6477_Z11_len1542866.region003"
"NRRL6477","6477_Z11_len1542866",3,"6477_Z11__g009316--FGSG_10653..FSPOR_4519","6477_Z11__g009316--FGSG_10653..FSPOR_4519","18461..19402","no","6477_Z11_len1542866.region003"
"NRRL6477","6477_Z11_len1542866",4,"6477_Z11__g009333--FGSG_10674..FSPOR_4531","6477_Z11__g009333--FGSG_10674..FSPOR_4531","complement(485..1945)","no","6477_Z11_len1542866.region004"
"NRRL6477","6477_Z11_len1542866",4,"6477_Z11__g009334--FGSG_10673..FSPOR_4532","6477_Z11__g009334--FGSG_10673..FSPOR_4532","complement(2786..4343)","no","6477_Z11_len1542866.region004"
"NRRL6477","6477_Z11_len1542866",4,"6477_Z11__g009335--FGSG_10672..FSPOR_4533","6477_Z11__g009335--FGSG_10672..FSPOR_4533","complement(5133..5744)","no","6477_Z11_len1542866.region004"
"NRRL6477","6477_Z11_len1542866",4,"LEU2","6477_Z11__g009336--FGSG_10671..FSPOR_4534","6213..7364","no","6477_Z11_len1542866.region004"
"NRRL6477","6477_Z11_len1542866",4,"6477_Z11__g009337--FGSG_10670..FSPOR_4535","6477_Z11__g009337--FGSG_10670..FSPOR_4535","complement(7475..8539)","no","6477_Z11_len1542866.region004"
"NRRL6477","6477_Z11_len1542866",4,"6477_Z11__g009338--FGSG_10669..FSPOR_4536","6477_Z11__g009338--FGSG_10669..FSPOR_4536","complement(9353..11255)","no","6477_Z11_len1542866.region004"
"NRRL6477","6477_Z11_len1542866",4,"6477_Z11__g009339--FGSG_02399..FSPOR_4537","6477_Z11__g009339--FGSG_02399..FSPOR_4537","complement(12069..13789)","no","6477_Z11_len1542866.region004"
"NRRL6477","6477_Z11_len1542866",4,"6477_Z11__g009340","6477_Z11__g009340","complement(14503..15736)","no","6477_Z11_len1542866.region004"
"NRRL6477","6477_Z11_len1542866",4,"6477_Z11__g009341--FGSG_02394..FSPOR_4542","6477_Z11__g009341--FGSG_02394..FSPOR_4542","20001..22481","no","6477_Z11_len1542866.region004"
"NRRL6477","6477_Z11_len1542866",4,"6477_Z11__g009342--FSPOR_10228","6477_Z11__g009342--FSPOR_10228","complement(25307..28218)","no","6477_Z11_len1542866.region004"
"NRRL6477","6477_Z11_len1542866",4,"6477_Z11__g009343--FSPOR_10229","6477_Z11__g009343--FSPOR_10229","29064..30941","no","6477_Z11_len1542866.region004"
"NRRL6477","6477_Z11_len1542866",4,"6477_Z11__g009344--FSPOR_10231","6477_Z11__g009344--FSPOR_10231","33920..35481","no","6477_Z11_len1542866.region004"
"NRRL6477","6477_Z11_len1542866",4,"6477_Z11__g009345--FSPOR_10232","6477_Z11__g009345--FSPOR_10232","36377..38184","no","6477_Z11_len1542866.region004"
"NRRL6477","6477_Z11_len1542866",4,"6477_Z11__g009346--FSPOR_10233","6477_Z11__g009346--FSPOR_10233","complement(41790..43318)","no","6477_Z11_len1542866.region004"
"NRRL6477","6477_Z11_len1542866",4,"6477_Z11__g009347--FSPOR_10234","6477_Z11__g009347--FSPOR_10234","43873..45240","no","6477_Z11_len1542866.region004"
"NRRL6477","6477_Z11_len1542866",4,"6477_Z11__g009348--FSPOR_10235","6477_Z11__g009348--FSPOR_10235","complement(45743..47139)","no","6477_Z11_len1542866.region004"
"NRRL6477","6477_Z11_len1542866",4,"6477_Z11__g009349--FSPOR_10236","6477_Z11__g009349--FSPOR_10236","47606..49394","no","6477_Z11_len1542866.region004"
"NRRL6477","6477_Z11_len1542866",4,"6477_Z11__g009350--FGSG_02882..FSPOR_10237","6477_Z11__g009350--FGSG_02882..FSPOR_10237","complement(51642..55166)","no","6477_Z11_len1542866.region004"
"NRRL6477","6477_Z11_len1542866",4,"6477_Z11__g009351--FGSG_12207..FSPOR_10238","6477_Z11__g009351--FGSG_12207..FSPOR_10238","complement(56599..56870)","no","6477_Z11_len1542866.region004"
"NRRL6477","6477_Z11_len1542866",4,"6477_Z11__g009352--FGSG_04662..FSPOR_10239","6477_Z11__g009352--FGSG_04662..FSPOR_10239","57545..58495","no","6477_Z11_len1542866.region004"
"NRRL6477","6477_Z11_len1542866",4,"6477_Z11__g009353--FSPOR_10240","6477_Z11__g009353--FSPOR_10240","complement(58853..60187)","no","6477_Z11_len1542866.region004"
"NRRL6477","6477_Z11_len1542866",4,"6477_Z11__g009354--FSPOR_10241","6477_Z11__g009354--FSPOR_10241","60893..62585","no","6477_Z11_len1542866.region004"
"NRRL6477","6477_Z11_len1542866",4,"6477_Z11__g009355--FSPOR_10243","6477_Z11__g009355--FSPOR_10243","66540..67931","no","6477_Z11_len1542866.region004"
"NRRL6477","6477_Z11_len1542866",4,"6477_Z11__g009356","6477_Z11__g009356","complement(68691..71526)","no","6477_Z11_len1542866.region004"
"NRRL6477","6477_Z11_len1542866",4,"6477_Z11__g009357","6477_Z11__g009357","71725..73120","no","6477_Z11_len1542866.region004"
"NRRL6477","6477_Z11_len1542866",4,"6477_Z11__g009358--FSPOR_10250","6477_Z11__g009358--FSPOR_10250","73124..75356","no","6477_Z11_len1542866.region004"
"NRRL6477","6477_Z11_len1542866",4,"6477_Z11__g009359--FGSG_03946..FSPOR_10248","6477_Z11__g009359--FGSG_03946..FSPOR_10248","79030..79450","no","6477_Z11_len1542866.region004"
"NRRL6477","6477_Z11_len1542866",4,"6477_Z11__g009360--FGSG_10634..FSPOR_9953","6477_Z11__g009360--FGSG_10634..FSPOR_9953","81350..82145","no","6477_Z11_len1542866.region004"
"NRRL6477","6477_Z11_len1542866",4,"6477_Z11__g009361--FSPOR_11962","6477_Z11__g009361--FSPOR_11962","83559..84335","no","6477_Z11_len1542866.region004"
"NRRL6477","6477_Z11_len1542866",4,"6477_Z11__g009362","6477_Z11__g009362","84962..85303","no","6477_Z11_len1542866.region004"
"NRRL6477","6477_Z12_len1519656",1,"6477_Z12__g009363--FSPOR_10061","6477_Z12__g009363--FSPOR_10061","complement(2715..11036)","no","6477_Z12_len1519656.region001"
"NRRL6477","6477_Z12_len1519656",1,"MT1_2","6477_Z12__g009364--FSPOR_10059","16055..17740","no","6477_Z12_len1519656.region001"
"NRRL6477","6477_Z12_len1519656",1,"6477_Z12__g009365--FGSG_08005..FSPOR_10058","6477_Z12__g009365--FGSG_08005..FSPOR_10058","19528..20423","no","6477_Z12_len1519656.region001"
"NRRL6477","6477_Z12_len1519656",1,"6477_Z12__g009366--FSPOR_10057","6477_Z12__g009366--FSPOR_10057","complement(20853..21326)","no","6477_Z12_len1519656.region001"
"NRRL6477","6477_Z12_len1519656",1,"6477_Z12__g009367--FSPOR_10056","6477_Z12__g009367--FSPOR_10056","21939..23543","no","6477_Z12_len1519656.region001"
"NRRL6477","6477_Z12_len1519656",1,"6477_Z12__g009368--FSPOR_10055","6477_Z12__g009368--FSPOR_10055","complement(24371..26242)","no","6477_Z12_len1519656.region001"
"NRRL6477","6477_Z12_len1519656",1,"6477_Z12__g009369--FSPOR_10054","6477_Z12__g009369--FSPOR_10054","28119..30068","no","6477_Z12_len1519656.region001"
"NRRL6477","6477_Z12_len1519656",2,"6477_Z12__g009487--FGSG_11405..FSPOR_8227","6477_Z12__g009487--FGSG_11405..FSPOR_8227","complement(785..2083)","no","6477_Z12_len1519656.region002"
"NRRL6477","6477_Z12_len1519656",2,"6477_Z12__g009488--FGSG_13967..FSPOR_8226","6477_Z12__g009488--FGSG_13967..FSPOR_8226","4785..5171","no","6477_Z12_len1519656.region002"
"NRRL6477","6477_Z12_len1519656",2,"6477_Z12__g009489--FGSG_11401..FSPOR_8225","6477_Z12__g009489--FGSG_11401..FSPOR_8225","complement(6503..7096)","no","6477_Z12_len1519656.region002"
"NRRL6477","6477_Z12_len1519656",2,"6477_Z12__g009490","6477_Z12__g009490","8385..8468","yes","6477_Z12_len1519656.region002"
"NRRL6477","6477_Z12_len1519656",2,"6477_Z12__g009491--FGSG_11400..FSPOR_8224","6477_Z12__g009491--FGSG_11400..FSPOR_8224","8689..9774","no","6477_Z12_len1519656.region002"
"NRRL6477","6477_Z12_len1519656",2,"CHRY5","6477_Z12__g009492--FGSG_11399..FSPOR_8223","10951..12735","no","6477_Z12_len1519656.region002"
"NRRL6477","6477_Z12_len1519656",2,"CHRY4","6477_Z12__g009493--FGSG_11398..FSPOR_8222","complement(13223..14008)","no","6477_Z12_len1519656.region002"
"NRRL6477","6477_Z12_len1519656",2,"CHRY3","6477_Z12__g009494--FGSG_11397..FSPOR_8221","14717..15901","no","6477_Z12_len1519656.region002"
"NRRL6477","6477_Z12_len1519656",2,"CHRY2","6477_Z12__g009495--FGSG_11396..FSPOR_8220","complement(16127..18413)","no","6477_Z12_len1519656.region002"
"NRRL6477","6477_Z12_len1519656",2,"CHRY1","6477_Z12__g009496--FGSG_11395..FSPOR_8219","20001..27271","no","6477_Z12_len1519656.region002"
"NRRL6477","6477_Z12_len1519656",2,"CHRY6","6477_Z12__g009497--FGSG_11394..FSPOR_8218","27572..28392","no","6477_Z12_len1519656.region002"
"NRRL6477","6477_Z12_len1519656",2,"6477_Z12__g009498--FGSG_11393..FSPOR_8217","6477_Z12__g009498--FGSG_11393..FSPOR_8217","complement(28668..29324)","no","6477_Z12_len1519656.region002"
"NRRL6477","6477_Z12_len1519656",2,"6477_Z12__g009499","6477_Z12__g009499","complement(30181..30266)","yes","6477_Z12_len1519656.region002"
"NRRL6477","6477_Z12_len1519656",2,"6477_Z12__g009500--FGSG_11391..FSPOR_8216","6477_Z12__g009500--FGSG_11391..FSPOR_8216","complement(30639..32957)","no","6477_Z12_len1519656.region002"
"NRRL6477","6477_Z12_len1519656",2,"6477_Z12__g009501--FGSG_13971..FSPOR_8215","6477_Z12__g009501--FGSG_13971..FSPOR_8215","35399..36610","no","6477_Z12_len1519656.region002"
"NRRL6477","6477_Z12_len1519656",2,"6477_Z12__g009502","6477_Z12__g009502","39340..39438","yes","6477_Z12_len1519656.region002"
"NRRL6477","6477_Z12_len1519656",2,"6477_Z12__g009503","6477_Z12__g009503","40281..40352","yes","6477_Z12_len1519656.region002"
"NRRL6477","6477_Z12_len1519656",2,"6477_Z12__g009504--FGSG_11389..FSPOR_11717","6477_Z12__g009504--FGSG_11389..FSPOR_11717","complement(40644..42394)","no","6477_Z12_len1519656.region002"
"NRRL6477","6477_Z12_len1519656",2,"6477_Z12__g009505","6477_Z12__g009505","43331..44205","no","6477_Z12_len1519656.region002"
"NRRL6477","6477_Z12_len1519656",2,"6477_Z12__g009506--FGSG_11388..FSPOR_11718","6477_Z12__g009506--FGSG_11388..FSPOR_11718","45417..46700","no","6477_Z12_len1519656.region002"
"NRRL6477","6477_Z12_len1519656",3,"6477_Z12__g009581--FGSG_11316..FSPOR_9120","6477_Z12__g009581--FGSG_11316..FSPOR_9120","536..1786","no","6477_Z12_len1519656.region003"
"NRRL6477","6477_Z12_len1519656",3,"6477_Z12__g009582","6477_Z12__g009582","2011..2567","no","6477_Z12_len1519656.region003"
"NRRL6477","6477_Z12_len1519656",3,"6477_Z12__g009583--FGSG_11326..FSPOR_9121","6477_Z12__g009583--FGSG_11326..FSPOR_9121","complement(6841..8642)","no","6477_Z12_len1519656.region003"
"NRRL6477","6477_Z12_len1519656",3,"6477_Z12__g009584","6477_Z12__g009584","9591..9672","yes","6477_Z12_len1519656.region003"
"NRRL6477","6477_Z12_len1519656",3,"6477_Z12__g009585--FGSG_11327..FSPOR_9122","6477_Z12__g009585--FGSG_11327..FSPOR_9122","complement(10001..11670)","no","6477_Z12_len1519656.region003"
"NRRL6477","6477_Z12_len1519656",3,"6477_Z12__g009586--FGSG_11328..FSPOR_9123","6477_Z12__g009586--FGSG_11328..FSPOR_9123","13051..14097","no","6477_Z12_len1519656.region003"
"NRRL6477","6477_Z12_len1519656",3,"6477_Z12__g009587--FGSG_11329..FSPOR_9124","6477_Z12__g009587--FGSG_11329..FSPOR_9124","18396..18932","no","6477_Z12_len1519656.region003"
"NRRL6477","6477_Z12_len1519656",4,"6477_Z12__g009845--FGSG_11056..FSPOR_4647","6477_Z12__g009845--FGSG_11056..FSPOR_4647","764..1939","no","6477_Z12_len1519656.region004"
"NRRL6477","6477_Z12_len1519656",4,"6477_Z12__g009846--FGSG_11055..FSPOR_4646","6477_Z12__g009846--FGSG_11055..FSPOR_4646","2201..3880","no","6477_Z12_len1519656.region004"
"NRRL6477","6477_Z12_len1519656",4,"LYS1","6477_Z12__g009847--FGSG_11054..FSPOR_4645","5513..6841","no","6477_Z12_len1519656.region004"
"NRRL6477","6477_Z12_len1519656",4,"6477_Z12__g009848--FGSG_11022..FSPOR_4644","6477_Z12__g009848--FGSG_11022..FSPOR_4644","complement(7210..8344)","no","6477_Z12_len1519656.region004"
"NRRL6477","6477_Z12_len1519656",4,"6477_Z12__g009849--FGSG_11023..FSPOR_4643","6477_Z12__g009849--FGSG_11023..FSPOR_4643","8795..9458","no","6477_Z12_len1519656.region004"
"NRRL6477","6477_Z12_len1519656",4,"6477_Z12__g009850","6477_Z12__g009850","10012..10083","yes","6477_Z12_len1519656.region004"
"NRRL6477","6477_Z12_len1519656",4,"6477_Z12__g009851","6477_Z12__g009851","complement(10297..10768)","no","6477_Z12_len1519656.region004"
"NRRL6477","6477_Z12_len1519656",4,"6477_Z12__g009852--FGSG_11024..FSPOR_4642","6477_Z12__g009852--FGSG_11024..FSPOR_4642","complement(10856..11953)","no","6477_Z12_len1519656.region004"
"NRRL6477","6477_Z12_len1519656",4,"6477_Z12__g009853--FSPOR_4641","6477_Z12__g009853--FSPOR_4641","13118..16320","no","6477_Z12_len1519656.region004"
"NRRL6477","6477_Z12_len1519656",4,"TRI15","6477_Z12__g009854--FGSG_11025..FSPOR_4639","complement(17416..18372)","no","6477_Z12_len1519656.region004"
"NRRL6477","6477_Z12_len1519656",4,"6477_Z12__g009855","6477_Z12__g009855","complement(19539..19635)","yes","6477_Z12_len1519656.region004"
"NRRL6477","6477_Z12_len1519656",4,"6477_Z12__g009856--FGSG_11026..FSPOR_4638","6477_Z12__g009856--FGSG_11026..FSPOR_4638","complement(20001..34315)","no","6477_Z12_len1519656.region004"
"NRRL6477","6477_Z12_len1519656",4,"6477_Z12__g009857--FGSG_11027..FSPOR_4637","6477_Z12__g009857--FGSG_11027..FSPOR_4637","complement(34953..36236)","no","6477_Z12_len1519656.region004"
"NRRL6477","6477_Z12_len1519656",4,"6477_Z12__g009858--FGSG_11028..FSPOR_4636","6477_Z12__g009858--FGSG_11028..FSPOR_4636","37209..41408","no","6477_Z12_len1519656.region004"
"NRRL6477","6477_Z12_len1519656",4,"6477_Z12__g009859--FGSG_11029..FSPOR_4635","6477_Z12__g009859--FGSG_11029..FSPOR_4635","42630..44549","no","6477_Z12_len1519656.region004"
"NRRL6477","6477_Z12_len1519656",4,"6477_Z12__g009860--FGSG_11030..FSPOR_4634","6477_Z12__g009860--FGSG_11030..FSPOR_4634","46622..47434","no","6477_Z12_len1519656.region004"
"NRRL6477","6477_Z12_len1519656",4,"6477_Z12__g009861--FGSG_11031..FSPOR_4633","6477_Z12__g009861--FGSG_11031..FSPOR_4633","49804..50436","no","6477_Z12_len1519656.region004"
"NRRL6477","6477_Z12_len1519656",4,"6477_Z12__g009862--FGSG_13866..FSPOR_4632","6477_Z12__g009862--FGSG_13866..FSPOR_4632","complement(51172..52826)","no","6477_Z12_len1519656.region004"
"NRRL6477","6477_Z12_len1519656",5,"6477_Z12__g009893--FGSG_11000..FSPOR_4599","6477_Z12__g009893--FGSG_11000..FSPOR_4599","complement(2127..2741)","no","6477_Z12_len1519656.region005"
"NRRL6477","6477_Z12_len1519656",5,"6477_Z12__g009894--FGSG_10999..FSPOR_4598","6477_Z12__g009894--FGSG_10999..FSPOR_4598","complement(3414..4219)","no","6477_Z12_len1519656.region005"
"NRRL6477","6477_Z12_len1519656",5,"6477_Z12__g009895--FGSG_10998..FSPOR_4597","6477_Z12__g009895--FGSG_10998..FSPOR_4597","complement(6135..7728)","no","6477_Z12_len1519656.region005"
"NRRL6477","6477_Z12_len1519656",5,"6477_Z12__g009896--FGSG_10996..FSPOR_4596","6477_Z12__g009896--FGSG_10996..FSPOR_4596","9407..11433","no","6477_Z12_len1519656.region005"
"NRRL6477","6477_Z12_len1519656",5,"6477_Z12__g009897--FSPOR_4595","6477_Z12__g009897--FSPOR_4595","complement(11595..12707)","no","6477_Z12_len1519656.region005"
"NRRL6477","6477_Z12_len1519656",5,"6477_Z12__g009898--FGSG_10460..FSPOR_4593","6477_Z12__g009898--FGSG_10460..FSPOR_4593","complement(17613..18728)","no","6477_Z12_len1519656.region005"
"NRRL6477","6477_Z12_len1519656",5,"6477_Z12__g009899--FSPOR_4592","6477_Z12__g009899--FSPOR_4592","20001..31934","no","6477_Z12_len1519656.region005"
"NRRL6477","6477_Z12_len1519656",5,"6477_Z12__g009900","6477_Z12__g009900","complement(32661..33210)","no","6477_Z12_len1519656.region005"
"NRRL6477","6477_Z12_len1519656",5,"6477_Z12__g009901--FSPOR_4590","6477_Z12__g009901--FSPOR_4590","complement(34772..35746)","no","6477_Z12_len1519656.region005"
"NRRL6477","6477_Z12_len1519656",5,"6477_Z12__g009902--FSPOR_4589","6477_Z12__g009902--FSPOR_4589","36220..37850","no","6477_Z12_len1519656.region005"
"NRRL6477","6477_Z12_len1519656",5,"6477_Z12__g009903--FGSG_10983..FSPOR_4588","6477_Z12__g009903--FGSG_10983..FSPOR_4588","complement(38005..39452)","no","6477_Z12_len1519656.region005"
"NRRL6477","6477_Z12_len1519656",5,"6477_Z12__g009904--FGSG_10982..FSPOR_4587","6477_Z12__g009904--FGSG_10982..FSPOR_4587","complement(41424..43766)","no","6477_Z12_len1519656.region005"
"NRRL6477","6477_Z12_len1519656",5,"6477_Z12__g009905--FGSG_13880..FSPOR_4586","6477_Z12__g009905--FGSG_13880..FSPOR_4586","complement(44290..45261)","no","6477_Z12_len1519656.region005"
"NRRL6477","6477_Z12_len1519656",5,"6477_Z12__g009906--FGSG_13881..FSPOR_4585","6477_Z12__g009906--FGSG_13881..FSPOR_4585","complement(45529..47142)","no","6477_Z12_len1519656.region005"
"NRRL6477","6477_Z12_len1519656",5,"6477_Z12__g009907","6477_Z12__g009907","complement(47411..49068)","no","6477_Z12_len1519656.region005"
"NRRL6477","6477_Z13_len1408813",1,"6477_Z13__g010038--FGSG_06468..FSPOR_384","6477_Z13__g010038--FGSG_06468..FSPOR_384","complement(1614..3283)","no","6477_Z13_len1408813.region001"
"NRRL6477","6477_Z13_len1408813",1,"6477_Z13__g010039","6477_Z13__g010039","7675..8166","no","6477_Z13_len1408813.region001"
"NRRL6477","6477_Z13_len1408813",1,"6477_Z13__g010040--FGSG_06466..FSPOR_385","6477_Z13__g010040--FGSG_06466..FSPOR_385","9221..9993","no","6477_Z13_len1408813.region001"
"NRRL6477","6477_Z13_len1408813",1,"6477_Z13__g010041--FGSG_06465..FSPOR_386","6477_Z13__g010041--FGSG_06465..FSPOR_386","complement(10181..11273)","no","6477_Z13_len1408813.region001"
"NRRL6477","6477_Z13_len1408813",1,"6477_Z13__g010042--FGSG_06464..FSPOR_387","6477_Z13__g010042--FGSG_06464..FSPOR_387","15051..16659","no","6477_Z13_len1408813.region001"
"NRRL6477","6477_Z13_len1408813",1,"6477_Z13__g010043--FGSG_06463..FSPOR_388","6477_Z13__g010043--FGSG_06463..FSPOR_388","17537..19575","no","6477_Z13_len1408813.region001"
"NRRL6477","6477_Z13_len1408813",1,"6477_Z13__g010044--FGSG_06462..FSPOR_389","6477_Z13__g010044--FGSG_06462..FSPOR_389","complement(20001..25043)","no","6477_Z13_len1408813.region001"
"NRRL6477","6477_Z13_len1408813",1,"6477_Z13__g010045--FGSG_06480..FSPOR_401","6477_Z13__g010045--FGSG_06480..FSPOR_401","complement(28687..29751)","no","6477_Z13_len1408813.region001"
"NRRL6477","6477_Z13_len1408813",1,"6477_Z13__g010046","6477_Z13__g010046","complement(30030..30610)","no","6477_Z13_len1408813.region001"
"NRRL6477","6477_Z13_len1408813",1,"6477_Z13__g010047--FGSG_12927..FSPOR_400","6477_Z13__g010047--FGSG_12927..FSPOR_400","complement(31483..32690)","no","6477_Z13_len1408813.region001"
"NRRL6477","6477_Z13_len1408813",1,"6477_Z13__g010048--FGSG_06482..FSPOR_399","6477_Z13__g010048--FGSG_06482..FSPOR_399","complement(33626..34726)","no","6477_Z13_len1408813.region001"
"NRRL6477","6477_Z13_len1408813",1,"6477_Z13__g010049--FGSG_06483..FSPOR_398","6477_Z13__g010049--FGSG_06483..FSPOR_398","complement(37633..38193)","no","6477_Z13_len1408813.region001"
"NRRL6477","6477_Z13_len1408813",1,"6477_Z13__g010050--FGSG_06484..FSPOR_397","6477_Z13__g010050--FGSG_06484..FSPOR_397","complement(39834..41315)","no","6477_Z13_len1408813.region001"
"NRRL6477","6477_Z13_len1408813",1,"6477_Z13__g010051--FSPOR_396","6477_Z13__g010051--FSPOR_396","42367..43375","no","6477_Z13_len1408813.region001"
"NRRL6477","6477_Z13_len1408813",1,"6477_Z13__g010052--FGSG_11457..FSPOR_395","6477_Z13__g010052--FGSG_11457..FSPOR_395","complement(43829..44214)","no","6477_Z13_len1408813.region001"
"NRRL6477","6477_Z13_len1408813",2,"6477_Z13__g010079--FGSG_06501..FSPOR_3294","6477_Z13__g010079--FGSG_06501..FSPOR_3294","complement(348..1964)","no","6477_Z13_len1408813.region002"
"NRRL6477","6477_Z13_len1408813",2,"6477_Z13__g010080--FGSG_06502..FSPOR_3293","6477_Z13__g010080--FGSG_06502..FSPOR_3293","3816..5544","no","6477_Z13_len1408813.region002"
"NRRL6477","6477_Z13_len1408813",2,"6477_Z13__g010081--FGSG_06503..FSPOR_3292","6477_Z13__g010081--FGSG_06503..FSPOR_3292","complement(6374..7584)","no","6477_Z13_len1408813.region002"
"NRRL6477","6477_Z13_len1408813",2,"6477_Z13__g010082","6477_Z13__g010082","complement(7969..9035)","no","6477_Z13_len1408813.region002"
"NRRL6477","6477_Z13_len1408813",2,"6477_Z13__g010083--FGSG_06504..FSPOR_3291","6477_Z13__g010083--FGSG_06504..FSPOR_3291","10176..14389","no","6477_Z13_len1408813.region002"
"NRRL6477","6477_Z13_len1408813",2,"6477_Z13__g010084--FGSG_06505..FSPOR_3290","6477_Z13__g010084--FGSG_06505..FSPOR_3290","complement(14907..15737)","no","6477_Z13_len1408813.region002"
"NRRL6477","6477_Z13_len1408813",2,"6477_Z13__g010085--FGSG_06506..FSPOR_3289","6477_Z13__g010085--FGSG_06506..FSPOR_3289","complement(17142..18074)","no","6477_Z13_len1408813.region002"
"NRRL6477","6477_Z13_len1408813",2,"6477_Z13__g010086--FGSG_06507..FSPOR_3288","6477_Z13__g010086--FGSG_06507..FSPOR_3288","complement(20001..23849)","no","6477_Z13_len1408813.region002"
"NRRL6477","6477_Z13_len1408813",2,"6477_Z13__g010087--FGSG_06508..FSPOR_3287","6477_Z13__g010087--FGSG_06508..FSPOR_3287","complement(27120..28667)","no","6477_Z13_len1408813.region002"
"NRRL6477","6477_Z13_len1408813",2,"PNS1","6477_Z13__g010088--FGSG_06509..FSPOR_3286","32232..33880","no","6477_Z13_len1408813.region002"
"NRRL6477","6477_Z13_len1408813",2,"ATG17","6477_Z13__g010089--FGSG_06510..FSPOR_3285","complement(34407..36027)","no","6477_Z13_len1408813.region002"
"NRRL6477","6477_Z13_len1408813",2,"6477_Z13__g010090--FGSG_06511..FSPOR_3284","6477_Z13__g010090--FGSG_06511..FSPOR_3284","complement(36853..39800)","no","6477_Z13_len1408813.region002"
"NRRL6477","6477_Z13_len1408813",2,"6477_Z13__g010091--FGSG_06512..FSPOR_3283","6477_Z13__g010091--FGSG_06512..FSPOR_3283","43194..43657","no","6477_Z13_len1408813.region002"
"NRRL6477","6477_Z13_len1408813",3,"6477_Z13__g010203--FGSG_12950..FSPOR_631","6477_Z13__g010203--FGSG_12950..FSPOR_631","complement(224..1309)","no","6477_Z13_len1408813.region003"
"NRRL6477","6477_Z13_len1408813",3,"6477_Z13__g010204--FGSG_06627..FSPOR_632","6477_Z13__g010204--FGSG_06627..FSPOR_632","complement(2738..3795)","no","6477_Z13_len1408813.region003"
"NRRL6477","6477_Z13_len1408813",3,"DRS1","6477_Z13__g010205--FGSG_06628..FSPOR_633","4394..6830","no","6477_Z13_len1408813.region003"
"NRRL6477","6477_Z13_len1408813",3,"6477_Z13__g010206--FGSG_06629..FSPOR_634","6477_Z13__g010206--FGSG_06629..FSPOR_634","complement(7244..7938)","no","6477_Z13_len1408813.region003"
"NRRL6477","6477_Z13_len1408813",3,"6477_Z13__g010207--FGSG_12952..FSPOR_635","6477_Z13__g010207--FGSG_12952..FSPOR_635","complement(10001..11956)","no","6477_Z13_len1408813.region003"
"NRRL6477","6477_Z13_len1408813",3,"6477_Z13__g010208--FGSG_06630..FSPOR_636","6477_Z13__g010208--FGSG_06630..FSPOR_636","13611..16031","no","6477_Z13_len1408813.region003"
"NRRL6477","6477_Z13_len1408813",3,"6477_Z13__g010209","6477_Z13__g010209","16218..16299","yes","6477_Z13_len1408813.region003"
"NRRL6477","6477_Z13_len1408813",3,"6477_Z13__g010210--FGSG_06631..FSPOR_637","6477_Z13__g010210--FGSG_06631..FSPOR_637","complement(16668..22479)","no","6477_Z13_len1408813.region003"
"NRRL6477","6477_Z13_len1408813",3,"6477_Z13__g010211--FGSG_06632..FSPOR_638","6477_Z13__g010211--FGSG_06632..FSPOR_638","24401..26695","no","6477_Z13_len1408813.region003"
"NRRL6477","6477_Z13_len1408813",3,"6477_Z13__g010212--FGSG_06633..FSPOR_639","6477_Z13__g010212--FGSG_06633..FSPOR_639","28832..30614","no","6477_Z13_len1408813.region003"
"NRRL6477","6477_Z13_len1408813",3,"6477_Z13__g010213--FGSG_06634..FSPOR_640","6477_Z13__g010213--FGSG_06634..FSPOR_640","complement(30928..31791)","no","6477_Z13_len1408813.region003"
"NRRL6477","6477_Z14_len1234751",1,"6477_Z14__g010519--FGSG_10101..FSPOR_2740","6477_Z14__g010519--FGSG_10101..FSPOR_2740","1253..2513","no","6477_Z14_len1234751.region001"
"NRRL6477","6477_Z14_len1234751",1,"6477_Z14__g010520--FGSG_10100..FSPOR_2741","6477_Z14__g010520--FGSG_10100..FSPOR_2741","complement(2828..3811)","no","6477_Z14_len1234751.region001"
"NRRL6477","6477_Z14_len1234751",1,"6477_Z14__g010521","6477_Z14__g010521","complement(5048..5831)","no","6477_Z14_len1234751.region001"
"NRRL6477","6477_Z14_len1234751",1,"6477_Z14__g010522--FGSG_10098..FSPOR_2742","6477_Z14__g010522--FGSG_10098..FSPOR_2742","complement(6029..7798)","no","6477_Z14_len1234751.region001"
"NRRL6477","6477_Z14_len1234751",1,"6477_Z14__g010523--FGSG_10097..FSPOR_2743","6477_Z14__g010523--FGSG_10097..FSPOR_2743","10001..11251","no","6477_Z14_len1234751.region001"
"NRRL6477","6477_Z14_len1234751",1,"6477_Z14__g010524--FGSG_10096..FSPOR_2744","6477_Z14__g010524--FGSG_10096..FSPOR_2744","complement(11649..13213)","no","6477_Z14_len1234751.region001"
"NRRL6477","6477_Z14_len1234751",1,"6477_Z14__g010525--FGSG_10095..FSPOR_2745","6477_Z14__g010525--FGSG_10095..FSPOR_2745","16566..20448","no","6477_Z14_len1234751.region001"
"NRRL6477","6477_Z15_len1185119",1,"6477_Z15__g010804--FGSG_10606..FSPOR_7568","6477_Z15__g010804--FGSG_10606..FSPOR_7568","complement(1857..2905)","no","6477_Z15_len1185119.region001"
"NRRL6477","6477_Z15_len1185119",1,"CLM1","6477_Z15__g010805--FGSG_10397..FSPOR_7566","10001..11278","no","6477_Z15_len1185119.region001"
"NRRL6477","6477_Z15_len1185119",1,"CLM2","6477_Z15__g010806","12697..14340","no","6477_Z15_len1185119.region001"
"NRRL6477","6477_Z15_len1185119",1,"6477_Z15__g010807--FSPOR_7561","6477_Z15__g010807--FSPOR_7561","complement(17520..18390)","no","6477_Z15_len1185119.region001"
"NRRL6477","6477_Z15_len1185119",2,"6477_Z15__g010810--FSPOR_5252","6477_Z15__g010810--FSPOR_5252","complement(1213..2688)","no","6477_Z15_len1185119.region002"
"NRRL6477","6477_Z15_len1185119",2,"6477_Z15__g010811--FSPOR_5253","6477_Z15__g010811--FSPOR_5253","complement(4273..6023)","no","6477_Z15_len1185119.region002"
"NRRL6477","6477_Z15_len1185119",2,"6477_Z15__g010812--FGSG_04704..FSPOR_5254","6477_Z15__g010812--FGSG_04704..FSPOR_5254","complement(7843..8651)","no","6477_Z15_len1185119.region002"
"NRRL6477","6477_Z15_len1185119",2,"6477_Z15__g010813--FGSG_08009..FSPOR_5255","6477_Z15__g010813--FGSG_08009..FSPOR_5255","complement(10565..12230)","no","6477_Z15_len1185119.region002"
"NRRL6477","6477_Z15_len1185119",2,"6477_Z15__g010814","6477_Z15__g010814","complement(12759..14217)","no","6477_Z15_len1185119.region002"
"NRRL6477","6477_Z15_len1185119",2,"6477_Z15__g010815--FGSG_13458..FSPOR_5256","6477_Z15__g010815--FGSG_13458..FSPOR_5256","15182..16844","no","6477_Z15_len1185119.region002"
"NRRL6477","6477_Z15_len1185119",2,"6477_Z15__g010816--FSPOR_5257","6477_Z15__g010816--FSPOR_5257","17790..19801","no","6477_Z15_len1185119.region002"
"NRRL6477","6477_Z15_len1185119",2,"APF1","6477_Z15__g010817--FSPOR_5258","complement(20001..35435)","no","6477_Z15_len1185119.region002"
"NRRL6477","6477_Z15_len1185119",2,"APF11","6477_Z15__g010818--FSPOR_5259","36142..38125","no","6477_Z15_len1185119.region002"
"NRRL6477","6477_Z15_len1185119",2,"6477_Z15__g010819--FSPOR_5260","6477_Z15__g010819--FSPOR_5260","38576..39328","no","6477_Z15_len1185119.region002"
"NRRL6477","6477_Z15_len1185119",2,"APF9","6477_Z15__g010820--FSPOR_5261","complement(40126..41163)","no","6477_Z15_len1185119.region002"
"NRRL6477","6477_Z15_len1185119",2,"APF8","6477_Z15__g010821","complement(43117..43564)","no","6477_Z15_len1185119.region002"
"NRRL6477","6477_Z15_len1185119",2,"APF7","6477_Z15__g010822--FSPOR_5262","45355..46405","no","6477_Z15_len1185119.region002"
"NRRL6477","6477_Z15_len1185119",2,"APF6","6477_Z15__g010823--FSPOR_5263","complement(46601..47827)","no","6477_Z15_len1185119.region002"
"NRRL6477","6477_Z15_len1185119",2,"APF12","6477_Z15__g010824--FSPOR_5264","complement(48679..50784)","no","6477_Z15_len1185119.region002"
"NRRL6477","6477_Z15_len1185119",3,"6477_Z15__g010865--FSPOR_6471","6477_Z15__g010865--FSPOR_6471","complement(467..1825)","no","6477_Z15_len1185119.region003"
"NRRL6477","6477_Z15_len1185119",3,"6477_Z15__g010866--FSPOR_6469","6477_Z15__g010866--FSPOR_6469","complement(7455..8302)","no","6477_Z15_len1185119.region003"
"NRRL6477","6477_Z15_len1185119",3,"6477_Z15__g010867--FGSG_10700..FSPOR_6468","6477_Z15__g010867--FGSG_10700..FSPOR_6468","complement(9535..11520)","no","6477_Z15_len1185119.region003"
"NRRL6477","6477_Z15_len1185119",3,"6477_Z15__g010868--FGSG_13809..FSPOR_6467","6477_Z15__g010868--FGSG_13809..FSPOR_6467","12816..15468","no","6477_Z15_len1185119.region003"
"NRRL6477","6477_Z15_len1185119",3,"6477_Z15__g010869--FGSG_10702..FSPOR_6465","6477_Z15__g010869--FGSG_10702..FSPOR_6465","20001..23072","no","6477_Z15_len1185119.region003"
"NRRL6477","6477_Z15_len1185119",3,"6477_Z15__g010870","6477_Z15__g010870","complement(25934..27208)","no","6477_Z15_len1185119.region003"
"NRRL6477","6477_Z15_len1185119",3,"6477_Z15__g010871","6477_Z15__g010871","complement(29328..29867)","no","6477_Z15_len1185119.region003"
"NRRL6477","6477_Z15_len1185119",3,"6477_Z15__g010872","6477_Z15__g010872","31967..32998","no","6477_Z15_len1185119.region003"
"NRRL6477","6477_Z15_len1185119",3,"6477_Z15__g010873","6477_Z15__g010873","33581..34666","no","6477_Z15_len1185119.region003"
"NRRL6477","6477_Z15_len1185119",3,"6477_Z15__g010874","6477_Z15__g010874","complement(35296..35729)","no","6477_Z15_len1185119.region003"
"NRRL6477","6477_Z15_len1185119",3,"6477_Z15__g010875--FGSG_11645..FSPOR_6460","6477_Z15__g010875--FGSG_11645..FSPOR_6460","37385..39424","no","6477_Z15_len1185119.region003"
"NRRL6477","6477_Z15_len1185119",3,"6477_Z15__g010876--FSPOR_6459","6477_Z15__g010876--FSPOR_6459","complement(40497..41626)","no","6477_Z15_len1185119.region003"
"NRRL6477","6477_Z15_len1185119",4,"6477_Z15__g010905--FGSG_10551..FSPOR_6434","6477_Z15__g010905--FGSG_10551..FSPOR_6434","3134..3919","no","6477_Z15_len1185119.region004"
"NRRL6477","6477_Z15_len1185119",4,"6477_Z15__g010906--FGSG_03867..FSPOR_6433","6477_Z15__g010906--FGSG_03867..FSPOR_6433","complement(5347..6297)","no","6477_Z15_len1185119.region004"
"NRRL6477","6477_Z15_len1185119",4,"6477_Z15__g010907","6477_Z15__g010907","8952..10028","no","6477_Z15_len1185119.region004"
"NRRL6477","6477_Z15_len1185119",4,"6477_Z15__g010908","6477_Z15__g010908","10925..11938","no","6477_Z15_len1185119.region004"
"NRRL6477","6477_Z15_len1185119",4,"6477_Z15__g010909--FGSG_13822..FSPOR_6432","6477_Z15__g010909--FGSG_13822..FSPOR_6432","12556..15704","no","6477_Z15_len1185119.region004"
"NRRL6477","6477_Z15_len1185119",4,"6477_Z15__g010910--FSPOR_9288","6477_Z15__g010910--FSPOR_9288","20001..22577","no","6477_Z15_len1185119.region004"
"NRRL6477","6477_Z15_len1185119",4,"6477_Z15__g010911--FSPOR_9287","6477_Z15__g010911--FSPOR_9287","complement(23348..24040)","no","6477_Z15_len1185119.region004"
"NRRL6477","6477_Z15_len1185119",4,"6477_Z15__g010912","6477_Z15__g010912","25240..26558","no","6477_Z15_len1185119.region004"
"NRRL6477","6477_Z15_len1185119",4,"6477_Z15__g010913","6477_Z15__g010913","complement(26742..26850)","yes","6477_Z15_len1185119.region004"
"NRRL6477","6477_Z15_len1185119",4,"6477_Z15__g010914--FSPOR_9285","6477_Z15__g010914--FSPOR_9285","complement(28193..28889)","no","6477_Z15_len1185119.region004"
"NRRL6477","6477_Z15_len1185119",4,"6477_Z15__g010915--FSPOR_9283","6477_Z15__g010915--FSPOR_9283","complement(34021..36132)","no","6477_Z15_len1185119.region004"
"NRRL6477","6477_Z15_len1185119",5,"6477_Z15__g010990--FGSG_10332..FSPOR_8552","6477_Z15__g010990--FGSG_10332..FSPOR_8552","complement(1031..1885)","no","6477_Z15_len1185119.region005"
"NRRL6477","6477_Z15_len1185119",5,"6477_Z15__g010991--FGSG_10331..FSPOR_8553","6477_Z15__g010991--FGSG_10331..FSPOR_8553","complement(2760..3762)","no","6477_Z15_len1185119.region005"
"NRRL6477","6477_Z15_len1185119",5,"6477_Z15__g010992--FGSG_10330..FSPOR_8554","6477_Z15__g010992--FGSG_10330..FSPOR_8554","4626..5980","no","6477_Z15_len1185119.region005"
"NRRL6477","6477_Z15_len1185119",5,"6477_Z15__g010993--FGSG_13740..FSPOR_8555","6477_Z15__g010993--FGSG_13740..FSPOR_8555","6809..7765","no","6477_Z15_len1185119.region005"
"NRRL6477","6477_Z15_len1185119",5,"6477_Z15__g010994--FGSG_13739..FSPOR_8556","6477_Z15__g010994--FGSG_13739..FSPOR_8556","9949..11237","no","6477_Z15_len1185119.region005"
"NRRL6477","6477_Z15_len1185119",5,"6477_Z15__g010995--FGSG_09099..FSPOR_8557","6477_Z15__g010995--FGSG_09099..FSPOR_8557","complement(11623..13246)","no","6477_Z15_len1185119.region005"
"NRRL6477","6477_Z15_len1185119",5,"6477_Z15__g010996--FSPOR_8559","6477_Z15__g010996--FSPOR_8559","complement(15465..16495)","no","6477_Z15_len1185119.region005"
"NRRL6477","6477_Z15_len1185119",5,"6477_Z15__g010997--FSPOR_8560","6477_Z15__g010997--FSPOR_8560","complement(17632..19265)","no","6477_Z15_len1185119.region005"
"NRRL6477","6477_Z15_len1185119",5,"6477_Z15__g010998--FSPOR_8561","6477_Z15__g010998--FSPOR_8561","20001..23757","no","6477_Z15_len1185119.region005"
"NRRL6477","6477_Z15_len1185119",5,"6477_Z15__g010999--FSPOR_8563","6477_Z15__g010999--FSPOR_8563","complement(27684..28394)","no","6477_Z15_len1185119.region005"
"NRRL6477","6477_Z15_len1185119",5,"6477_Z15__g011000--FSPOR_8565","6477_Z15__g011000--FSPOR_8565","31151..31642","no","6477_Z15_len1185119.region005"
"NRRL6477","6477_Z15_len1185119",5,"6477_Z15__g011001--FSPOR_8566","6477_Z15__g011001--FSPOR_8566","32582..33355","no","6477_Z15_len1185119.region005"
"NRRL6477","6477_Z15_len1185119",5,"6477_Z15__g011002--FSPOR_8567","6477_Z15__g011002--FSPOR_8567","complement(34343..34784)","no","6477_Z15_len1185119.region005"
"NRRL6477","6477_Z15_len1185119",5,"6477_Z15__g011003--FSPOR_8568","6477_Z15__g011003--FSPOR_8568","complement(36940..37362)","no","6477_Z15_len1185119.region005"
"NRRL6477","6477_Z15_len1185119",5,"6477_Z15__g011004--FSPOR_8569","6477_Z15__g011004--FSPOR_8569","40545..41656","no","6477_Z15_len1185119.region005"
"NRRL6477","6477_Z17_len582469",1,"6477_Z17__g011203","6477_Z17__g011203","complement(1888..42200)","no","6477_Z17_len582469.region001"
"NRRL6477","6477_Z17_len582469",1,"6477_Z17__g011204","6477_Z17__g011204","43089..43853","no","6477_Z17_len582469.region001"
"NRRL6477","6477_Z17_len582469",1,"6477_Z17__g011205","6477_Z17__g011205","complement(43883..44880)","no","6477_Z17_len582469.region001"
"NRRL6477","6477_Z17_len582469",1,"6477_Z17__g011206","6477_Z17__g011206","46061..50258","no","6477_Z17_len582469.region001"
"NRRL6477","6477_Z17_len582469",1,"6477_Z17__g011207","6477_Z17__g011207","50505..51026","no","6477_Z17_len582469.region001"
"NRRL6477","6477_Z17_len582469",1,"6477_Z17__g011208","6477_Z17__g011208","complement(51881..53602)","no","6477_Z17_len582469.region001"
"NRRL6477","6477_Z17_len582469",1,"6477_Z17__g011209","6477_Z17__g011209","54201..55320","no","6477_Z17_len582469.region001"
"NRRL6477","6477_Z17_len582469",1,"6477_Z17__g011210","6477_Z17__g011210","complement(55417..56223)","no","6477_Z17_len582469.region001"
"NRRL6477","6477_Z17_len582469",1,"6477_Z17__g011211","6477_Z17__g011211","57274..58284","no","6477_Z17_len582469.region001"
"NRRL6477","6477_Z17_len582469",1,"6477_Z17__g011212","6477_Z17__g011212","59504..67231","no","6477_Z17_len582469.region001"
"NRRL6477","6477_Z17_len582469",1,"6477_Z17__g011213","6477_Z17__g011213","complement(81896..83251)","no","6477_Z17_len582469.region001"
"NRRL6477","6477_Z17_len582469",1,"6477_Z17__g011214","6477_Z17__g011214","84058..85320","no","6477_Z17_len582469.region001"
"NRRL6477","6477_Z18_len579297",1,"6477_Z18__g011385--FGSG_08320..FSPOR_10996","6477_Z18__g011385--FGSG_08320..FSPOR_10996","complement(1231..2856)","no","6477_Z18_len579297.region001"
"NRRL6477","6477_Z18_len579297",1,"6477_Z18__g011386--FGSG_13394..FSPOR_10995","6477_Z18__g011386--FGSG_13394..FSPOR_10995","5604..9349","no","6477_Z18_len579297.region001"
"NRRL6477","6477_Z18_len579297",1,"6477_Z18__g011387--FGSG_08318..FSPOR_10994","6477_Z18__g011387--FGSG_08318..FSPOR_10994","complement(9579..10760)","no","6477_Z18_len579297.region001"
"NRRL6477","6477_Z18_len579297",1,"6477_Z18__g011388--FGSG_08317..FSPOR_10993","6477_Z18__g011388--FGSG_08317..FSPOR_10993","11452..12534","no","6477_Z18_len579297.region001"
"NRRL6477","6477_Z18_len579297",1,"6477_Z18__g011389--FGSG_08316..FSPOR_10992","6477_Z18__g011389--FGSG_08316..FSPOR_10992","complement(12888..14649)","no","6477_Z18_len579297.region001"
"NRRL6477","6477_Z18_len579297",1,"6477_Z18__g011390--FGSG_08315..FSPOR_10991","6477_Z18__g011390--FGSG_08315..FSPOR_10991","complement(16020..18623)","no","6477_Z18_len579297.region001"
"NRRL6477","6477_Z18_len579297",1,"6477_Z18__g011391--FGSG_08314..FSPOR_10990","6477_Z18__g011391--FGSG_08314..FSPOR_10990","complement(19801..20710)","no","6477_Z18_len579297.region001"
"NRRL6477","6477_Z18_len579297",1,"6477_Z18__g011392--FGSG_08313..FSPOR_10989","6477_Z18__g011392--FGSG_08313..FSPOR_10989","21231..22968","no","6477_Z18_len579297.region001"
"NRRL6477","6477_Z18_len579297",2,"6477_Z18__g011463--FSPOR_6089","6477_Z18__g011463--FSPOR_6089","235..1464","no","6477_Z18_len579297.region002"
"NRRL6477","6477_Z18_len579297",2,"6477_Z18__g011464--FGSG_08230..FSPOR_6088","6477_Z18__g011464--FGSG_08230..FSPOR_6088","complement(2807..4548)","no","6477_Z18_len579297.region002"
"NRRL6477","6477_Z18_len579297",2,"6477_Z18__g011465","6477_Z18__g011465","7923..9212","no","6477_Z18_len579297.region002"
"NRRL6477","6477_Z18_len579297",2,"6477_Z18__g011466--FSPOR_6087","6477_Z18__g011466--FSPOR_6087","10540..12435","no","6477_Z18_len579297.region002"
"NRRL6477","6477_Z18_len579297",2,"6477_Z18__g011467--FSPOR_6086","6477_Z18__g011467--FSPOR_6086","13309..14165","no","6477_Z18_len579297.region002"
"NRRL6477","6477_Z18_len579297",2,"6477_Z18__g011468--FGSG_08228..FSPOR_6084","6477_Z18__g011468--FGSG_08228..FSPOR_6084","complement(17415..19128)","no","6477_Z18_len579297.region002"
"NRRL6477","6477_Z18_len579297",2,"6477_Z18__g011469--FGSG_08227..FSPOR_6083","6477_Z18__g011469--FGSG_08227..FSPOR_6083","20001..22082","no","6477_Z18_len579297.region002"
"NRRL6477","6477_Z18_len579297",2,"6477_Z18__g011470--FGSG_13418..FSPOR_6082","6477_Z18__g011470--FGSG_13418..FSPOR_6082","complement(22752..24464)","no","6477_Z18_len579297.region002"
"NRRL6477","6477_Z18_len579297",2,"6477_Z18__g011471--FSPOR_6081","6477_Z18__g011471--FSPOR_6081","26526..26897","no","6477_Z18_len579297.region002"
"NRRL6477","6477_Z18_len579297",2,"6477_Z18__g011472","6477_Z18__g011472","complement(28263..29265)","no","6477_Z18_len579297.region002"
"NRRL6477","6477_Z18_len579297",2,"6477_Z18__g011473","6477_Z18__g011473","31895..35073","no","6477_Z18_len579297.region002"
"NRRL6477","6477_Z18_len579297",2,"6477_Z18__g011474--FGSG_08221..FSPOR_6077","6477_Z18__g011474--FGSG_08221..FSPOR_6077","40322..42129","no","6477_Z18_len579297.region002"
"NRRL6477","6477_Z18_len579297",2,"6477_Z18__g011475--FSPOR_6075","6477_Z18__g011475--FSPOR_6075","complement(43257..44324)","no","6477_Z18_len579297.region002"
"NRRL6477","6477_Z18_len579297",2,"6477_Z18__g011476--FGSG_08220..FSPOR_6074","6477_Z18__g011476--FGSG_08220..FSPOR_6074","45131..45934","no","6477_Z18_len579297.region002"
"NRRL6477","6477_Z18_len579297",2,"6477_Z18__g011477--FGSG_13420..FSPOR_6073","6477_Z18__g011477--FGSG_13420..FSPOR_6073","complement(46061..46667)","no","6477_Z18_len579297.region002"
"NRRL6477","6477_Z18_len579297",2,"6477_Z18__g011478","6477_Z18__g011478","complement(47929..48355)","no","6477_Z18_len579297.region002"
"NRRL6477","6477_Z18_len579297",2,"6477_Z18__g011479--FGSG_08214..FSPOR_6072","6477_Z18__g011479--FGSG_08214..FSPOR_6072","51894..52543","no","6477_Z18_len579297.region002"
"NRRL6477","6477_Z18_len579297",2,"6477_Z18__g011480--FSPOR_6071","6477_Z18__g011480--FSPOR_6071","53551..55157","no","6477_Z18_len579297.region002"
"NRRL6477","6477_Z18_len579297",2,"6477_Z18__g011481--FGSG_08210..FSPOR_6070","6477_Z18__g011481--FGSG_08210..FSPOR_6070","57712..58262","no","6477_Z18_len579297.region002"
"NRRL6477","6477_Z18_len579297",2,"NRPS7","6477_Z18__g011482--FGSG_08209..FSPOR_6069","complement(59007..72189)","no","6477_Z18_len579297.region002"
"NRRL6477","6477_Z18_len579297",2,"PKS6","6477_Z18__g011483--FGSG_08208..FSPOR_6068","73575..81338","no","6477_Z18_len579297.region002"
"NRRL6477","6477_Z18_len579297",2,"6477_Z18__g011484--FGSG_08207..FSPOR_6067","6477_Z18__g011484--FGSG_08207..FSPOR_6067","82488..84237","no","6477_Z18_len579297.region002"
"NRRL6477","6477_Z18_len579297",2,"6477_Z18__g011485--FGSG_08206..FSPOR_6066","6477_Z18__g011485--FGSG_08206..FSPOR_6066","complement(84518..84896)","no","6477_Z18_len579297.region002"
"NRRL6477","6477_Z18_len579297",2,"6477_Z18__g011486--FGSG_08205..FSPOR_6065","6477_Z18__g011486--FGSG_08205..FSPOR_6065","86542..87876","no","6477_Z18_len579297.region002"
"NRRL6477","6477_Z18_len579297",2,"6477_Z18__g011487--FGSG_08204..FSPOR_6064","6477_Z18__g011487--FGSG_08204..FSPOR_6064","complement(88410..89641)","no","6477_Z18_len579297.region002"
"NRRL6477","6477_Z18_len579297",2,"6477_Z18__g011488--FGSG_08203..FSPOR_6063","6477_Z18__g011488--FGSG_08203..FSPOR_6063","complement(91418..93092)","no","6477_Z18_len579297.region002"
"NRRL6477","6477_Z18_len579297",2,"6477_Z18__g011489","6477_Z18__g011489","complement(94542..98101)","no","6477_Z18_len579297.region002"
"NRRL6477","6477_Z18_len579297",2,"6477_Z18__g011490--FGSG_00021..FSPOR_11794","6477_Z18__g011490--FGSG_00021..FSPOR_11794","complement(98376..99398)","no","6477_Z18_len579297.region002"
"NRRL6477","6477_Z18_len579297",3,"6477_Z18__g011495--FGSG_08192..FSPOR_6058","6477_Z18__g011495--FGSG_08192..FSPOR_6058","885..1995","no","6477_Z18_len579297.region003"
"NRRL6477","6477_Z18_len579297",3,"6477_Z18__g011496","6477_Z18__g011496","complement(2078..2512)","no","6477_Z18_len579297.region003"
"NRRL6477","6477_Z18_len579297",3,"6477_Z18__g011497--FGSG_08190..FSPOR_6056","6477_Z18__g011497--FGSG_08190..FSPOR_6056","4366..5359","no","6477_Z18_len579297.region003"
"NRRL6477","6477_Z18_len579297",3,"6477_Z18__g011498--FGSG_13428..FSPOR_6054","6477_Z18__g011498--FGSG_13428..FSPOR_6054","complement(10567..12012)","no","6477_Z18_len579297.region003"
"NRRL6477","6477_Z18_len579297",3,"6477_Z18__g011499--FGSG_08188..FSPOR_6053","6477_Z18__g011499--FGSG_08188..FSPOR_6053","complement(15219..18568)","no","6477_Z18_len579297.region003"
"NRRL6477","6477_Z18_len579297",3,"6477_Z18__g011500--FGSG_08187..FSPOR_6052","6477_Z18__g011500--FGSG_08187..FSPOR_6052","19674..21469","no","6477_Z18_len579297.region003"
"NRRL6477","6477_Z18_len579297",3,"6477_Z18__g011501--FGSG_08186..FSPOR_6051","6477_Z18__g011501--FGSG_08186..FSPOR_6051","22425..24309","no","6477_Z18_len579297.region003"
"NRRL6477","6477_Z18_len579297",3,"6477_Z18__g011502--FGSG_08185..FSPOR_6050","6477_Z18__g011502--FGSG_08185..FSPOR_6050","complement(25001..26462)","no","6477_Z18_len579297.region003"
"NRRL6477","6477_Z18_len579297",3,"6477_Z18__g011503--FGSG_08184..FSPOR_6049","6477_Z18__g011503--FGSG_08184..FSPOR_6049","complement(27433..31594)","no","6477_Z18_len579297.region003"
"NRRL6477","6477_Z18_len579297",3,"6477_Z18__g011504--FGSG_08183..FSPOR_6048","6477_Z18__g011504--FGSG_08183..FSPOR_6048","complement(32673..34636)","no","6477_Z18_len579297.region003"
"NRRL6477","6477_Z18_len579297",3,"6477_Z18__g011505--FGSG_08182..FSPOR_6047","6477_Z18__g011505--FGSG_08182..FSPOR_6047","complement(35519..36538)","no","6477_Z18_len579297.region003"
"NRRL6477","6477_Z18_len579297",3,"6477_Z18__g011506--FGSG_08181..FSPOR_6046","6477_Z18__g011506--FGSG_08181..FSPOR_6046","38518..39782","no","6477_Z18_len579297.region003"
"NRRL6477","6477_Z18_len579297",3,"6477_Z18__g011507","6477_Z18__g011507","complement(40073..40489)","no","6477_Z18_len579297.region003"
"NRRL6477","6477_Z18_len579297",3,"6477_Z18__g011508--FGSG_08175..FSPOR_6045","6477_Z18__g011508--FGSG_08175..FSPOR_6045","complement(40879..42372)","no","6477_Z18_len579297.region003"
"NRRL6477","6477_Z18_len579297",3,"6477_Z18__g011509--FSPOR_6044","6477_Z18__g011509--FSPOR_6044","45288..46951","no","6477_Z18_len579297.region003"
"NRRL6477","6477_Z18_len579297",3,"6477_Z18__g011510--FGSG_08174..FSPOR_4192","6477_Z18__g011510--FGSG_08174..FSPOR_4192","48037..49069","no","6477_Z18_len579297.region003"
"NRRL6477","6477_Z18_len579297",3,"6477_Z18__g011511--FGSG_08173..FSPOR_4191","6477_Z18__g011511--FGSG_08173..FSPOR_4191","complement(49695..51540)","no","6477_Z18_len579297.region003"
"NRRL6477","6477_Z18_len579297",3,"6477_Z18__g011512--FGSG_08172..FSPOR_4190","6477_Z18__g011512--FGSG_08172..FSPOR_4190","complement(52388..52844)","no","6477_Z18_len579297.region003"
"NRRL6477","6477_Z18_len579297",3,"6477_Z18__g011513","6477_Z18__g011513","56323..56409","yes","6477_Z18_len579297.region003"
"NRRL6477","6477_Z2_len4026043",1,"6477_Z2__g002658--FGSG_00455..FSPOR_10177","6477_Z2__g002658--FGSG_00455..FSPOR_10177","3077..4093","no","6477_Z2_len4026043.region001"
"NRRL6477","6477_Z2_len4026043",1,"6477_Z2__g002659--FGSG_00454..FSPOR_10178","6477_Z2__g002659--FGSG_00454..FSPOR_10178","4973..6399","no","6477_Z2_len4026043.region001"
"NRRL6477","6477_Z2_len4026043",1,"6477_Z2__g002660--FGSG_00453..FSPOR_10179","6477_Z2__g002660--FGSG_00453..FSPOR_10179","complement(6927..7626)","no","6477_Z2_len4026043.region001"
"NRRL6477","6477_Z2_len4026043",1,"6477_Z2__g002661--FGSG_00452..FSPOR_10180","6477_Z2__g002661--FGSG_00452..FSPOR_10180","9132..9878","no","6477_Z2_len4026043.region001"
"NRRL6477","6477_Z2_len4026043",1,"6477_Z2__g002662--FGSG_00451..FSPOR_10181","6477_Z2__g002662--FGSG_00451..FSPOR_10181","complement(10001..10936)","no","6477_Z2_len4026043.region001"
"NRRL6477","6477_Z2_len4026043",1,"6477_Z2__g002663--FGSG_00450..FSPOR_10182","6477_Z2__g002663--FGSG_00450..FSPOR_10182","complement(12541..13461)","no","6477_Z2_len4026043.region001"
"NRRL6477","6477_Z2_len4026043",1,"PWP1","6477_Z2__g002664--FGSG_00449..FSPOR_10183","complement(16654..18340)","no","6477_Z2_len4026043.region001"
"NRRL6477","6477_Z2_len4026043",2,"6477_Z2__g003026--FSPOR_6970","6477_Z2__g003026--FSPOR_6970","982..3561","no","6477_Z2_len4026043.region002"
"NRRL6477","6477_Z2_len4026043",2,"6477_Z2__g003027--FSPOR_8882","6477_Z2__g003027--FSPOR_8882","complement(4291..5460)","no","6477_Z2_len4026043.region002"
"NRRL6477","6477_Z2_len4026043",2,"6477_Z2__g003028--FSPOR_8884","6477_Z2__g003028--FSPOR_8884","10323..11875","no","6477_Z2_len4026043.region002"
"NRRL6477","6477_Z2_len4026043",2,"6477_Z2__g003029--FSPOR_8885","6477_Z2__g003029--FSPOR_8885","complement(11980..13058)","no","6477_Z2_len4026043.region002"
"NRRL6477","6477_Z2_len4026043",2,"6477_Z2__g003030--FSPOR_8886","6477_Z2__g003030--FSPOR_8886","complement(14789..17266)","no","6477_Z2_len4026043.region002"
"NRRL6477","6477_Z2_len4026043",2,"6477_Z2__g003031--FSPOR_8887","6477_Z2__g003031--FSPOR_8887","20001..22166","no","6477_Z2_len4026043.region002"
"NRRL6477","6477_Z2_len4026043",2,"6477_Z2__g003032--FSPOR_8888","6477_Z2__g003032--FSPOR_8888","complement(22800..23378)","no","6477_Z2_len4026043.region002"
"NRRL6477","6477_Z2_len4026043",2,"6477_Z2__g003033","6477_Z2__g003033","27988..29064","no","6477_Z2_len4026043.region002"
"NRRL6477","6477_Z2_len4026043",2,"6477_Z2__g003034","6477_Z2__g003034","34018..34651","no","6477_Z2_len4026043.region002"
"NRRL6477","6477_Z2_len4026043",2,"6477_Z2__g003035--FGSG_00031..FSPOR_8893","6477_Z2__g003035--FGSG_00031..FSPOR_8893","complement(36801..40972)","no","6477_Z2_len4026043.region002"
"NRRL6477","6477_Z21_len264541",1,"6477_Z21__g011832--FGSG_01781..FSPOR_2683","6477_Z21__g011832--FGSG_01781..FSPOR_2683","1254..2516","no","6477_Z21_len264541.region001"
"NRRL6477","6477_Z21_len264541",1,"6477_Z21__g011833","6477_Z21__g011833","2590..3498","no","6477_Z21_len264541.region001"
"NRRL6477","6477_Z21_len264541",1,"6477_Z21__g011834--FGSG_01782..FSPOR_2682","6477_Z21__g011834--FGSG_01782..FSPOR_2682","complement(3673..4209)","no","6477_Z21_len264541.region001"
"NRRL6477","6477_Z21_len264541",1,"6477_Z21__g011835--FGSG_01784..FSPOR_2680","6477_Z21__g011835--FGSG_01784..FSPOR_2680","6470..7654","no","6477_Z21_len264541.region001"
"NRRL6477","6477_Z21_len264541",1,"6477_Z21__g011836--FGSG_01785..FSPOR_2679","6477_Z21__g011836--FGSG_01785..FSPOR_2679","8417..9802","no","6477_Z21_len264541.region001"
"NRRL6477","6477_Z21_len264541",1,"6477_Z21__g011837--FGSG_01786..FSPOR_2678","6477_Z21__g011837--FGSG_01786..FSPOR_2678","10420..12323","no","6477_Z21_len264541.region001"
"NRRL6477","6477_Z21_len264541",1,"6477_Z21__g011838--FGSG_01787..FSPOR_2677","6477_Z21__g011838--FGSG_01787..FSPOR_2677","complement(12640..13443)","no","6477_Z21_len264541.region001"
"NRRL6477","6477_Z21_len264541",1,"6477_Z21__g011839","6477_Z21__g011839","complement(14379..14741)","no","6477_Z21_len264541.region001"
"NRRL6477","6477_Z21_len264541",1,"6477_Z21__g011840--FGSG_01789..FSPOR_2676","6477_Z21__g011840--FGSG_01789..FSPOR_2676","17163..19391","no","6477_Z21_len264541.region001"
"NRRL6477","6477_Z21_len264541",1,"6477_Z21__g011841--FGSG_01790..FSPOR_2675","6477_Z21__g011841--FGSG_01790..FSPOR_2675","20001..23992","no","6477_Z21_len264541.region001"
"NRRL6477","6477_Z21_len264541",1,"6477_Z21__g011842","6477_Z21__g011842","23996..27595","no","6477_Z21_len264541.region001"
"NRRL6477","6477_Z21_len264541",1,"6477_Z21__g011843--FGSG_01791..FSPOR_2674","6477_Z21__g011843--FGSG_01791..FSPOR_2674","28285..29677","no","6477_Z21_len264541.region001"
"NRRL6477","6477_Z21_len264541",1,"6477_Z21__g011844--FGSG_01792..FSPOR_2673","6477_Z21__g011844--FGSG_01792..FSPOR_2673","complement(30360..32129)","no","6477_Z21_len264541.region001"
"NRRL6477","6477_Z21_len264541",1,"6477_Z21__g011845--FGSG_01793..FSPOR_2672","6477_Z21__g011845--FGSG_01793..FSPOR_2672","32540..33179","no","6477_Z21_len264541.region001"
"NRRL6477","6477_Z21_len264541",1,"6477_Z21__g011846--FGSG_01794..FSPOR_2671","6477_Z21__g011846--FGSG_01794..FSPOR_2671","34261..35327","no","6477_Z21_len264541.region001"
"NRRL6477","6477_Z21_len264541",1,"6477_Z21__g011847--FGSG_01796..FSPOR_2669","6477_Z21__g011847--FGSG_01796..FSPOR_2669","38579..39283","no","6477_Z21_len264541.region001"
"NRRL6477","6477_Z21_len264541",1,"6477_Z21__g011848--FGSG_01797..FSPOR_2668","6477_Z21__g011848--FGSG_01797..FSPOR_2668","complement(39818..41262)","no","6477_Z21_len264541.region001"
"NRRL6477","6477_Z21_len264541",1,"6477_Z21__g011849--FGSG_01798..FSPOR_2667","6477_Z21__g011849--FGSG_01798..FSPOR_2667","complement(41841..42614)","no","6477_Z21_len264541.region001"
"NRRL6477","6477_Z23_len236378",1,"6477_Z23__g011975--FGSG_08386..FSPOR_3518","6477_Z23__g011975--FGSG_08386..FSPOR_3518","complement(106..1169)","no","6477_Z23_len236378.region001"
"NRRL6477","6477_Z23_len236378",1,"6477_Z23__g011976--FGSG_08385..FSPOR_3519","6477_Z23__g011976--FGSG_08385..FSPOR_3519","1837..3960","no","6477_Z23_len236378.region001"
"NRRL6477","6477_Z23_len236378",1,"6477_Z23__g011977--FGSG_08384..FSPOR_3520","6477_Z23__g011977--FGSG_08384..FSPOR_3520","complement(4298..6079)","no","6477_Z23_len236378.region001"
"NRRL6477","6477_Z23_len236378",1,"6477_Z23__g011978--FGSG_08383..FSPOR_3521","6477_Z23__g011978--FGSG_08383..FSPOR_3521","8229..9184","no","6477_Z23_len236378.region001"
"NRRL6477","6477_Z23_len236378",1,"6477_Z23__g011979--FGSG_08382..FSPOR_3522","6477_Z23__g011979--FGSG_08382..FSPOR_3522","complement(9544..10645)","no","6477_Z23_len236378.region001"
"NRRL6477","6477_Z23_len236378",1,"BFR2","6477_Z23__g011980--FGSG_08381..FSPOR_3523","11030..12706","no","6477_Z23_len236378.region001"
"NRRL6477","6477_Z23_len236378",1,"6477_Z23__g011981--FGSG_08380..FSPOR_3525","6477_Z23__g011981--FGSG_08380..FSPOR_3525","complement(13634..16535)","no","6477_Z23_len236378.region001"
"NRRL6477","6477_Z23_len236378",1,"6477_Z23__g011982--FGSG_08378..FSPOR_3526","6477_Z23__g011982--FGSG_08378..FSPOR_3526","complement(20001..21479)","no","6477_Z23_len236378.region001"
"NRRL6477","6477_Z23_len236378",1,"6477_Z23__g011983--FGSG_08377..FSPOR_3527","6477_Z23__g011983--FGSG_08377..FSPOR_3527","22916..24411","no","6477_Z23_len236378.region001"
"NRRL6477","6477_Z23_len236378",1,"6477_Z23__g011984--FGSG_08376..FSPOR_3528","6477_Z23__g011984--FGSG_08376..FSPOR_3528","complement(24481..25941)","no","6477_Z23_len236378.region001"
"NRRL6477","6477_Z23_len236378",1,"MIC33_2","6477_Z23__g011985--FGSG_08375..FSPOR_3529","31084..32116","no","6477_Z23_len236378.region001"
"NRRL6477","6477_Z23_len236378",1,"6477_Z23__g011986","6477_Z23__g011986","32648..32729","yes","6477_Z23_len236378.region001"
"NRRL6477","6477_Z23_len236378",1,"6477_Z23__g011987--FSPOR_3530","6477_Z23__g011987--FSPOR_3530","complement(33745..34158)","no","6477_Z23_len236378.region001"
"NRRL6477","6477_Z23_len236378",1,"6477_Z23__g011988","6477_Z23__g011988","complement(34760..34841)","yes","6477_Z23_len236378.region001"
"NRRL6477","6477_Z23_len236378",1,"6477_Z23__g011989--FGSG_08374..FSPOR_3531","6477_Z23__g011989--FGSG_08374..FSPOR_3531","complement(35132..35917)","no","6477_Z23_len236378.region001"
"NRRL6477","6477_Z3_len3101840",1,"6477_Z3__g003308--FGSG_07670..FSPOR_1778","6477_Z3__g003308--FGSG_07670..FSPOR_1778","complement(1023..1857)","no","6477_Z3_len3101840.region001"
"NRRL6477","6477_Z3_len3101840",1,"6477_Z3__g003309--FGSG_07671..FSPOR_1777","6477_Z3__g003309--FGSG_07671..FSPOR_1777","complement(2382..3761)","no","6477_Z3_len3101840.region001"
"NRRL6477","6477_Z3_len3101840",1,"6477_Z3__g003310--FGSG_07672..FSPOR_1776","6477_Z3__g003310--FGSG_07672..FSPOR_1776","complement(7610..9001)","no","6477_Z3_len3101840.region001"
"NRRL6477","6477_Z3_len3101840",1,"6477_Z3__g003311--FGSG_07673..FSPOR_1775","6477_Z3__g003311--FGSG_07673..FSPOR_1775","10001..11023","no","6477_Z3_len3101840.region001"
"NRRL6477","6477_Z3_len3101840",1,"6477_Z3__g003312","6477_Z3__g003312","12174..12964","no","6477_Z3_len3101840.region001"
"NRRL6477","6477_Z3_len3101840",1,"6477_Z3__g003313--FGSG_13181..FSPOR_1773","6477_Z3__g003313--FGSG_13181..FSPOR_1773","14307..14900","no","6477_Z3_len3101840.region001"
"NRRL6477","6477_Z3_len3101840",1,"6477_Z3__g003314--FGSG_13182..FSPOR_1772","6477_Z3__g003314--FGSG_13182..FSPOR_1772","complement(15131..15709)","no","6477_Z3_len3101840.region001"
"NRRL6477","6477_Z3_len3101840",1,"6477_Z3__g003315--FSPOR_1771","6477_Z3__g003315--FSPOR_1771","complement(16322..16834)","no","6477_Z3_len3101840.region001"
"NRRL6477","6477_Z3_len3101840",1,"6477_Z3__g003316--FGSG_07676..FSPOR_1770","6477_Z3__g003316--FGSG_07676..FSPOR_1770","17539..17976","no","6477_Z3_len3101840.region001"
"NRRL6477","6477_Z3_len3101840",1,"6477_Z3__g003317--FGSG_13184..FSPOR_1769","6477_Z3__g003317--FGSG_13184..FSPOR_1769","complement(18290..19273)","no","6477_Z3_len3101840.region001"
"NRRL6477","6477_Z3_len3101840",2,"6477_Z3__g003368--FSPOR_1720","6477_Z3__g003368--FSPOR_1720","738..1101","no","6477_Z3_len3101840.region002"
"NRRL6477","6477_Z3_len3101840",2,"6477_Z3__g003369--FGSG_13202..FSPOR_1719","6477_Z3__g003369--FGSG_13202..FSPOR_1719","3496..4470","no","6477_Z3_len3101840.region002"
"NRRL6477","6477_Z3_len3101840",2,"6477_Z3__g003370--FGSG_07728..FSPOR_1718","6477_Z3__g003370--FGSG_07728..FSPOR_1718","5035..5743","no","6477_Z3_len3101840.region002"
"NRRL6477","6477_Z3_len3101840",2,"6477_Z3__g003371--FGSG_07756..FSPOR_1717","6477_Z3__g003371--FGSG_07756..FSPOR_1717","9976..11592","no","6477_Z3_len3101840.region002"
"NRRL6477","6477_Z3_len3101840",2,"6477_Z3__g003372--FGSG_07757..FSPOR_1716","6477_Z3__g003372--FGSG_07757..FSPOR_1716","complement(11766..13094)","no","6477_Z3_len3101840.region002"
"NRRL6477","6477_Z3_len3101840",2,"PAN5","6477_Z3__g003373--FSPOR_1715","complement(16990..18339)","no","6477_Z3_len3101840.region002"
"NRRL6477","6477_Z3_len3101840",2,"BEA1","6477_Z3__g003374--FSPOR_1714","20001..29396","no","6477_Z3_len3101840.region002"
"NRRL6477","6477_Z3_len3101840",2,"6477_Z3__g003375--FGSG_07758..FSPOR_1713","6477_Z3__g003375--FGSG_07758..FSPOR_1713","29966..31084","no","6477_Z3_len3101840.region002"
"NRRL6477","6477_Z3_len3101840",2,"6477_Z3__g003376","6477_Z3__g003376","32352..35925","no","6477_Z3_len3101840.region002"
"NRRL6477","6477_Z3_len3101840",2,"6477_Z3__g003377","6477_Z3__g003377","36838..37278","no","6477_Z3_len3101840.region002"
"NRRL6477","6477_Z3_len3101840",2,"6477_Z3__g003378--FGSG_07760..FSPOR_1711","6477_Z3__g003378--FGSG_07760..FSPOR_1711","complement(39774..40560)","no","6477_Z3_len3101840.region002"
"NRRL6477","6477_Z3_len3101840",2,"6477_Z3__g003379--FSPOR_1710","6477_Z3__g003379--FSPOR_1710","41381..42133","no","6477_Z3_len3101840.region002"
"NRRL6477","6477_Z3_len3101840",2,"6477_Z3__g003380--FGSG_02302..FSPOR_1709","6477_Z3__g003380--FGSG_02302..FSPOR_1709","complement(42636..43784)","no","6477_Z3_len3101840.region002"
"NRRL6477","6477_Z3_len3101840",2,"6477_Z3__g003381--FSPOR_1708","6477_Z3__g003381--FSPOR_1708","45390..47699","no","6477_Z3_len3101840.region002"
"NRRL6477","6477_Z3_len3101840",3,"6477_Z3__g003416--FGSG_10445..FSPOR_1675","6477_Z3__g003416--FGSG_10445..FSPOR_1675","535..2928","no","6477_Z3_len3101840.region003"
"NRRL6477","6477_Z3_len3101840",3,"6477_Z3__g003417","6477_Z3__g003417","complement(4077..4633)","no","6477_Z3_len3101840.region003"
"NRRL6477","6477_Z3_len3101840",3,"6477_Z3__g003418","6477_Z3__g003418","5366..7051","no","6477_Z3_len3101840.region003"
"NRRL6477","6477_Z3_len3101840",3,"6477_Z3__g003419--FGSG_07792..FSPOR_1674","6477_Z3__g003419--FGSG_07792..FSPOR_1674","complement(7470..8587)","no","6477_Z3_len3101840.region003"
"NRRL6477","6477_Z3_len3101840",3,"6477_Z3__g003420--FGSG_07793..FSPOR_1673","6477_Z3__g003420--FGSG_07793..FSPOR_1673","10468..11523","no","6477_Z3_len3101840.region003"
"NRRL6477","6477_Z3_len3101840",3,"6477_Z3__g003421--FGSG_07794..FSPOR_1672","6477_Z3__g003421--FGSG_07794..FSPOR_1672","13695..14863","no","6477_Z3_len3101840.region003"
"NRRL6477","6477_Z3_len3101840",3,"6477_Z3__g003422--FGSG_07797..FSPOR_1670","6477_Z3__g003422--FGSG_07797..FSPOR_1670","complement(16598..17902)","no","6477_Z3_len3101840.region003"
"NRRL6477","6477_Z3_len3101840",3,"FUS1","6477_Z3__g003423--FGSG_07798..FSPOR_1668","complement(20001..31846)","no","6477_Z3_len3101840.region003"
"NRRL6477","6477_Z3_len3101840",3,"FUS2","6477_Z3__g003424--FGSG_13222..FSPOR_1667","32442..33701","no","6477_Z3_len3101840.region003"
"NRRL6477","6477_Z3_len3101840",3,"FUS3","6477_Z3__g003425--FGSG_13223..FSPOR_1666","34546..35267","no","6477_Z3_len3101840.region003"
"NRRL6477","6477_Z3_len3101840",3,"FUS4","6477_Z3__g003426--FGSG_07800..FSPOR_1665","complement(35469..36782)","no","6477_Z3_len3101840.region003"
"NRRL6477","6477_Z3_len3101840",3,"FUS5","6477_Z3__g003427--FGSG_07801..FSPOR_1664","37617..38318","no","6477_Z3_len3101840.region003"
"NRRL6477","6477_Z3_len3101840",3,"FUS6","6477_Z3__g003428--FGSG_07802..FSPOR_1663","39932..41611","no","6477_Z3_len3101840.region003"
"NRRL6477","6477_Z3_len3101840",3,"FUS7","6477_Z3__g003429--FGSG_07803..FSPOR_1662","41948..43789","no","6477_Z3_len3101840.region003"
"NRRL6477","6477_Z3_len3101840",3,"FUS8","6477_Z3__g003430--FGSG_07804..FSPOR_1661","44466..46124","no","6477_Z3_len3101840.region003"
"NRRL6477","6477_Z3_len3101840",3,"FUS9","6477_Z3__g003431--FGSG_07805..FSPOR_1660","46525..47640","no","6477_Z3_len3101840.region003"
"NRRL6477","6477_Z3_len3101840",3,"6477_Z3__g003432--FGSG_13224..FSPOR_1659","6477_Z3__g003432--FGSG_13224..FSPOR_1659","47955..50192","no","6477_Z3_len3101840.region003"
"NRRL6477","6477_Z3_len3101840",4,"6477_Z3__g004023--FGSG_07072..FSPOR_9618","6477_Z3__g004023--FGSG_07072..FSPOR_9618","1854..2424","no","6477_Z3_len3101840.region004"
"NRRL6477","6477_Z3_len3101840",4,"6477_Z3__g004024--FGSG_07071..FSPOR_9617","6477_Z3__g004024--FGSG_07071..FSPOR_9617","4843..6219","no","6477_Z3_len3101840.region004"
"NRRL6477","6477_Z3_len3101840",4,"6477_Z3__g004025--FGSG_07070..FSPOR_9616","6477_Z3__g004025--FGSG_07070..FSPOR_9616","complement(6993..8229)","no","6477_Z3_len3101840.region004"
"NRRL6477","6477_Z3_len3101840",4,"6477_Z3__g004026--FGSG_07069..FSPOR_9615","6477_Z3__g004026--FGSG_07069..FSPOR_9615","9035..9989","no","6477_Z3_len3101840.region004"
"NRRL6477","6477_Z3_len3101840",4,"6477_Z3__g004027--FGSG_07068..FSPOR_9614","6477_Z3__g004027--FGSG_07068..FSPOR_9614","complement(11441..14076)","no","6477_Z3_len3101840.region004"
"NRRL6477","6477_Z3_len3101840",4,"UME6","6477_Z3__g004028--FGSG_07067..FSPOR_9613","24998..27125","no","6477_Z3_len3101840.region004"
"NRRL6477","6477_Z3_len3101840",4,"6477_Z3__g004029--FGSG_07066..FSPOR_9612","6477_Z3__g004029--FGSG_07066..FSPOR_9612","30001..30941","no","6477_Z3_len3101840.region004"
"NRRL6477","6477_Z3_len3101840",4,"6477_Z3__g004030--FGSG_07065..FSPOR_9611","6477_Z3__g004030--FGSG_07065..FSPOR_9611","31981..33267","no","6477_Z3_len3101840.region004"
"NRRL6477","6477_Z3_len3101840",4,"6477_Z3__g004031--FGSG_07064..FSPOR_9610","6477_Z3__g004031--FGSG_07064..FSPOR_9610","complement(34072..37834)","no","6477_Z3_len3101840.region004"
"NRRL6477","6477_Z3_len3101840",4,"6477_Z3__g004032","6477_Z3__g004032","43137..43645","no","6477_Z3_len3101840.region004"
"NRRL6477","6477_Z3_len3101840",4,"6477_Z3__g004033--FGSG_07063..FSPOR_9609","6477_Z3__g004033--FGSG_07063..FSPOR_9609","complement(43705..44628)","no","6477_Z3_len3101840.region004"
"NRRL6477","6477_Z3_len3101840",4,"ERD1","6477_Z3__g004034--FGSG_07062..FSPOR_9608","46875..47747","no","6477_Z3_len3101840.region004"
"NRRL6477","6477_Z3_len3101840",4,"6477_Z3__g004035--FGSG_07061..FSPOR_9607","6477_Z3__g004035--FGSG_07061..FSPOR_9607","49121..50455","no","6477_Z3_len3101840.region004"
"NRRL6477","6477_Z3_len3101840",4,"PCD1","6477_Z3__g004036--FGSG_07060..FSPOR_9606","51079..52386","no","6477_Z3_len3101840.region004"
"NRRL6477","6477_Z3_len3101840",4,"CTR2","6477_Z3__g004037--FGSG_07059..FSPOR_9605","complement(52969..53620)","no","6477_Z3_len3101840.region004"
"NRRL6477","6477_Z3_len3101840",4,"BNA1","6477_Z3__g004038--FGSG_07058..FSPOR_9604","54299..54987","no","6477_Z3_len3101840.region004"
"NRRL6477","6477_Z3_len3101840",4,"6477_Z3__g004039--FGSG_07057..FSPOR_9603","6477_Z3__g004039--FGSG_07057..FSPOR_9603","complement(55059..55905)","no","6477_Z3_len3101840.region004"
"NRRL6477","6477_Z3_len3101840",4,"6477_Z3__g004040--FGSG_07056..FSPOR_9602","6477_Z3__g004040--FGSG_07056..FSPOR_9602","57313..58566","no","6477_Z3_len3101840.region004"
"NRRL6477","6477_Z4_len2618018",1,"BYE1","6477_Z4__g004132--FGSG_05364..FSPOR_363","complement(1160..3831)","no","6477_Z4_len2618018.region001"
"NRRL6477","6477_Z4_len2618018",1,"PRE9","6477_Z4__g004133--FGSG_05365..FSPOR_362","5077..6026","no","6477_Z4_len2618018.region001"
"NRRL6477","6477_Z4_len2618018",1,"6477_Z4__g004134--FGSG_05366..FSPOR_361","6477_Z4__g004134--FGSG_05366..FSPOR_361","complement(6275..7328)","no","6477_Z4_len2618018.region001"
"NRRL6477","6477_Z4_len2618018",1,"6477_Z4__g004135--FGSG_05367..FSPOR_360","6477_Z4__g004135--FGSG_05367..FSPOR_360","8284..9996","no","6477_Z4_len2618018.region001"
"NRRL6477","6477_Z4_len2618018",1,"6477_Z4__g004136--FGSG_05368..FSPOR_359","6477_Z4__g004136--FGSG_05368..FSPOR_359","complement(10102..11892)","no","6477_Z4_len2618018.region001"
"NRRL6477","6477_Z4_len2618018",1,"6477_Z4__g004137--FGSG_05369..FSPOR_358","6477_Z4__g004137--FGSG_05369..FSPOR_358","complement(14118..14822)","no","6477_Z4_len2618018.region001"
"NRRL6477","6477_Z4_len2618018",1,"6477_Z4__g004138--FGSG_05370..FSPOR_357","6477_Z4__g004138--FGSG_05370..FSPOR_357","complement(15356..18209)","no","6477_Z4_len2618018.region001"
"NRRL6477","6477_Z4_len2618018",1,"SID1","6477_Z4__g004139--FGSG_05371..FSPOR_356","complement(20001..21726)","no","6477_Z4_len2618018.region001"
"NRRL6477","6477_Z4_len2618018",1,"NPS2","6477_Z4__g004140--FGSG_05372..FSPOR_355","29409..44043","no","6477_Z4_len2618018.region001"
"NRRL6477","6477_Z4_len2618018",1,"6477_Z4__g004141--FGSG_05373..FSPOR_354","6477_Z4__g004141--FGSG_05373..FSPOR_354","complement(44360..46873)","no","6477_Z4_len2618018.region001"
"NRRL6477","6477_Z4_len2618018",1,"6477_Z4__g004142--FGSG_05374..FSPOR_353","6477_Z4__g004142--FGSG_05374..FSPOR_353","complement(48308..49939)","no","6477_Z4_len2618018.region001"
"NRRL6477","6477_Z4_len2618018",1,"6477_Z4__g004143--FGSG_05375..FSPOR_352","6477_Z4__g004143--FGSG_05375..FSPOR_352","52829..54358","no","6477_Z4_len2618018.region001"
"NRRL6477","6477_Z4_len2618018",1,"TFC4","6477_Z4__g004144--FGSG_05376..FSPOR_351","complement(54807..57924)","no","6477_Z4_len2618018.region001"
"NRRL6477","6477_Z4_len2618018",1,"VTS1","6477_Z4__g004145--FGSG_05377..FSPOR_350","complement(58688..60644)","no","6477_Z4_len2618018.region001"
"NRRL6477","6477_Z4_len2618018",1,"rpl29","6477_Z4__g004146","complement(62016..62392)","no","6477_Z4_len2618018.region001"
"NRRL6477","6477_Z4_len2618018",2,"6477_Z4__g004569--FGSG_12813..FSPOR_5052","6477_Z4__g004569--FGSG_12813..FSPOR_5052","complement(2694..5170)","no","6477_Z4_len2618018.region002"
"NRRL6477","6477_Z4_len2618018",2,"6477_Z4__g004570--FGSG_12814..FSPOR_5051","6477_Z4__g004570--FGSG_12814..FSPOR_5051","complement(5712..7058)","no","6477_Z4_len2618018.region002"
"NRRL6477","6477_Z4_len2618018",2,"6477_Z4__g004571--FGSG_05790..FSPOR_5048","6477_Z4__g004571--FGSG_05790..FSPOR_5048","12543..13271","no","6477_Z4_len2618018.region002"
"NRRL6477","6477_Z4_len2618018",2,"6477_Z4__g004572--FGSG_05791..FSPOR_5047","6477_Z4__g004572--FGSG_05791..FSPOR_5047","14037..15541","no","6477_Z4_len2618018.region002"
"NRRL6477","6477_Z4_len2618018",2,"6477_Z4__g004573--FGSG_05792..FSPOR_5046","6477_Z4__g004573--FGSG_05792..FSPOR_5046","complement(15730..17075)","no","6477_Z4_len2618018.region002"
"NRRL6477","6477_Z4_len2618018",2,"6477_Z4__g004574--FGSG_05793..FSPOR_5045","6477_Z4__g004574--FGSG_05793..FSPOR_5045","18519..19774","no","6477_Z4_len2618018.region002"
"NRRL6477","6477_Z4_len2618018",2,"6477_Z4__g004575--FGSG_05794..FSPOR_5044","6477_Z4__g004575--FGSG_05794..FSPOR_5044","complement(20001..30044)","no","6477_Z4_len2618018.region002"
"NRRL6477","6477_Z4_len2618018",2,"6477_Z4__g004576--FGSG_05795..FSPOR_5043","6477_Z4__g004576--FGSG_05795..FSPOR_5043","complement(30682..32241)","no","6477_Z4_len2618018.region002"
"NRRL6477","6477_Z4_len2618018",2,"6477_Z4__g004577--FGSG_05796..FSPOR_5042","6477_Z4__g004577--FGSG_05796..FSPOR_5042","complement(32662..33819)","no","6477_Z4_len2618018.region002"
"NRRL6477","6477_Z4_len2618018",2,"6477_Z4__g004578--FGSG_05797..FSPOR_5041","6477_Z4__g004578--FGSG_05797..FSPOR_5041","36199..38049","no","6477_Z4_len2618018.region002"
"NRRL6477","6477_Z4_len2618018",2,"6477_Z4__g004579--FGSG_05798..FSPOR_5040","6477_Z4__g004579--FGSG_05798..FSPOR_5040","complement(38455..40068)","no","6477_Z4_len2618018.region002"
"NRRL6477","6477_Z4_len2618018",2,"6477_Z4__g004580","6477_Z4__g004580","complement(40912..41223)","no","6477_Z4_len2618018.region002"
"NRRL6477","6477_Z4_len2618018",2,"6477_Z4__g004581--FGSG_05799..FSPOR_5039","6477_Z4__g004581--FGSG_05799..FSPOR_5039","complement(42138..42957)","no","6477_Z4_len2618018.region002"
"NRRL6477","6477_Z4_len2618018",2,"6477_Z4__g004582--FGSG_05800..FSPOR_5038","6477_Z4__g004582--FGSG_05800..FSPOR_5038","complement(43400..45799)","no","6477_Z4_len2618018.region002"
"NRRL6477","6477_Z4_len2618018",2,"6477_Z4__g004583--FGSG_05801..FSPOR_5037","6477_Z4__g004583--FGSG_05801..FSPOR_5037","46463..48107","no","6477_Z4_len2618018.region002"
"NRRL6477","6477_Z4_len2618018",3,"GAS4","6477_Z4__g004817--FGSG_06037..FSPOR_9250","4194..5820","no","6477_Z4_len2618018.region003"
"NRRL6477","6477_Z4_len2618018",3,"6477_Z4__g004818--FGSG_06038..FSPOR_9249","6477_Z4__g004818--FGSG_06038..FSPOR_9249","complement(6206..6592)","no","6477_Z4_len2618018.region003"
"NRRL6477","6477_Z4_len2618018",3,"acl2_2","6477_Z4__g004819--FGSG_06039..FSPOR_9248","complement(7993..9830)","no","6477_Z4_len2618018.region003"
"NRRL6477","6477_Z4_len2618018",3,"acl1","6477_Z4__g004820--FGSG_12857..FSPOR_9247","13324..15349","no","6477_Z4_len2618018.region003"
"NRRL6477","6477_Z4_len2618018",3,"MRPL33","6477_Z4__g004821--FGSG_12858..FSPOR_9246","16248..16511","no","6477_Z4_len2618018.region003"
"NRRL6477","6477_Z4_len2618018",3,"EAF3_1","6477_Z4__g004822--FGSG_14036..FSPOR_9245","complement(16976..18098)","no","6477_Z4_len2618018.region003"
"NRRL6477","6477_Z4_len2618018",3,"EAF3_2","6477_Z4__g004823","complement(18564..19087)","no","6477_Z4_len2618018.region003"
"NRRL6477","6477_Z4_len2618018",3,"LYS2","6477_Z4__g004824--FGSG_06041..FSPOR_9244","20001..23821","no","6477_Z4_len2618018.region003"
"NRRL6477","6477_Z4_len2618018",3,"6477_Z4__g004825--FGSG_06042..FSPOR_9243","6477_Z4__g004825--FGSG_06042..FSPOR_9243","24315..24929","no","6477_Z4_len2618018.region003"
"NRRL6477","6477_Z4_len2618018",3,"6477_Z4__g004826--FGSG_06043..FSPOR_9242","6477_Z4__g004826--FGSG_06043..FSPOR_9242","complement(25102..26020)","no","6477_Z4_len2618018.region003"
"NRRL6477","6477_Z4_len2618018",3,"TAF12","6477_Z4__g004827--FGSG_06044..FSPOR_9241","27104..29243","no","6477_Z4_len2618018.region003"
"NRRL6477","6477_Z4_len2618018",3,"RPN3","6477_Z4__g004828--FGSG_06045..FSPOR_9240","30295..32149","no","6477_Z4_len2618018.region003"
"NRRL6477","6477_Z4_len2618018",3,"6477_Z4__g004829","6477_Z4__g004829","32726..32830","yes","6477_Z4_len2618018.region003"
"NRRL6477","6477_Z4_len2618018",3,"6477_Z4__g004830","6477_Z4__g004830","32982..33081","yes","6477_Z4_len2618018.region003"
"NRRL6477","6477_Z4_len2618018",3,"6477_Z4__g004831--FGSG_06046..FSPOR_9239","6477_Z4__g004831--FGSG_06046..FSPOR_9239","34166..36211","no","6477_Z4_len2618018.region003"
"NRRL6477","6477_Z4_len2618018",3,"SAS2","6477_Z4__g004832--FGSG_06047..FSPOR_9238","36928..38957","no","6477_Z4_len2618018.region003"
"NRRL6477","6477_Z4_len2618018",3,"6477_Z4__g004833--FGSG_06048..FSPOR_2306","6477_Z4__g004833--FGSG_06048..FSPOR_2306","41876..42499","no","6477_Z4_len2618018.region003"
"NRRL6477","6477_Z5_len2599593",1,"6477_Z5__g005202--FGSG_09169..FSPOR_162","6477_Z5__g005202--FGSG_09169..FSPOR_162","complement(173..1314)","no","6477_Z5_len2599593.region001"
"NRRL6477","6477_Z5_len2599593",1,"6477_Z5__g005203--FSPOR_161","6477_Z5__g005203--FSPOR_161","complement(1905..4567)","no","6477_Z5_len2599593.region001"
"NRRL6477","6477_Z5_len2599593",1,"6477_Z5__g005204--FGSG_09177..FSPOR_159","6477_Z5__g005204--FGSG_09177..FSPOR_159","9143..10170","no","6477_Z5_len2599593.region001"
"NRRL6477","6477_Z5_len2599593",1,"6477_Z5__g005205--FGSG_09178..FSPOR_158","6477_Z5__g005205--FGSG_09178..FSPOR_158","10970..13485","no","6477_Z5_len2599593.region001"
"NRRL6477","6477_Z5_len2599593",1,"6477_Z5__g005206--FGSG_09179..FSPOR_157","6477_Z5__g005206--FGSG_09179..FSPOR_157","14285..14845","no","6477_Z5_len2599593.region001"
"NRRL6477","6477_Z5_len2599593",1,"6477_Z5__g005207--FGSG_09180..FSPOR_156","6477_Z5__g005207--FGSG_09180..FSPOR_156","15471..17392","no","6477_Z5_len2599593.region001"
"NRRL6477","6477_Z5_len2599593",1,"6477_Z5__g005208--FGSG_09181..FSPOR_155","6477_Z5__g005208--FGSG_09181..FSPOR_155","17956..19632","no","6477_Z5_len2599593.region001"
"NRRL6477","6477_Z5_len2599593",1,"FSR1","6477_Z5__g005209--FGSG_09182..FSPOR_154","complement(20001..27140)","no","6477_Z5_len2599593.region001"
"NRRL6477","6477_Z5_len2599593",1,"FSR2","6477_Z5__g005210--FGSG_09183..FSPOR_153","27797..29024","no","6477_Z5_len2599593.region001"
"NRRL6477","6477_Z5_len2599593",1,"FSR3","6477_Z5__g005211--FGSG_09184..FSPOR_152","complement(29444..31136)","no","6477_Z5_len2599593.region001"
"NRRL6477","6477_Z5_len2599593",1,"6477_Z5__g005212--FGSG_09185..FSPOR_150","6477_Z5__g005212--FGSG_09185..FSPOR_150","complement(33921..35676)","no","6477_Z5_len2599593.region001"
"NRRL6477","6477_Z5_len2599593",1,"6477_Z5__g005213--FGSG_09186..FSPOR_149","6477_Z5__g005213--FGSG_09186..FSPOR_149","complement(36065..37192)","no","6477_Z5_len2599593.region001"
"NRRL6477","6477_Z5_len2599593",1,"FSR5","6477_Z5__g005214--FGSG_09187..FSPOR_148","complement(37949..38749)","no","6477_Z5_len2599593.region001"
"NRRL6477","6477_Z5_len2599593",1,"6477_Z5__g005215--FGSG_09188..FSPOR_147","6477_Z5__g005215--FGSG_09188..FSPOR_147","complement(39797..40915)","no","6477_Z5_len2599593.region001"
"NRRL6477","6477_Z5_len2599593",1,"6477_Z5__g005216--FGSG_09189..FSPOR_146","6477_Z5__g005216--FGSG_09189..FSPOR_146","42103..43315","no","6477_Z5_len2599593.region001"
"NRRL6477","6477_Z5_len2599593",1,"6477_Z5__g005217","6477_Z5__g005217","43804..44793","no","6477_Z5_len2599593.region001"
"NRRL6477","6477_Z5_len2599593",1,"6477_Z5__g005218","6477_Z5__g005218","45306..46019","no","6477_Z5_len2599593.region001"
"NRRL6477","6477_Z5_len2599593",2,"6477_Z5__g005414--FGSG_09379..FSPOR_6274","6477_Z5__g005414--FGSG_09379..FSPOR_6274","2900..5086","no","6477_Z5_len2599593.region002"
"NRRL6477","6477_Z5_len2599593",2,"6477_Z5__g005415--FGSG_09380..FSPOR_6273","6477_Z5__g005415--FGSG_09380..FSPOR_6273","complement(6145..7884)","no","6477_Z5_len2599593.region002"
"NRRL6477","6477_Z5_len2599593",2,"ERG6_2","6477_Z5__g005416--FGSG_09381..FSPOR_6272","10001..11546","no","6477_Z5_len2599593.region002"
"NRRL6477","6477_Z5_len2599593",2,"6477_Z5__g005417--FGSG_09382..FSPOR_6271","6477_Z5__g005417--FGSG_09382..FSPOR_6271","complement(12655..14155)","no","6477_Z5_len2599593.region002"
"NRRL6477","6477_Z5_len2599593",2,"6477_Z5__g005418--FGSG_09383..FSPOR_6270","6477_Z5__g005418--FGSG_09383..FSPOR_6270","18854..19593","no","6477_Z5_len2599593.region002"
"NRRL6477","6477_Z6_len2456035",1,"6477_Z6__g006279--FGSG_02333..FSPOR_6903","6477_Z6__g006279--FGSG_02333..FSPOR_6903","227..1456","no","6477_Z6_len2456035.region001"
"NRRL6477","6477_Z6_len2456035",1,"6477_Z6__g006280--FGSG_02332..FSPOR_6902","6477_Z6__g006280--FGSG_02332..FSPOR_6902","complement(2425..3438)","no","6477_Z6_len2456035.region001"
"NRRL6477","6477_Z6_len2456035",1,"AURL2","6477_Z6__g006281--FGSG_02330..FSPOR_6900","7267..9174","no","6477_Z6_len2456035.region001"
"NRRL6477","6477_Z6_len2456035",1,"6477_Z6__g006282--FGSG_02329..FSPOR_6899","6477_Z6__g006282--FGSG_02329..FSPOR_6899","complement(9445..10726)","no","6477_Z6_len2456035.region001"
"NRRL6477","6477_Z6_len2456035",1,"GIP1","6477_Z6__g006283--FGSG_02328..FSPOR_6898","11067..13286","no","6477_Z6_len2456035.region001"
"NRRL6477","6477_Z6_len2456035",1,"6477_Z6__g006284--FGSG_02327..FSPOR_6897","6477_Z6__g006284--FGSG_02327..FSPOR_6897","complement(13675..15476)","no","6477_Z6_len2456035.region001"
"NRRL6477","6477_Z6_len2456035",1,"6477_Z6__g006285--FGSG_02326..FSPOR_6896","6477_Z6__g006285--FGSG_02326..FSPOR_6896","15946..17377","no","6477_Z6_len2456035.region001"
"NRRL6477","6477_Z6_len2456035",1,"6477_Z6__g006286--FGSG_02325..FSPOR_6895","6477_Z6__g006286--FGSG_02325..FSPOR_6895","complement(17699..18212)","no","6477_Z6_len2456035.region001"
"NRRL6477","6477_Z6_len2456035",1,"PKS12","6477_Z6__g006287--FGSG_02324..FSPOR_6894","20001..25230","no","6477_Z6_len2456035.region001"
"NRRL6477","6477_Z6_len2456035",1,"AURR2","6477_Z6__g006288--FGSG_02323..FSPOR_6893","complement(25566..27778)","no","6477_Z6_len2456035.region001"
"NRRL6477","6477_Z6_len2456035",1,"6477_Z6__g006289--FGSG_02322..FSPOR_6892","6477_Z6__g006289--FGSG_02322..FSPOR_6892","28418..30117","no","6477_Z6_len2456035.region001"
"NRRL6477","6477_Z6_len2456035",1,"6477_Z6__g006290--FGSG_02321..FSPOR_6891","6477_Z6__g006290--FGSG_02321..FSPOR_6891","complement(30629..32128)","no","6477_Z6_len2456035.region001"
"NRRL6477","6477_Z6_len2456035",1,"AURR1","6477_Z6__g006291--FGSG_02320..FSPOR_6890","33538..34749","no","6477_Z6_len2456035.region001"
"NRRL6477","6477_Z6_len2456035",1,"6477_Z6__g006292--FGSG_02317..FSPOR_6889","6477_Z6__g006292--FGSG_02317..FSPOR_6889","complement(35581..36657)","no","6477_Z6_len2456035.region001"
"NRRL6477","6477_Z6_len2456035",1,"6477_Z6__g006293--FGSG_02316..FSPOR_6888","6477_Z6__g006293--FGSG_02316..FSPOR_6888","complement(37733..42683)","no","6477_Z6_len2456035.region001"
"NRRL6477","6477_Z6_len2456035",1,"6477_Z6__g006294--FGSG_02315..FSPOR_6887","6477_Z6__g006294--FGSG_02315..FSPOR_6887","45683..68419","no","6477_Z6_len2456035.region001"
"NRRL6477","6477_Z6_len2456035",1,"6477_Z6__g006295--FGSG_02314..FSPOR_6886","6477_Z6__g006295--FGSG_02314..FSPOR_6886","complement(68913..71393)","no","6477_Z6_len2456035.region001"
"NRRL6477","6477_Z6_len2456035",1,"6477_Z6__g006296--FSPOR_6885","6477_Z6__g006296--FSPOR_6885","complement(73216..75127)","no","6477_Z6_len2456035.region001"
"NRRL6477","6477_Z6_len2456035",1,"6477_Z6__g006297--FGSG_02313..FSPOR_6884","6477_Z6__g006297--FGSG_02313..FSPOR_6884","77195..77683","no","6477_Z6_len2456035.region001"
"NRRL6477","6477_Z6_len2456035",1,"6477_Z6__g006298--FGSG_02312..FSPOR_6883","6477_Z6__g006298--FGSG_02312..FSPOR_6883","complement(77773..79488)","no","6477_Z6_len2456035.region001"
"NRRL6477","6477_Z6_len2456035",1,"6477_Z6__g006299--FGSG_02311..FSPOR_6882","6477_Z6__g006299--FGSG_02311..FSPOR_6882","80701..82662","no","6477_Z6_len2456035.region001"
"NRRL6477","6477_Z6_len2456035",1,"6477_Z6__g006300--FGSG_02309..FSPOR_6881","6477_Z6__g006300--FGSG_02309..FSPOR_6881","complement(83148..83715)","no","6477_Z6_len2456035.region001"
"NRRL6477","6477_Z6_len2456035",1,"6477_Z6__g006301--FGSG_02308..FSPOR_6880","6477_Z6__g006301--FGSG_02308..FSPOR_6880","84798..86309","no","6477_Z6_len2456035.region001"
"NRRL6477","6477_Z6_len2456035",2,"6477_Z6__g006338--FGSG_02259..FSPOR_6832","6477_Z6__g006338--FGSG_02259..FSPOR_6832","complement(3272..4234)","no","6477_Z6_len2456035.region002"
"NRRL6477","6477_Z6_len2456035",2,"6477_Z6__g006339--FGSG_02258..FSPOR_6831","6477_Z6__g006339--FGSG_02258..FSPOR_6831","5004..6180","no","6477_Z6_len2456035.region002"
"NRRL6477","6477_Z6_len2456035",2,"6477_Z6__g006340--FGSG_12106..FSPOR_6830","6477_Z6__g006340--FGSG_12106..FSPOR_6830","7182..8902","no","6477_Z6_len2456035.region002"
"NRRL6477","6477_Z6_len2456035",2,"6477_Z6__g006341--FGSG_12105..FSPOR_6829","6477_Z6__g006341--FGSG_12105..FSPOR_6829","9410..10237","no","6477_Z6_len2456035.region002"
"NRRL6477","6477_Z6_len2456035",2,"6477_Z6__g006342--FGSG_02255..FSPOR_6828","6477_Z6__g006342--FGSG_02255..FSPOR_6828","11382..12105","no","6477_Z6_len2456035.region002"
"NRRL6477","6477_Z6_len2456035",2,"6477_Z6__g006343","6477_Z6__g006343","13596..13667","yes","6477_Z6_len2456035.region002"
"NRRL6477","6477_Z6_len2456035",2,"6477_Z6__g006344--FGSG_07754..FSPOR_6826","6477_Z6__g006344--FGSG_07754..FSPOR_6826","14240..15178","no","6477_Z6_len2456035.region002"
"NRRL6477","6477_Z6_len2456035",2,"6477_Z6__g006345--FGSG_02252..FSPOR_6825","6477_Z6__g006345--FGSG_02252..FSPOR_6825","complement(15759..17519)","no","6477_Z6_len2456035.region002"
"NRRL6477","6477_Z6_len2456035",2,"6477_Z6__g006346--FGSG_07755..FSPOR_6824","6477_Z6__g006346--FGSG_07755..FSPOR_6824","complement(18334..18831)","no","6477_Z6_len2456035.region002"
"NRRL6477","6477_Z6_len2456035",2,"6477_Z6__g006347--FGSG_02251..FSPOR_6823","6477_Z6__g006347--FGSG_02251..FSPOR_6823","complement(20001..23342)","no","6477_Z6_len2456035.region002"
"NRRL6477","6477_Z6_len2456035",2,"6477_Z6__g006348","6477_Z6__g006348","complement(23887..25414)","no","6477_Z6_len2456035.region002"
"NRRL6477","6477_Z6_len2456035",2,"6477_Z6__g006349--FGSG_02249..FSPOR_6822","6477_Z6__g006349--FGSG_02249..FSPOR_6822","26277..26987","no","6477_Z6_len2456035.region002"
"NRRL6477","6477_Z6_len2456035",2,"6477_Z6__g006350--FGSG_02248..FSPOR_6821","6477_Z6__g006350--FGSG_02248..FSPOR_6821","28153..30159","no","6477_Z6_len2456035.region002"
"NRRL6477","6477_Z6_len2456035",2,"6477_Z6__g006351--FGSG_02247..FSPOR_6820","6477_Z6__g006351--FGSG_02247..FSPOR_6820","complement(30524..31573)","no","6477_Z6_len2456035.region002"
"NRRL6477","6477_Z6_len2456035",2,"6477_Z6__g006352--FGSG_02245..FSPOR_6819","6477_Z6__g006352--FGSG_02245..FSPOR_6819","complement(32898..33869)","no","6477_Z6_len2456035.region002"
"NRRL6477","6477_Z6_len2456035",2,"6477_Z6__g006353--FGSG_02244..FSPOR_6818","6477_Z6__g006353--FGSG_02244..FSPOR_6818","complement(35012..37757)","no","6477_Z6_len2456035.region002"
"NRRL6477","6477_Z7_len2073932",1,"6477_Z7__g007298--FGSG_05333..FSPOR_3567","6477_Z7__g007298--FGSG_05333..FSPOR_3567","4146..4878","no","6477_Z7_len2073932.region001"
"NRRL6477","6477_Z7_len2073932",1,"6477_Z7__g007299--FGSG_05334..FSPOR_3568","6477_Z7__g007299--FGSG_05334..FSPOR_3568","5473..7256","no","6477_Z7_len2073932.region001"
"NRRL6477","6477_Z7_len2073932",1,"6477_Z7__g007300--FGSG_05335..FSPOR_3569","6477_Z7__g007300--FGSG_05335..FSPOR_3569","complement(7277..8498)","no","6477_Z7_len2073932.region001"
"NRRL6477","6477_Z7_len2073932",1,"MAK5","6477_Z7__g007301--FGSG_05336..FSPOR_3570","complement(9281..11677)","no","6477_Z7_len2073932.region001"
"NRRL6477","6477_Z7_len2073932",1,"6477_Z7__g007302--FGSG_05337..FSPOR_3571","6477_Z7__g007302--FGSG_05337..FSPOR_3571","complement(12367..18623)","no","6477_Z7_len2073932.region001"
"NRRL6477","6477_Z7_len2073932",1,"6477_Z7__g007303--FGSG_01680..FSPOR_3572","6477_Z7__g007303--FGSG_01680..FSPOR_3572","complement(20001..25053)","no","6477_Z7_len2073932.region001"
"NRRL6477","6477_Z7_len2073932",1,"6477_Z7__g007304--FGSG_01681..FSPOR_3573","6477_Z7__g007304--FGSG_01681..FSPOR_3573","25799..27836","no","6477_Z7_len2073932.region001"
"NRRL6477","6477_Z7_len2073932",1,"6477_Z7__g007305--FGSG_11984..FSPOR_3574","6477_Z7__g007305--FGSG_11984..FSPOR_3574","complement(27926..30704)","no","6477_Z7_len2073932.region001"
"NRRL6477","6477_Z7_len2073932",1,"6477_Z7__g007306--FGSG_11986..FSPOR_3576","6477_Z7__g007306--FGSG_11986..FSPOR_3576","complement(31512..33131)","no","6477_Z7_len2073932.region001"
"NRRL6477","6477_Z7_len2073932",1,"6477_Z7__g007307--FGSG_11987..FSPOR_3577","6477_Z7__g007307--FGSG_11987..FSPOR_3577","complement(34378..36166)","no","6477_Z7_len2073932.region001"
"NRRL6477","6477_Z7_len2073932",1,"6477_Z7__g007308","6477_Z7__g007308","37129..41208","no","6477_Z7_len2073932.region001"
"NRRL6477","6477_Z7_len2073932",1,"6477_Z7__g007309--FGSG_11988..FSPOR_3578","6477_Z7__g007309--FGSG_11988..FSPOR_3578","41721..46419","no","6477_Z7_len2073932.region001"
"NRRL6477","6477_Z7_len2073932",1,"6477_Z7__g007310--FGSG_05339..FSPOR_3580","6477_Z7__g007310--FGSG_05339..FSPOR_3580","complement(51253..51975)","no","6477_Z7_len2073932.region001"
"NRRL6477","6477_Z7_len2073932",1,"6477_Z7__g007311--FGSG_05340..FSPOR_382","6477_Z7__g007311--FGSG_05340..FSPOR_382","58363..60045","no","6477_Z7_len2073932.region001"
"NRRL6477","6477_Z7_len2073932",1,"6477_Z7__g007312--FGSG_05341..FSPOR_381","6477_Z7__g007312--FGSG_05341..FSPOR_381","complement(60691..61260)","no","6477_Z7_len2073932.region001"
"NRRL6477","6477_Z7_len2073932",1,"6477_Z7__g007313--FGSG_05342..FSPOR_380","6477_Z7__g007313--FGSG_05342..FSPOR_380","63585..64663","no","6477_Z7_len2073932.region001"
"NRRL6477","6477_Z7_len2073932",1,"6477_Z7__g007314--FGSG_05343..FSPOR_379","6477_Z7__g007314--FGSG_05343..FSPOR_379","complement(65001..66278)","no","6477_Z7_len2073932.region001"
"NRRL6477","6477_Z8_len1860651",1,"6477_Z8__g007693","6477_Z8__g007693","complement(114..826)","no","6477_Z8_len1860651.region001"
"NRRL6477","6477_Z8_len1860651",1,"6477_Z8__g007694","6477_Z8__g007694","complement(4459..4548)","yes","6477_Z8_len1860651.region001"
"NRRL6477","6477_Z8_len1860651",1,"6477_Z8__g007695--FSPOR_4338","6477_Z8__g007695--FSPOR_4338","8108..8701","no","6477_Z8_len1860651.region001"
"NRRL6477","6477_Z8_len1860651",1,"6477_Z8__g007696--FSPOR_4337","6477_Z8__g007696--FSPOR_4337","complement(11955..12708)","no","6477_Z8_len1860651.region001"
"NRRL6477","6477_Z8_len1860651",1,"6477_Z8__g007697--FGSG_11242..FSPOR_4336","6477_Z8__g007697--FGSG_11242..FSPOR_4336","14001..17365","no","6477_Z8_len1860651.region001"
"NRRL6477","6477_Z8_len1860651",1,"6477_Z8__g007698","6477_Z8__g007698","complement(18155..18724)","no","6477_Z8_len1860651.region001"
"NRRL6477","6477_Z8_len1860651",1,"6477_Z8__g007699--FGSG_09115..FSPOR_4333","6477_Z8__g007699--FGSG_09115..FSPOR_4333","20485..21657","no","6477_Z8_len1860651.region001"
"NRRL6477","6477_Z8_len1860651",1,"6477_Z8__g007700--FGSG_04501..FSPOR_4332","6477_Z8__g007700--FGSG_04501..FSPOR_4332","22046..24688","no","6477_Z8_len1860651.region001"
"NRRL6477","6477_Z8_len1860651",1,"6477_Z8__g007701--FGSG_04497..FSPOR_4331","6477_Z8__g007701--FGSG_04497..FSPOR_4331","complement(25306..27099)","no","6477_Z8_len1860651.region001"
"NRRL6477","6477_Z8_len1860651",1,"6477_Z8__g007702","6477_Z8__g007702","complement(27411..27857)","no","6477_Z8_len1860651.region001"
"NRRL6477","6477_Z8_len1860651",1,"6477_Z8__g007703--FGSG_09100..FSPOR_4330","6477_Z8__g007703--FGSG_09100..FSPOR_4330","complement(29236..29571)","no","6477_Z8_len1860651.region001"
"NRRL6477","6477_Z9_len1569118",1,"6477_Z9__g008293--FGSG_01662..FSPOR_4913","6477_Z9__g008293--FGSG_01662..FSPOR_4913","1969..3941","no","6477_Z9_len1569118.region001"
"NRRL6477","6477_Z9_len1569118",1,"6477_Z9__g008294","6477_Z9__g008294","7430..7501","yes","6477_Z9_len1569118.region001"
"NRRL6477","6477_Z9_len1569118",1,"PRO11","6477_Z9__g008295--FGSG_01665..FSPOR_4914","complement(7879..10468)","no","6477_Z9_len1569118.region001"
"NRRL6477","6477_Z9_len1569118",1,"6477_Z9__g008296--FGSG_01666..FSPOR_4915","6477_Z9__g008296--FGSG_01666..FSPOR_4915","complement(11233..12478)","no","6477_Z9_len1569118.region001"
"NRRL6477","6477_Z9_len1569118",1,"6477_Z9__g008297--FGSG_01667..FSPOR_4916","6477_Z9__g008297--FGSG_01667..FSPOR_4916","complement(12966..13688)","no","6477_Z9_len1569118.region001"
"NRRL6477","6477_Z9_len1569118",1,"6477_Z9__g008298--FGSG_01668..FSPOR_4917","6477_Z9__g008298--FGSG_01668..FSPOR_4917","15386..15712","no","6477_Z9_len1569118.region001"
"NRRL6477","6477_Z9_len1569118",1,"6477_Z9__g008299--FGSG_01669..FSPOR_4918","6477_Z9__g008299--FGSG_01669..FSPOR_4918","17819..18597","no","6477_Z9_len1569118.region001"
"NRRL6477","6477_Z9_len1569118",1,"6477_Z9__g008300--FGSG_01670..FSPOR_4919","6477_Z9__g008300--FGSG_01670..FSPOR_4919","19448..20046","no","6477_Z9_len1569118.region001"
"NRRL6477","6477_Z9_len1569118",1,"6477_Z9__g008301--FGSG_01671..FSPOR_4920","6477_Z9__g008301--FGSG_01671..FSPOR_4920","complement(21378..22394)","no","6477_Z9_len1569118.region001"
"NRRL6477","6477_Z9_len1569118",1,"NMT1_2","6477_Z9__g008302--FGSG_01672..FSPOR_4921","28050..29185","no","6477_Z9_len1569118.region001"
"NRRL6477","6477_Z9_len1569118",1,"6477_Z9__g008303--FGSG_01673..FSPOR_4922","6477_Z9__g008303--FGSG_01673..FSPOR_4922","complement(30001..31124)","no","6477_Z9_len1569118.region001"
"NRRL6477","6477_Z9_len1569118",1,"6477_Z9__g008304--FGSG_01674..FSPOR_4923","6477_Z9__g008304--FGSG_01674..FSPOR_4923","33228..34146","no","6477_Z9_len1569118.region001"
"NRRL6477","6477_Z9_len1569118",1,"6477_Z9__g008305--FGSG_01675..FSPOR_4924","6477_Z9__g008305--FGSG_01675..FSPOR_4924","complement(34787..36619)","no","6477_Z9_len1569118.region001"
"NRRL6477","6477_Z9_len1569118",1,"6477_Z9__g008306--FSPOR_4925","6477_Z9__g008306--FSPOR_4925","complement(40874..44161)","no","6477_Z9_len1569118.region001"
"NRRL6477","6477_Z9_len1569118",1,"6477_Z9__g008307--FSPOR_10442","6477_Z9__g008307--FSPOR_10442","45878..46742","no","6477_Z9_len1569118.region001"
"NRRL6477","6477_Z9_len1569118",1,"6477_Z9__g008308--FGSG_01688..FSPOR_10441","6477_Z9__g008308--FGSG_01688..FSPOR_10441","47134..47961","no","6477_Z9_len1569118.region001"
"NRRL6477","6477_Z9_len1569118",1,"6477_Z9__g008309--FGSG_01687..FSPOR_10440","6477_Z9__g008309--FGSG_01687..FSPOR_10440","complement(48118..49078)","no","6477_Z9_len1569118.region001"
"NRRL6477","6477_Z9_len1569118",1,"6477_Z9__g008310--FGSG_01686..FSPOR_10439","6477_Z9__g008310--FGSG_01686..FSPOR_10439","50226..51363","no","6477_Z9_len1569118.region001"
"NRRL6477","6477_Z9_len1569118",1,"6477_Z9__g008311--FGSG_01685..FSPOR_10438","6477_Z9__g008311--FGSG_01685..FSPOR_10438","complement(51758..53623)","no","6477_Z9_len1569118.region001"
"NRRL6477","6477_Z9_len1569118",1,"6477_Z9__g008312--FGSG_01689..FSPOR_10437","6477_Z9__g008312--FGSG_01689..FSPOR_10437","55286..55787","no","6477_Z9_len1569118.region001"
